Final Grade (%),Café Location,Study Time,Year in School,Hobbies,Primary Sport,Living Arrangement,Part-time Work Hours,Study Group Participation,Hours of Sleep per Night,Has a Tutor
96.99677718,Koerner's Pub,5+ hours,1st Year,Sports,Soccer,With Friends,15,Yes,5.4,Yes
94.62316841456384,Bean Around the World,5+ hours,4th Year,Gaming,Soccer,Alone,7,Yes,5.4,No
90.29815184960088,The Loop Café,5+ hours,2nd Year,Sports,None,Alone,6,No,5.6,Yes
86.76531611147213,Bean Around the World,5+ hours,1st Year,Reading,Basketball,Alone,10,No,7.8,No
93.49111656806797,Bean Around the World,5+ hours,4th Year,Reading,None,Alone,6,Yes,9,Yes
66.96742692710875,Ike's Café,<1 hour,4th Year,Gaming,Soccer,At Home,9,Yes,7.5,No
94.47596610013866,The Loop Café,5+ hours,4th Year,Sports,Basketball,Alone,19,No,7.1,Yes
68.17585900840984,The Loop Café,<1 hour,4th Year,Reading,Basketball,Alone,8,Yes,7.4,Yes
95.24776357659668,The Loop Café,5+ hours,2nd Year,Sports,Basketball,Alone,0,No,7.9,Yes
82.32382394219717,Bean Around the World,3–5 hours,4th Year,Music,None,Alone,10,No,5.3,Yes
81.58697032817163,Koerner's Pub,1–3 hours,2nd Year,Gaming,None,At Home,8,Yes,5.3,Yes
65.98799802,The Loop Café,<1 hour,3rd Year,Reading,None,At Home,8,No,8.3,No
100,Bean Around the World,5+ hours,1st Year,Gaming,Soccer,With Friends,16,No,6.7,No
81.55406090955216,Ike's Café,3–5 hours,4th Year,Sports,None,Alone,12,Yes,6.6,No
83.67981901582624,Koerner's Pub,1–3 hours,3rd Year,Gaming,None,Alone,10,No,5.1,No
65.98955391731324,Ike's Café,<1 hour,1st Year,Sports,None,With Friends,13,Yes,7.2,Yes
71.74290998192775,Koerner's Pub,1–3 hours,1st Year,Sports,Basketball,At Home,7,Yes,8.3,Yes
82.58057082972839,Bean Around the World,3–5 hours,1st Year,Music,Basketball,With Friends,15,No,6.4,No
63.39826346,AMS Nest,<1 hour,3rd Year,Gaming,Soccer,At Home,15,Yes,8,Yes
77.12082973200958,Koerner's Pub,1–3 hours,2nd Year,Sports,Basketball,With Friends,18,No,5.9,No
92.61417744,Ike's Café,5+ hours,3rd Year,Gaming,Soccer,With Friends,15,Yes,5.1,Yes
62.13149998030711,Bean Around the World,<1 hour,4th Year,Gaming,Basketball,Alone,4,No,7.1,Yes
74.87822703869509,Koerner's Pub,1–3 hours,4th Year,Gaming,Soccer,With Friends,12,No,7,No
95.71135179305932,AMS Nest,3–5 hours,3rd Year,Gaming,Soccer,At Home,15,Yes,6.6,Yes
93.63771585050355,AMS Nest,3–5 hours,1st Year,Reading,Basketball,At Home,2,Yes,6.8,Yes
67.18161834837016,The Loop Café,<1 hour,2nd Year,Sports,Basketball,With Friends,18,Yes,5.9,Yes
75.19001739,The Loop Café,1–3 hours,2nd Year,Gaming,None,At Home,5,Yes,5.6,No
65.60015663359131,Ike's Café,<1 hour,2nd Year,Reading,None,With Friends,4,No,7.1,Yes
68.06758986365209,Koerner's Pub,<1 hour,2nd Year,Reading,Soccer,Alone,6,No,7.3,No
69.88603717400797,Koerner's Pub,1–3 hours,1st Year,Music,Soccer,Alone,19,Yes,7.1,No
73.71311731288327,The Loop Café,1–3 hours,2nd Year,Music,Soccer,Alone,15,No,5.4,No
81.65707963061206,Koerner's Pub,5+ hours,1st Year,Gaming,Basketball,Alone,13,No,6.1,No
76.99611561302639,Koerner's Pub,1–3 hours,4th Year,Music,Basketball,With Friends,19,No,5.4,No
88.2359797,AMS Nest,3–5 hours,1st Year,Reading,None,At Home,9,Yes,6.1,Yes
62.58406768850313,The Loop Café,<1 hour,4th Year,Sports,Basketball,With Friends,12,No,5.5,Yes
72.86993381645016,Bean Around the World,<1 hour,2nd Year,Gaming,Soccer,At Home,15,No,5.2,Yes
78.87117168,The Loop Café,3–5 hours,3rd Year,Music,None,With Friends,18,No,5.9,Yes
67.6781256,Bean Around the World,1–3 hours,4th Year,Sports,Basketball,At Home,17,Yes,6.7,Yes
86.12225909279987,AMS Nest,3–5 hours,4th Year,Reading,Soccer,At Home,14,Yes,6.5,No
90.23549151306077,Ike's Café,3–5 hours,1st Year,Music,Basketball,With Friends,2,Yes,6.1,Yes
98.41963845728934,Koerner's Pub,5+ hours,3rd Year,Gaming,Basketball,Alone,2,Yes,5.8,Yes
82.70557869,AMS Nest,3–5 hours,4th Year,Music,Basketball,With Friends,8,No,7,No
70.39340416715648,Koerner's Pub,<1 hour,1st Year,Gaming,Soccer,Alone,16,Yes,5.4,Yes
84.80745765249647,Ike's Café,3–5 hours,2nd Year,Gaming,Soccer,With Friends,6,No,8.9,No
64.1368635,Ike's Café,<1 hour,4th Year,Music,Basketball,At Home,5,No,8.5,No
69.41829968743336,AMS Nest,<1 hour,2nd Year,Gaming,Soccer,Alone,15,Yes,6.5,Yes
68.26161439,Ike's Café,<1 hour,4th Year,Gaming,Basketball,At Home,18,No,6.3,Yes
67.11803921507875,Bean Around the World,1–3 hours,4th Year,Gaming,None,At Home,6,Yes,8.7,Yes
97.38270174862949,Ike's Café,5+ hours,3rd Year,Sports,Soccer,At Home,15,Yes,6.9,No
71.90045677073726,Koerner's Pub,<1 hour,4th Year,Gaming,Basketball,With Friends,16,Yes,5.9,No
61.87218649245235,Koerner's Pub,<1 hour,1st Year,Music,Basketball,At Home,14,No,6.6,No
76.97901766718705,Koerner's Pub,1–3 hours,2nd Year,Gaming,Basketball,With Friends,12,No,5,Yes
67.47015093,Koerner's Pub,<1 hour,2nd Year,Gaming,None,Alone,13,No,7.8,No
86.30336882911953,Bean Around the World,3–5 hours,2nd Year,Gaming,Soccer,At Home,0,No,8.1,No
82.24847423,The Loop Café,3–5 hours,4th Year,Sports,Basketball,Alone,12,Yes,5.7,Yes
86.64188316030975,AMS Nest,5+ hours,1st Year,Gaming,Basketball,Alone,3,No,6,Yes
64.87222964504278,Koerner's Pub,<1 hour,4th Year,Reading,Basketball,With Friends,10,No,8.3,No
80.86364509629682,Ike's Café,1–3 hours,3rd Year,Music,Soccer,Alone,16,Yes,8.7,Yes
87.71800077297216,Koerner's Pub,3–5 hours,1st Year,Music,None,With Friends,5,Yes,8,No
73.14692833956947,Ike's Café,1–3 hours,4th Year,Sports,None,With Friends,18,No,8.3,No
78.85849355324173,Ike's Café,1–3 hours,4th Year,Reading,Basketball,Alone,19,Yes,5.1,No
70.75728689684962,Koerner's Pub,3–5 hours,3rd Year,Music,Basketball,Alone,0,Yes,5.3,Yes
80.74382850186052,Bean Around the World,1–3 hours,4th Year,Reading,Soccer,Alone,7,No,8.5,Yes
76.30143111,Ike's Café,3–5 hours,3rd Year,Music,Basketball,With Friends,2,Yes,6,No
73.18779529298433,Ike's Café,1–3 hours,4th Year,Sports,None,With Friends,11,Yes,6.9,No
79.40165052686928,Koerner's Pub,3–5 hours,1st Year,Music,Soccer,Alone,7,No,7.5,No
58.52659262139547,Ike's Café,<1 hour,3rd Year,Sports,Soccer,With Friends,13,Yes,7.8,No
95.80413394,Ike's Café,5+ hours,1st Year,Sports,Basketball,Alone,9,No,6.7,Yes
82.66149399344054,Koerner's Pub,3–5 hours,1st Year,Gaming,None,With Friends,2,No,8.4,Yes
86.73251940865357,Koerner's Pub,3–5 hours,1st Year,Reading,Soccer,With Friends,2,No,6,Yes
89.76539710560408,AMS Nest,5+ hours,2nd Year,Sports,Soccer,At Home,3,No,7.4,Yes
87.38520414,Bean Around the World,3–5 hours,2nd Year,Reading,Basketball,At Home,19,No,8.4,Yes
85.38410945530127,Bean Around the World,3–5 hours,3rd Year,Music,None,Alone,3,No,8.5,No
68.58503887905715,Ike's Café,1–3 hours,1st Year,Reading,None,At Home,13,No,7.4,Yes
94.9813341,Bean Around the World,5+ hours,1st Year,Gaming,Soccer,With Friends,13,Yes,6.2,No
62.53121708419344,Ike's Café,<1 hour,2nd Year,Music,None,Alone,16,No,5.6,No
77.21709050670124,AMS Nest,3–5 hours,4th Year,Music,Basketball,At Home,12,No,6.3,No
87.85942419517043,Koerner's Pub,5+ hours,1st Year,Gaming,Basketball,Alone,16,Yes,8.1,No
82.50379895317155,Koerner's Pub,1–3 hours,2nd Year,Reading,Soccer,Alone,2,Yes,8.1,No
69.25110871056746,Koerner's Pub,<1 hour,3rd Year,Reading,Soccer,With Friends,11,No,7,No
88.25673933,Bean Around the World,5+ hours,3rd Year,Music,None,At Home,3,No,8.3,No
63.25371147840786,AMS Nest,<1 hour,4th Year,Music,Basketball,With Friends,4,Yes,6.6,No
63.39182474391309,Bean Around the World,<1 hour,1st Year,Gaming,None,Alone,13,No,8.3,Yes
75.38373992,Bean Around the World,<1 hour,2nd Year,Reading,None,Alone,8,No,7.2,Yes
86.90967726115777,AMS Nest,3–5 hours,2nd Year,Reading,Soccer,Alone,15,No,7.6,No
87.15020823595535,AMS Nest,3–5 hours,4th Year,Reading,Basketball,At Home,10,No,8.3,No
80.15141727015921,AMS Nest,1–3 hours,2nd Year,Gaming,Basketball,With Friends,7,Yes,5.5,No
76.19394579513256,AMS Nest,1–3 hours,2nd Year,Gaming,None,With Friends,3,No,8.6,No
88.70478927089648,Koerner's Pub,5+ hours,4th Year,Music,Basketball,At Home,6,No,5.5,Yes
74.01825075,The Loop Café,1–3 hours,3rd Year,Sports,Basketball,With Friends,17,Yes,8.5,Yes
64.64199370292968,The Loop Café,<1 hour,4th Year,Sports,None,With Friends,15,Yes,8.5,Yes
64.81388881745079,AMS Nest,<1 hour,4th Year,Music,Soccer,Alone,14,Yes,6.6,No
88.63814772,The Loop Café,3–5 hours,3rd Year,Music,Soccer,Alone,4,Yes,5.3,No
65.25972943,The Loop Café,<1 hour,3rd Year,Sports,Soccer,Alone,0,Yes,7.6,No
93.66320038607788,AMS Nest,5+ hours,4th Year,Music,None,At Home,1,Yes,7.8,Yes
64.59641709945708,The Loop Café,<1 hour,1st Year,Sports,Basketball,Alone,8,Yes,9,Yes
65.39317595158045,Bean Around the World,<1 hour,3rd Year,Reading,None,With Friends,6,No,8.7,Yes
80.00899657733946,Ike's Café,5+ hours,4th Year,Reading,None,At Home,12,Yes,5.3,No
79.58163837,Ike's Café,1–3 hours,2nd Year,Reading,Soccer,With Friends,18,Yes,6.2,Yes
76.73244237948997,AMS Nest,1–3 hours,1st Year,Reading,Basketball,At Home,11,Yes,6.9,No
94.99005054929826,Koerner's Pub,5+ hours,2nd Year,Gaming,Soccer,With Friends,18,No,5,No
70.51872310903155,AMS Nest,3–5 hours,3rd Year,Gaming,Basketball,At Home,7,Yes,7.3,No
75.44187352390364,Koerner's Pub,<1 hour,1st Year,Reading,Basketball,With Friends,4,No,6.4,Yes
89.30205185922414,Ike's Café,5+ hours,4th Year,Music,Soccer,Alone,1,Yes,7.8,No
70.54091408368758,AMS Nest,<1 hour,1st Year,Reading,Soccer,At Home,0,Yes,5.2,No
79.80047036437234,Bean Around the World,3–5 hours,3rd Year,Music,None,With Friends,3,No,8.4,Yes
68.06386952531285,The Loop Café,<1 hour,1st Year,Gaming,Basketball,With Friends,19,No,5.1,No
84.73292218413172,Koerner's Pub,5+ hours,4th Year,Sports,Basketball,With Friends,0,Yes,8.2,No
61.88115519652097,The Loop Café,<1 hour,4th Year,Gaming,Basketball,With Friends,2,Yes,6.9,No
84.57015676933393,The Loop Café,1–3 hours,1st Year,Sports,Basketball,Alone,11,Yes,7.2,No
84.04658799618326,AMS Nest,3–5 hours,4th Year,Music,Basketball,Alone,0,Yes,8.2,Yes
86.08716436589862,The Loop Café,3–5 hours,1st Year,Reading,None,At Home,6,No,8.4,No
89.35033865344377,Bean Around the World,3–5 hours,1st Year,Sports,Basketball,At Home,12,No,6.7,No
92.47840943986304,The Loop Café,5+ hours,1st Year,Sports,None,With Friends,7,Yes,8.8,No
85.75209452571788,AMS Nest,3–5 hours,1st Year,Reading,Soccer,At Home,8,Yes,8,Yes
76.82480501233113,Bean Around the World,1–3 hours,3rd Year,Music,None,With Friends,9,Yes,5.3,Yes
100,Ike's Café,5+ hours,4th Year,Reading,None,At Home,4,Yes,5.6,No
74.71190601483207,The Loop Café,1–3 hours,1st Year,Reading,None,At Home,0,No,7.2,No
66.00549523357483,AMS Nest,<1 hour,4th Year,Gaming,Soccer,With Friends,0,No,6.2,No
70.25327198003806,Ike's Café,<1 hour,3rd Year,Music,Basketball,Alone,5,Yes,6.7,Yes
70.52762966478991,Ike's Café,<1 hour,4th Year,Sports,None,With Friends,8,Yes,7,Yes
70.93515153,Koerner's Pub,<1 hour,4th Year,Reading,Soccer,Alone,12,Yes,5.2,No
78.19365111014592,Bean Around the World,1–3 hours,2nd Year,Gaming,None,At Home,6,Yes,8.9,No
84.28497543634758,The Loop Café,5+ hours,2nd Year,Sports,None,Alone,2,No,7.2,Yes
98.16715766150548,AMS Nest,5+ hours,2nd Year,Reading,Soccer,With Friends,14,No,6.8,No
79.26827303490656,Koerner's Pub,3–5 hours,1st Year,Reading,None,At Home,16,Yes,7.1,Yes
76.51317732619516,Bean Around the World,1–3 hours,2nd Year,Music,None,Alone,9,Yes,8.1,Yes
61.22862074990321,Koerner's Pub,<1 hour,2nd Year,Reading,Basketball,Alone,16,No,9,Yes
74.67930826703504,Bean Around the World,1–3 hours,2nd Year,Sports,Soccer,With Friends,18,Yes,5.8,No
86.64381205,Bean Around the World,3–5 hours,4th Year,Sports,None,At Home,13,Yes,8.1,Yes
86.60678607725137,The Loop Café,3–5 hours,1st Year,Gaming,Soccer,At Home,1,No,6.7,Yes
77.10960377117642,Bean Around the World,1–3 hours,4th Year,Reading,Soccer,Alone,10,Yes,5,No
83.06855634529323,Koerner's Pub,1–3 hours,2nd Year,Sports,Basketball,Alone,12,Yes,5.3,No
77.26767151,Bean Around the World,1–3 hours,3rd Year,Music,Basketball,Alone,4,No,8.5,Yes
88.77921682354676,The Loop Café,5+ hours,1st Year,Sports,Basketball,At Home,0,No,6.5,Yes
69.82043584144179,The Loop Café,<1 hour,2nd Year,Reading,None,Alone,1,Yes,6.6,Yes
80.94735244,Koerner's Pub,1–3 hours,3rd Year,Reading,None,Alone,8,Yes,8.5,Yes
68.86196092431504,Ike's Café,1–3 hours,1st Year,Music,None,At Home,18,Yes,8.4,Yes
77.98700034924929,Ike's Café,1–3 hours,3rd Year,Reading,None,At Home,2,Yes,5.1,Yes
88.50586371,Bean Around the World,3–5 hours,1st Year,Reading,None,With Friends,9,Yes,5,No
83.51218248320004,AMS Nest,3–5 hours,2nd Year,Music,None,At Home,18,Yes,6.4,Yes
96.87853407,Bean Around the World,5+ hours,4th Year,Sports,Soccer,At Home,16,No,8.8,Yes
64.24972206483737,Koerner's Pub,<1 hour,3rd Year,Reading,Soccer,With Friends,3,Yes,8.5,No
90.62788227,Koerner's Pub,5+ hours,3rd Year,Gaming,Basketball,At Home,3,Yes,8.6,No
64.13464087858065,Koerner's Pub,<1 hour,2nd Year,Reading,None,With Friends,18,No,7,Yes
85.07789523790734,Koerner's Pub,3–5 hours,1st Year,Reading,Soccer,At Home,0,Yes,7.4,Yes
79.51862457,Koerner's Pub,3–5 hours,4th Year,Music,Basketball,With Friends,19,Yes,8.4,No
77.79974558702853,The Loop Café,3–5 hours,2nd Year,Music,Basketball,Alone,3,No,7.8,No
97.97252531612486,Ike's Café,5+ hours,2nd Year,Music,Basketball,Alone,8,Yes,7,Yes
70.76519325840836,Koerner's Pub,1–3 hours,4th Year,Music,Basketball,Alone,13,Yes,6,No
70.04303825271846,AMS Nest,1–3 hours,1st Year,Reading,Soccer,With Friends,15,Yes,8.4,No
74.23304943198143,AMS Nest,3–5 hours,3rd Year,Gaming,Soccer,Alone,11,No,5.1,Yes
71.80519126,AMS Nest,1–3 hours,3rd Year,Sports,Soccer,At Home,16,No,7.1,No
68.38455103,AMS Nest,1–3 hours,4th Year,Gaming,Basketball,With Friends,6,Yes,7.7,Yes
98.21007580068184,The Loop Café,5+ hours,3rd Year,Gaming,Basketball,At Home,15,No,6.3,Yes
70.04908544671318,AMS Nest,<1 hour,4th Year,Music,None,At Home,0,Yes,8.3,Yes
81.55924827411138,Koerner's Pub,3–5 hours,4th Year,Reading,None,At Home,11,No,5.3,Yes
96.26217902672154,Bean Around the World,3–5 hours,4th Year,Reading,Basketball,With Friends,16,Yes,6.8,No
94.90882743495796,AMS Nest,5+ hours,3rd Year,Reading,Soccer,At Home,0,Yes,8.1,Yes
88.37584308245688,The Loop Café,5+ hours,2nd Year,Sports,Basketball,Alone,9,No,8.6,Yes
62.50297142563213,The Loop Café,1–3 hours,3rd Year,Gaming,None,With Friends,15,No,5.3,No
96.45471286295373,AMS Nest,3–5 hours,3rd Year,Sports,None,Alone,18,No,5.7,No
58.05213766618202,Bean Around the World,<1 hour,4th Year,Sports,Soccer,With Friends,17,No,6.8,Yes
81.77300626521554,AMS Nest,5+ hours,3rd Year,Gaming,Basketball,At Home,19,No,5.8,Yes
70.11285216,The Loop Café,<1 hour,4th Year,Sports,None,Alone,17,Yes,9,No
77.19876203169636,Ike's Café,<1 hour,4th Year,Music,Soccer,With Friends,6,No,8,Yes
91.92136409,Koerner's Pub,3–5 hours,3rd Year,Gaming,None,At Home,4,No,5.7,No
87.8195456,The Loop Café,3–5 hours,3rd Year,Gaming,Soccer,At Home,8,No,8.7,No
92.97377170832642,AMS Nest,5+ hours,4th Year,Gaming,None,With Friends,15,No,8.7,No
89.26707779390154,Koerner's Pub,3–5 hours,1st Year,Gaming,None,With Friends,4,Yes,7.3,No
88.79464294893383,AMS Nest,3–5 hours,2nd Year,Reading,Basketball,With Friends,14,Yes,5.5,No
86.40595711984687,AMS Nest,3–5 hours,3rd Year,Sports,Soccer,With Friends,7,No,8.4,No
65.52100551975938,Ike's Café,<1 hour,4th Year,Sports,Soccer,Alone,10,No,6.8,No
89.68703436,Koerner's Pub,5+ hours,3rd Year,Sports,None,With Friends,0,Yes,7.8,No
71.23017705566662,Koerner's Pub,1–3 hours,2nd Year,Gaming,Basketball,At Home,18,Yes,6.8,Yes
63.59662461566613,Ike's Café,<1 hour,3rd Year,Sports,None,Alone,12,Yes,6.7,Yes
76.53521592902307,The Loop Café,3–5 hours,2nd Year,Sports,None,At Home,9,Yes,7.8,No
64.50830186602624,AMS Nest,<1 hour,1st Year,Gaming,None,At Home,2,Yes,5.8,Yes
80.05704446424541,Bean Around the World,3–5 hours,3rd Year,Sports,Soccer,With Friends,18,Yes,7.6,Yes
79.48205341392115,AMS Nest,3–5 hours,3rd Year,Gaming,Basketball,Alone,1,No,7.8,Yes
65.89947076,AMS Nest,<1 hour,4th Year,Gaming,None,With Friends,8,No,5.8,No
96.96001143,The Loop Café,5+ hours,1st Year,Gaming,None,At Home,4,No,5.2,Yes
89.59158303001156,AMS Nest,3–5 hours,4th Year,Gaming,None,With Friends,6,Yes,8.5,No
82.14749698188412,Ike's Café,5+ hours,3rd Year,Music,Soccer,With Friends,13,No,5.8,Yes
70.05185931714831,Ike's Café,1–3 hours,4th Year,Sports,None,With Friends,9,No,6.4,No
89.70385593994108,Koerner's Pub,3–5 hours,1st Year,Sports,Soccer,With Friends,13,No,8.5,No
85.08756303230845,Bean Around the World,5+ hours,1st Year,Music,Soccer,With Friends,16,Yes,5.7,No
88.87683425001488,AMS Nest,5+ hours,3rd Year,Sports,Soccer,With Friends,13,Yes,8.5,Yes
77.75026049512276,AMS Nest,1–3 hours,1st Year,Reading,Soccer,Alone,4,Yes,5.2,No
85.15827772568183,The Loop Café,5+ hours,3rd Year,Music,Soccer,With Friends,0,No,7.1,Yes
90.52687753,Ike's Café,5+ hours,4th Year,Reading,Basketball,Alone,9,Yes,5.4,Yes
68.32987252540897,Bean Around the World,1–3 hours,3rd Year,Music,Soccer,With Friends,17,No,8.6,No
81.99316178024394,Koerner's Pub,3–5 hours,3rd Year,Music,Soccer,Alone,9,No,5.3,No
91.59890967071269,Ike's Café,5+ hours,4th Year,Music,None,At Home,19,No,6.4,No
82.03503133234166,Koerner's Pub,5+ hours,1st Year,Sports,Basketball,Alone,12,Yes,5.1,Yes
92.20237369,The Loop Café,5+ hours,1st Year,Sports,Basketball,Alone,9,Yes,7.9,Yes
64.90181101,The Loop Café,<1 hour,1st Year,Reading,None,At Home,5,No,5.8,Yes
77.76244977208574,AMS Nest,1–3 hours,2nd Year,Reading,Soccer,With Friends,18,No,5.9,No
66.11957067032331,Bean Around the World,<1 hour,3rd Year,Music,Basketball,With Friends,2,No,7.7,No
81.82070214986922,Koerner's Pub,1–3 hours,1st Year,Music,Soccer,Alone,12,No,7.7,No
85.62612251323954,Ike's Café,3–5 hours,2nd Year,Reading,None,With Friends,9,Yes,6.7,Yes
82.85297229437373,The Loop Café,3–5 hours,3rd Year,Reading,Basketball,With Friends,8,Yes,5.9,No
90.61148752,AMS Nest,5+ hours,4th Year,Music,Soccer,At Home,17,No,8.8,Yes
77.71649014518194,AMS Nest,1–3 hours,3rd Year,Music,Basketball,With Friends,15,Yes,8.5,No
85.24430035162852,Koerner's Pub,3–5 hours,3rd Year,Music,Basketball,With Friends,2,No,5.7,Yes
75.20295845601942,The Loop Café,1–3 hours,4th Year,Music,Soccer,Alone,19,Yes,8.4,No
81.49004156096622,Bean Around the World,3–5 hours,2nd Year,Reading,Soccer,With Friends,5,No,6.3,No
61.68549541224526,The Loop Café,<1 hour,1st Year,Gaming,Basketball,With Friends,2,No,6.9,Yes
77.98697364100153,Koerner's Pub,3–5 hours,1st Year,Reading,None,Alone,5,No,7.9,No
73.74788371593469,Koerner's Pub,<1 hour,1st Year,Reading,Basketball,Alone,13,No,7,No
78.78068382304357,The Loop Café,3–5 hours,4th Year,Gaming,None,Alone,11,Yes,8.5,Yes
86.53547401102047,Koerner's Pub,5+ hours,4th Year,Gaming,Basketball,With Friends,4,Yes,5.4,Yes
61.40796367215401,The Loop Café,<1 hour,1st Year,Sports,Soccer,With Friends,8,No,5.1,Yes
89.47462188472221,Ike's Café,3–5 hours,3rd Year,Sports,None,With Friends,18,Yes,7,Yes
88.52525160853986,The Loop Café,5+ hours,3rd Year,Reading,None,With Friends,19,No,6.1,No
71.23871036336867,The Loop Café,<1 hour,1st Year,Reading,Basketball,With Friends,2,Yes,5.7,No
86.63254687878066,Koerner's Pub,5+ hours,1st Year,Gaming,Basketball,With Friends,4,No,6.4,No
76.39497081111901,Koerner's Pub,1–3 hours,4th Year,Gaming,None,Alone,8,Yes,5.5,No
70.82326473370121,AMS Nest,1–3 hours,1st Year,Sports,Soccer,Alone,2,No,6.3,Yes
75.72574563886694,AMS Nest,<1 hour,2nd Year,Sports,None,With Friends,5,No,7.3,Yes
79.06200790485244,Ike's Café,3–5 hours,3rd Year,Gaming,None,At Home,1,No,8.5,No
66.54910355113513,AMS Nest,<1 hour,1st Year,Reading,Soccer,Alone,11,No,8.8,Yes
93.16888440466047,The Loop Café,5+ hours,1st Year,Music,Soccer,With Friends,16,No,5,No
87.06899549,Koerner's Pub,3–5 hours,4th Year,Gaming,Basketball,Alone,11,Yes,5.4,No
74.07356170561145,AMS Nest,1–3 hours,2nd Year,Music,Basketball,At Home,19,Yes,7.9,No
84.35089650133287,AMS Nest,3–5 hours,4th Year,Music,Basketball,Alone,6,No,8.5,No
75.21905735989554,Ike's Café,1–3 hours,1st Year,Reading,Soccer,Alone,9,No,7.6,No
84.26498999185756,Ike's Café,3–5 hours,3rd Year,Reading,None,Alone,5,Yes,6.4,No
89.81939558397455,The Loop Café,3–5 hours,2nd Year,Music,Soccer,Alone,3,No,5.8,No
96.05261500795676,Koerner's Pub,3–5 hours,2nd Year,Sports,Basketball,With Friends,11,No,8.5,Yes
87.21254107496082,Ike's Café,5+ hours,2nd Year,Reading,None,At Home,17,No,6.1,No
83.15098510210461,AMS Nest,5+ hours,4th Year,Sports,Basketball,With Friends,19,No,7.3,No
64.55858975824373,Koerner's Pub,<1 hour,1st Year,Gaming,None,Alone,8,No,8.7,Yes
77.89854669,Koerner's Pub,<1 hour,1st Year,Gaming,Soccer,Alone,11,Yes,5.9,Yes
70.98162716015135,AMS Nest,1–3 hours,1st Year,Music,Basketball,Alone,11,No,8.6,Yes
98.19558402722032,Ike's Café,5+ hours,2nd Year,Music,Soccer,At Home,14,Yes,7.7,Yes
83.38850407,AMS Nest,1–3 hours,2nd Year,Gaming,Soccer,At Home,9,No,7.2,No
62.23205879146003,Koerner's Pub,<1 hour,3rd Year,Gaming,Soccer,With Friends,16,Yes,7.6,Yes
77.84491539592638,Bean Around the World,1–3 hours,2nd Year,Music,None,Alone,13,No,5.8,Yes
73.14198311564269,Bean Around the World,<1 hour,1st Year,Gaming,Soccer,At Home,4,Yes,8.5,Yes
88.10436129506256,The Loop Café,5+ hours,1st Year,Reading,Soccer,Alone,5,Yes,7.8,No
83.98209819948819,AMS Nest,3–5 hours,2nd Year,Reading,None,With Friends,2,Yes,7.4,No
87.09159543025677,AMS Nest,5+ hours,3rd Year,Sports,Soccer,With Friends,19,No,6.3,No
69.92621634653567,The Loop Café,1–3 hours,2nd Year,Sports,Soccer,At Home,19,Yes,6,Yes
71.75361227466996,The Loop Café,1–3 hours,2nd Year,Music,Soccer,With Friends,9,Yes,8.8,No
83.88029866618872,The Loop Café,5+ hours,4th Year,Reading,None,At Home,5,Yes,6.4,No
90.17041734129612,Koerner's Pub,5+ hours,2nd Year,Music,None,Alone,2,Yes,8.6,Yes
61.15013384,AMS Nest,<1 hour,1st Year,Sports,Basketball,At Home,10,Yes,6.9,Yes
76.16892955895374,Koerner's Pub,1–3 hours,1st Year,Reading,Soccer,With Friends,4,Yes,5.6,Yes
67.22052176898187,The Loop Café,1–3 hours,1st Year,Reading,None,Alone,14,No,8.3,Yes
91.65440116107229,AMS Nest,5+ hours,4th Year,Sports,Soccer,With Friends,12,Yes,5.6,Yes
89.16764480804463,Koerner's Pub,3–5 hours,4th Year,Music,None,Alone,4,Yes,8.8,Yes
65.03132178714273,Koerner's Pub,1–3 hours,2nd Year,Sports,None,Alone,10,No,7.7,Yes
86.87028284923787,The Loop Café,3–5 hours,3rd Year,Sports,None,Alone,4,Yes,5,Yes
96.13834496236646,AMS Nest,5+ hours,2nd Year,Gaming,Basketball,Alone,1,No,7.3,No
83.95179490654397,The Loop Café,5+ hours,4th Year,Music,Soccer,With Friends,17,Yes,8,No
73.36286193418852,AMS Nest,<1 hour,2nd Year,Music,None,At Home,18,No,6.1,Yes
77.09509504683022,Bean Around the World,1–3 hours,4th Year,Gaming,Soccer,Alone,5,Yes,6.7,Yes
81.47494072120796,Ike's Café,3–5 hours,1st Year,Reading,None,With Friends,6,Yes,5.1,No
64.72115461171147,Ike's Café,<1 hour,1st Year,Sports,Soccer,With Friends,8,No,5.1,Yes
77.79163456,Ike's Café,1–3 hours,4th Year,Sports,Soccer,With Friends,8,Yes,5.9,Yes
65.38002695706206,The Loop Café,<1 hour,2nd Year,Music,None,At Home,13,Yes,8.5,Yes
92.69377996223184,Bean Around the World,5+ hours,3rd Year,Music,Soccer,With Friends,5,No,7.8,Yes
70.39663203460317,AMS Nest,1–3 hours,1st Year,Music,Basketball,With Friends,6,Yes,7.7,No
65.84680412,Koerner's Pub,<1 hour,3rd Year,Reading,Basketball,At Home,16,Yes,6.4,Yes
57.93142752,AMS Nest,<1 hour,4th Year,Reading,Soccer,With Friends,17,Yes,5.4,No
84.44386969,Koerner's Pub,3–5 hours,4th Year,Sports,Soccer,With Friends,19,Yes,8.6,Yes
60.48046179267605,AMS Nest,<1 hour,3rd Year,Gaming,None,At Home,7,Yes,7.9,No
71.32235028705117,Bean Around the World,1–3 hours,4th Year,Music,None,At Home,12,No,7.4,No
81.18046587605218,Koerner's Pub,1–3 hours,2nd Year,Gaming,Soccer,At Home,5,No,5.4,Yes
90.45655060297136,The Loop Café,3–5 hours,2nd Year,Sports,Soccer,Alone,7,No,7.5,No
78.04569060453588,AMS Nest,1–3 hours,2nd Year,Sports,Soccer,At Home,16,No,5.2,No
84.53843618,AMS Nest,5+ hours,4th Year,Gaming,Soccer,Alone,18,No,5.8,No
73.41795775152599,Koerner's Pub,1–3 hours,3rd Year,Music,Basketball,Alone,12,No,5.4,No
81.06548849989592,The Loop Café,1–3 hours,1st Year,Sports,Soccer,At Home,1,No,5.7,No
65.70858456819953,The Loop Café,<1 hour,1st Year,Sports,None,Alone,12,Yes,8,Yes
76.59664769990847,Bean Around the World,<1 hour,2nd Year,Music,Basketball,With Friends,5,No,7.3,Yes
76.96658919697185,The Loop Café,1–3 hours,1st Year,Sports,Soccer,With Friends,1,No,5.1,No
85.96024558245016,The Loop Café,3–5 hours,4th Year,Sports,None,At Home,17,Yes,6.5,No
63.45441768,The Loop Café,<1 hour,3rd Year,Gaming,Basketball,Alone,14,No,5.8,No
85.66770452391141,Ike's Café,3–5 hours,4th Year,Reading,Soccer,With Friends,16,No,8.7,Yes
74.23765081809728,Bean Around the World,1–3 hours,4th Year,Sports,Soccer,Alone,17,Yes,8.9,Yes
78.54054338344295,AMS Nest,1–3 hours,3rd Year,Sports,Soccer,Alone,19,Yes,8.5,Yes
94.78351158397292,Koerner's Pub,5+ hours,1st Year,Gaming,Soccer,With Friends,19,No,5.6,No
61.070052697460255,AMS Nest,<1 hour,3rd Year,Reading,Basketball,At Home,17,No,6.9,No
68.34383523,Bean Around the World,1–3 hours,4th Year,Reading,None,Alone,15,Yes,6.9,Yes
80.81897313448351,Koerner's Pub,5+ hours,3rd Year,Gaming,Soccer,With Friends,15,Yes,7.2,Yes
67.53995663456271,Bean Around the World,<1 hour,3rd Year,Sports,Basketball,At Home,7,Yes,7.5,No
69.48316696913064,The Loop Café,1–3 hours,2nd Year,Music,Basketball,Alone,12,Yes,5.4,Yes
64.23554703523759,Koerner's Pub,1–3 hours,2nd Year,Gaming,None,Alone,6,Yes,7,Yes
66.94289302265481,The Loop Café,<1 hour,4th Year,Gaming,Basketball,Alone,15,Yes,7.1,Yes
77.46499758716395,AMS Nest,<1 hour,4th Year,Reading,Basketball,Alone,15,Yes,8.7,No
64.96964544230053,AMS Nest,<1 hour,1st Year,Gaming,None,At Home,10,Yes,7.8,Yes
79.19245387225821,Koerner's Pub,1–3 hours,4th Year,Music,Basketball,Alone,16,Yes,6.1,Yes
75.40914679273783,Koerner's Pub,1–3 hours,1st Year,Gaming,Basketball,With Friends,14,No,8,No
89.50555173404429,Bean Around the World,5+ hours,1st Year,Gaming,None,With Friends,1,No,8,Yes
89.59538241493884,Bean Around the World,3–5 hours,3rd Year,Reading,Basketball,With Friends,12,Yes,8,No
63.548627279056745,The Loop Café,<1 hour,3rd Year,Music,None,At Home,11,No,8.8,No
76.33696157035952,Koerner's Pub,1–3 hours,4th Year,Music,Soccer,With Friends,14,Yes,8.2,No
76.60848903098007,AMS Nest,1–3 hours,2nd Year,Sports,Soccer,Alone,18,Yes,5.6,No
61.65954773178476,Bean Around the World,<1 hour,2nd Year,Reading,Soccer,Alone,2,Yes,8.5,Yes
89.96021174768262,Bean Around the World,3–5 hours,1st Year,Music,Soccer,With Friends,5,No,6.8,Yes
64.12520121652295,AMS Nest,<1 hour,4th Year,Music,Basketball,At Home,16,Yes,5.1,Yes
81.22127420253578,Bean Around the World,3–5 hours,1st Year,Gaming,Soccer,At Home,2,Yes,7.9,No
77.68254921785201,The Loop Café,1–3 hours,3rd Year,Sports,None,Alone,16,No,7.2,Yes
80.50766009104481,Koerner's Pub,3–5 hours,4th Year,Reading,None,Alone,11,No,5.2,No
90.14090578684564,AMS Nest,5+ hours,4th Year,Music,None,With Friends,1,No,5.6,Yes
74.95440501677898,Koerner's Pub,1–3 hours,2nd Year,Sports,None,At Home,13,No,5.2,No
95.42947782915788,Bean Around the World,5+ hours,4th Year,Reading,Soccer,With Friends,3,Yes,8.8,No
67.37349116439977,Bean Around the World,<1 hour,2nd Year,Gaming,None,Alone,8,No,6.3,No
64.87486520627428,AMS Nest,<1 hour,4th Year,Music,Soccer,Alone,6,Yes,5.4,Yes
69.08883149600143,The Loop Café,<1 hour,3rd Year,Sports,None,With Friends,10,Yes,6.7,No
91.95103774508657,Ike's Café,3–5 hours,1st Year,Reading,None,At Home,10,No,7.5,No
77.78905153175931,AMS Nest,1–3 hours,2nd Year,Music,Soccer,Alone,10,No,6.6,Yes
65.0517631,Ike's Café,<1 hour,2nd Year,Reading,Soccer,Alone,10,Yes,5.9,No
58.44081884,Ike's Café,<1 hour,4th Year,Gaming,Basketball,At Home,4,No,7.8,No
69.67443168462313,The Loop Café,1–3 hours,4th Year,Gaming,Basketball,Alone,3,No,8.8,Yes
63.47387647822666,Ike's Café,<1 hour,4th Year,Sports,Basketball,At Home,10,Yes,7.1,No
86.95243898920359,Ike's Café,5+ hours,2nd Year,Sports,None,At Home,0,No,6.8,Yes
74.06514348507277,The Loop Café,1–3 hours,2nd Year,Music,None,Alone,6,No,5.6,No
75.28324962448553,Ike's Café,1–3 hours,2nd Year,Sports,None,With Friends,7,Yes,6.9,Yes
77.64846377178365,Ike's Café,1–3 hours,4th Year,Music,Basketball,Alone,8,Yes,6.6,No
89.64750610970454,Ike's Café,5+ hours,4th Year,Reading,Basketball,Alone,4,No,7.1,Yes
77.43250821913101,AMS Nest,1–3 hours,3rd Year,Music,Basketball,Alone,15,No,5.9,No
90.32237207,AMS Nest,5+ hours,3rd Year,Gaming,None,Alone,16,Yes,8.2,No
65.12266716823065,AMS Nest,1–3 hours,3rd Year,Gaming,Soccer,With Friends,2,No,5.8,No
80.30332303090623,The Loop Café,3–5 hours,1st Year,Sports,Basketball,With Friends,7,Yes,6.5,Yes
64.27956222139193,Bean Around the World,<1 hour,4th Year,Gaming,Soccer,With Friends,15,No,6.9,No
78.95152628579446,Ike's Café,3–5 hours,4th Year,Music,None,At Home,7,No,5.8,Yes
67.99964364998102,Ike's Café,<1 hour,2nd Year,Reading,Basketball,With Friends,0,Yes,6.3,Yes
97.65375416171848,The Loop Café,5+ hours,3rd Year,Gaming,None,At Home,17,Yes,6.8,Yes
91.09380926,Ike's Café,3–5 hours,4th Year,Gaming,Soccer,Alone,1,No,5.5,No
73.93278564534896,AMS Nest,1–3 hours,2nd Year,Music,None,With Friends,7,No,6.1,No
72.45363068424976,Bean Around the World,<1 hour,4th Year,Music,None,With Friends,2,No,7,No
65.74333728601056,Koerner's Pub,<1 hour,4th Year,Music,Basketball,With Friends,0,No,7.9,Yes
83.31457014,Ike's Café,3–5 hours,2nd Year,Music,Soccer,With Friends,18,Yes,6.2,No
86.93298668229531,AMS Nest,5+ hours,2nd Year,Reading,Basketball,With Friends,13,Yes,6.9,Yes
83.48765156755935,Koerner's Pub,3–5 hours,2nd Year,Music,None,Alone,3,No,5.4,Yes
88.05911590729386,Bean Around the World,5+ hours,1st Year,Sports,None,With Friends,12,No,8.4,No
90.85208111187744,Koerner's Pub,5+ hours,3rd Year,Reading,Soccer,At Home,16,Yes,7.8,Yes
65.80286990524932,AMS Nest,<1 hour,3rd Year,Reading,None,At Home,16,Yes,6.9,Yes
85.01523010076707,Koerner's Pub,3–5 hours,1st Year,Sports,Basketball,With Friends,9,No,5,Yes
87.18469084873175,The Loop Café,3–5 hours,2nd Year,Gaming,Soccer,At Home,3,No,6.7,No
95.95323137,Koerner's Pub,5+ hours,2nd Year,Sports,None,With Friends,8,Yes,5.5,Yes
89.74777067720662,Ike's Café,3–5 hours,1st Year,Gaming,Basketball,Alone,9,Yes,6.2,No
67.57551015775049,Ike's Café,1–3 hours,4th Year,Music,Basketball,At Home,8,Yes,6.2,Yes
62.230394325490224,The Loop Café,1–3 hours,1st Year,Gaming,Soccer,With Friends,5,Yes,8.6,Yes
89.67159955619637,AMS Nest,3–5 hours,1st Year,Sports,None,At Home,14,Yes,7.5,No
78.16560650792289,Ike's Café,3–5 hours,4th Year,Reading,Basketball,With Friends,15,No,5.6,Yes
88.87617299053659,Bean Around the World,5+ hours,3rd Year,Sports,Soccer,At Home,8,No,7.9,Yes
69.14943487,Ike's Café,1–3 hours,2nd Year,Music,Basketball,Alone,17,No,7.6,No
65.99009781,Ike's Café,1–3 hours,3rd Year,Music,None,At Home,18,No,8.2,No
67.70731364102394,AMS Nest,<1 hour,2nd Year,Music,Basketball,At Home,12,No,7.9,Yes
93.79577580151324,Koerner's Pub,5+ hours,3rd Year,Sports,None,At Home,18,Yes,8.5,Yes
62.117448,Ike's Café,<1 hour,1st Year,Music,Basketball,At Home,5,Yes,5.2,Yes
62.04478853927545,The Loop Café,1–3 hours,3rd Year,Gaming,None,With Friends,10,Yes,7.4,Yes
87.26877775873758,Koerner's Pub,5+ hours,1st Year,Music,Basketball,Alone,1,Yes,5.4,Yes
86.95902002701273,Bean Around the World,3–5 hours,2nd Year,Reading,Basketball,Alone,14,No,5.2,Yes
82.60544215612936,AMS Nest,5+ hours,2nd Year,Music,Soccer,At Home,7,No,7.2,No
85.91679959889578,Bean Around the World,3–5 hours,2nd Year,Gaming,None,At Home,3,Yes,6.8,Yes
84.92345075413502,Koerner's Pub,3–5 hours,1st Year,Sports,Basketball,Alone,1,Yes,5.6,No
92.89645749800545,Koerner's Pub,5+ hours,4th Year,Reading,Soccer,Alone,8,No,6.1,No
85.59790184207077,Koerner's Pub,3–5 hours,1st Year,Sports,Basketball,Alone,15,No,7.6,Yes
60.13465529559223,Bean Around the World,<1 hour,4th Year,Gaming,Soccer,Alone,8,Yes,8.7,No
80.98285750832245,Koerner's Pub,1–3 hours,1st Year,Sports,Basketball,At Home,3,No,6.3,Yes
84.20735213486515,Bean Around the World,3–5 hours,1st Year,Gaming,Soccer,Alone,14,No,6.9,No
64.86347730245033,Koerner's Pub,<1 hour,1st Year,Gaming,None,At Home,16,No,5.1,Yes
80.33366020463401,The Loop Café,3–5 hours,1st Year,Gaming,Basketball,At Home,5,No,7.3,Yes
72.78358874404245,Koerner's Pub,1–3 hours,2nd Year,Music,None,Alone,16,No,6.7,No
60.575986429865495,Bean Around the World,<1 hour,4th Year,Gaming,None,With Friends,19,Yes,8.9,No
74.13526970038288,Ike's Café,1–3 hours,4th Year,Music,Soccer,At Home,6,Yes,7.4,Yes
83.55854240071172,Koerner's Pub,1–3 hours,1st Year,Music,None,Alone,2,No,5.9,No
58.140494285343216,Ike's Café,<1 hour,4th Year,Sports,Soccer,At Home,18,No,6.8,Yes
56.932193010616295,The Loop Café,<1 hour,3rd Year,Sports,Soccer,With Friends,14,Yes,6.5,Yes
72.35585163746805,AMS Nest,<1 hour,3rd Year,Gaming,Soccer,Alone,1,No,5.5,No
88.95338161424067,The Loop Café,5+ hours,2nd Year,Sports,Soccer,At Home,9,Yes,8.9,No
61.65463630670042,Koerner's Pub,<1 hour,2nd Year,Reading,Soccer,With Friends,0,Yes,5.3,Yes
70.19952343698039,Ike's Café,<1 hour,2nd Year,Sports,Basketball,With Friends,7,Yes,5.4,Yes
61.97192230131568,Ike's Café,<1 hour,3rd Year,Gaming,Basketball,At Home,0,Yes,7.7,Yes
74.13004856773468,Bean Around the World,<1 hour,2nd Year,Sports,None,Alone,8,No,8.6,Yes
88.38962935669635,Ike's Café,3–5 hours,2nd Year,Sports,Basketball,Alone,4,Yes,7,Yes
87.56044295927148,Bean Around the World,5+ hours,1st Year,Gaming,Soccer,At Home,14,Yes,6.1,Yes
85.78654106632752,AMS Nest,1–3 hours,2nd Year,Music,Soccer,With Friends,16,No,5.2,Yes
61.971425384983306,Koerner's Pub,<1 hour,3rd Year,Sports,Basketball,With Friends,19,Yes,6.4,No
88.71047686004654,Bean Around the World,3–5 hours,2nd Year,Music,None,With Friends,18,Yes,7.6,Yes
86.49646290203246,AMS Nest,3–5 hours,2nd Year,Sports,None,With Friends,6,No,6.8,Yes
91.50870644699398,Ike's Café,3–5 hours,1st Year,Music,Basketball,At Home,19,Yes,6.8,Yes
82.80755598363426,Ike's Café,1–3 hours,1st Year,Sports,Soccer,With Friends,16,No,7.5,Yes
65.16002074532884,AMS Nest,<1 hour,2nd Year,Sports,Soccer,At Home,18,No,7.9,No
86.23291064826908,Ike's Café,5+ hours,2nd Year,Music,None,Alone,9,No,7.6,Yes
92.29986071469558,AMS Nest,5+ hours,3rd Year,Gaming,Basketball,Alone,2,No,8.9,No
81.61142315123946,Bean Around the World,3–5 hours,4th Year,Sports,Soccer,With Friends,10,Yes,8.2,No
85.06693623763312,Bean Around the World,1–3 hours,4th Year,Reading,None,With Friends,12,Yes,8.4,No
75.68267665541369,AMS Nest,1–3 hours,2nd Year,Sports,None,With Friends,12,Yes,5,No
73.17339224343945,Bean Around the World,1–3 hours,4th Year,Reading,Basketball,Alone,12,Yes,9,No
90.92340152932454,Bean Around the World,5+ hours,4th Year,Reading,None,At Home,6,Yes,5.1,No
78.26436855235151,Bean Around the World,3–5 hours,4th Year,Reading,Soccer,At Home,10,No,7.2,No
60.14192980744674,The Loop Café,<1 hour,3rd Year,Music,None,At Home,3,No,6,No
96.00206953972211,Koerner's Pub,5+ hours,3rd Year,Sports,None,With Friends,2,No,7.3,No
81.71552860514302,Ike's Café,3–5 hours,2nd Year,Gaming,None,At Home,2,No,7,Yes
79.76544509,The Loop Café,3–5 hours,3rd Year,Music,Basketball,With Friends,4,Yes,8,Yes
67.68326376263643,Bean Around the World,<1 hour,4th Year,Music,Soccer,Alone,11,No,6.6,No
70.92852077331499,AMS Nest,<1 hour,3rd Year,Gaming,None,At Home,0,No,5.1,No
68.59476655332533,Bean Around the World,<1 hour,1st Year,Sports,Basketball,With Friends,11,Yes,5.1,No
79.98023842902909,Koerner's Pub,1–3 hours,4th Year,Gaming,None,At Home,18,Yes,8.6,Yes
61.21602455715269,Bean Around the World,<1 hour,4th Year,Gaming,Soccer,Alone,0,Yes,7.6,Yes
77.89094666629079,AMS Nest,3–5 hours,2nd Year,Music,None,At Home,15,Yes,8.8,No
72.50666825977743,Koerner's Pub,<1 hour,2nd Year,Reading,Basketball,At Home,19,No,7.8,No
83.38660080578933,Bean Around the World,3–5 hours,2nd Year,Sports,None,Alone,11,Yes,5.1,Yes
88.74583491772476,Koerner's Pub,5+ hours,3rd Year,Music,None,With Friends,5,No,6,No
81.64097071,Ike's Café,1–3 hours,2nd Year,Sports,None,With Friends,17,Yes,7.2,Yes
92.78115005,Ike's Café,5+ hours,2nd Year,Music,Basketball,With Friends,0,No,8.2,Yes
92.27943886040804,Bean Around the World,5+ hours,2nd Year,Gaming,None,At Home,10,No,8.4,No
95.82501172450542,Koerner's Pub,3–5 hours,3rd Year,Sports,None,At Home,5,Yes,7.4,Yes
86.78240884809928,AMS Nest,5+ hours,1st Year,Music,Basketball,With Friends,10,Yes,6,Yes
89.63920064040619,Bean Around the World,3–5 hours,4th Year,Sports,Basketball,With Friends,10,No,8.3,Yes
65.28506562448543,Ike's Café,<1 hour,2nd Year,Reading,Soccer,At Home,0,No,7.4,Yes
66.34296139431629,Ike's Café,<1 hour,1st Year,Reading,Basketball,With Friends,1,Yes,6.4,No
92.64234213206264,Bean Around the World,3–5 hours,4th Year,Sports,None,With Friends,18,No,8.6,Yes
67.53917878144811,Koerner's Pub,<1 hour,2nd Year,Sports,None,At Home,12,No,8.4,No
77.69148039524816,Ike's Café,1–3 hours,2nd Year,Sports,Basketball,Alone,7,No,7.3,Yes
95.36253669,Koerner's Pub,5+ hours,3rd Year,Sports,Soccer,At Home,3,No,6.9,No
73.17523635228558,Ike's Café,1–3 hours,1st Year,Music,Basketball,With Friends,10,Yes,8.2,Yes
85.80395166330497,Ike's Café,5+ hours,3rd Year,Gaming,Soccer,With Friends,0,Yes,8.3,Yes
59.775954029894834,The Loop Café,<1 hour,4th Year,Music,Basketball,Alone,9,No,6.1,Yes
65.16821705311999,Ike's Café,1–3 hours,1st Year,Reading,Soccer,Alone,5,No,5.7,No
75.28103564970161,AMS Nest,<1 hour,3rd Year,Reading,Soccer,At Home,18,Yes,6.4,No
84.48395817139158,Bean Around the World,5+ hours,1st Year,Music,None,Alone,5,Yes,7.6,Yes
83.89373188207114,Bean Around the World,3–5 hours,3rd Year,Reading,Soccer,With Friends,9,No,6.7,No
83.6159335,Koerner's Pub,3–5 hours,1st Year,Music,None,With Friends,10,No,6.5,Yes
76.53703349,Ike's Café,1–3 hours,1st Year,Reading,Basketball,With Friends,11,No,5.7,Yes
69.07868606269648,AMS Nest,<1 hour,4th Year,Gaming,Basketball,With Friends,11,Yes,8.5,Yes
69.30236744179872,Koerner's Pub,<1 hour,4th Year,Sports,Basketball,Alone,0,Yes,6.5,Yes
72.08461280715531,The Loop Café,1–3 hours,4th Year,Reading,Basketball,With Friends,3,No,5.4,No
84.16439143106794,Koerner's Pub,3–5 hours,1st Year,Music,Basketball,With Friends,7,Yes,7.2,Yes
91.41289975,Koerner's Pub,5+ hours,1st Year,Sports,None,With Friends,0,No,5.8,No
73.75654436908226,Ike's Café,1–3 hours,4th Year,Music,Basketball,At Home,0,Yes,5.4,Yes
98.03672788009996,The Loop Café,5+ hours,2nd Year,Sports,Soccer,At Home,13,No,6.4,Yes
87.45487475819125,Koerner's Pub,3–5 hours,4th Year,Sports,None,With Friends,1,No,7.8,No
68.67438893024908,AMS Nest,<1 hour,3rd Year,Sports,Soccer,Alone,11,No,6.9,No
88.31440634333707,AMS Nest,3–5 hours,4th Year,Gaming,None,Alone,11,Yes,6.1,No
80.86736928742663,Bean Around the World,1–3 hours,1st Year,Reading,Soccer,At Home,0,No,5.8,Yes
65.90510779351854,The Loop Café,<1 hour,4th Year,Music,None,At Home,11,No,6.7,Yes
68.51584026022077,The Loop Café,1–3 hours,1st Year,Reading,Basketball,Alone,0,No,5.3,Yes
76.99843975876321,Bean Around the World,1–3 hours,4th Year,Gaming,None,At Home,14,Yes,6.5,No
81.74321553104086,Koerner's Pub,3–5 hours,4th Year,Music,None,At Home,5,Yes,5.9,Yes
72.35691659125122,The Loop Café,1–3 hours,2nd Year,Gaming,Soccer,With Friends,12,No,7.3,No
87.93182009377547,AMS Nest,3–5 hours,3rd Year,Sports,None,Alone,1,Yes,7.9,Yes
71.19141535716818,AMS Nest,<1 hour,2nd Year,Music,None,With Friends,0,Yes,5.8,No
85.10635788,Ike's Café,3–5 hours,1st Year,Reading,Basketball,At Home,19,No,7.4,Yes
66.54416506299482,The Loop Café,<1 hour,1st Year,Sports,Soccer,At Home,10,No,5.6,Yes
93.51107472,Koerner's Pub,3–5 hours,4th Year,Music,None,At Home,17,No,5.7,No
91.20376589744284,Bean Around the World,5+ hours,1st Year,Sports,Soccer,At Home,14,Yes,7.3,Yes
100,Bean Around the World,5+ hours,4th Year,Sports,None,Alone,0,No,6,Yes
77.82754822815772,Koerner's Pub,1–3 hours,1st Year,Gaming,None,Alone,17,Yes,7.2,No
76.19618620422091,Ike's Café,3–5 hours,1st Year,Music,Soccer,Alone,16,No,6.5,Yes
88.76670810552267,Bean Around the World,3–5 hours,2nd Year,Gaming,Basketball,Alone,8,No,8.2,No
66.90579192441389,The Loop Café,<1 hour,1st Year,Music,None,With Friends,9,Yes,8.6,No
81.44876377041373,Ike's Café,1–3 hours,3rd Year,Gaming,None,With Friends,17,Yes,5.2,Yes
88.36590675634979,The Loop Café,3–5 hours,3rd Year,Reading,None,With Friends,15,No,5.7,Yes
74.30772008008113,AMS Nest,1–3 hours,3rd Year,Music,Soccer,At Home,0,No,5.9,No
83.87850881855317,Ike's Café,5+ hours,1st Year,Reading,Basketball,Alone,8,No,8.9,No
83.95488371356987,Bean Around the World,3–5 hours,1st Year,Music,None,Alone,0,No,6,Yes
80.74739773,Ike's Café,3–5 hours,3rd Year,Music,None,Alone,19,Yes,7.6,Yes
72.09738275097638,Ike's Café,1–3 hours,1st Year,Reading,None,With Friends,6,No,5.3,Yes
87.94289202210305,Ike's Café,3–5 hours,3rd Year,Gaming,Soccer,At Home,3,No,5.4,No
83.34952252175702,Ike's Café,1–3 hours,4th Year,Reading,Soccer,At Home,15,Yes,7.1,No
86.97335765,The Loop Café,3–5 hours,3rd Year,Reading,Soccer,At Home,18,Yes,6.9,No
59.02058468982408,AMS Nest,<1 hour,4th Year,Music,Soccer,With Friends,15,No,8.9,Yes
77.22301334110071,Koerner's Pub,1–3 hours,4th Year,Gaming,Basketball,Alone,8,Yes,6,No
90.98315743322826,Ike's Café,3–5 hours,1st Year,Sports,Soccer,With Friends,13,Yes,8.8,Yes
86.95108547840309,Bean Around the World,5+ hours,2nd Year,Gaming,Soccer,Alone,8,Yes,8,Yes
84.32991417,Ike's Café,3–5 hours,2nd Year,Reading,None,At Home,9,No,7.5,Yes
90.07344097,Bean Around the World,5+ hours,2nd Year,Sports,Soccer,Alone,15,No,8.6,Yes
86.07550843,The Loop Café,5+ hours,1st Year,Reading,Basketball,At Home,1,No,7.7,No
68.24140217,Bean Around the World,<1 hour,1st Year,Sports,Basketball,At Home,4,Yes,8.5,Yes
74.39525926,Koerner's Pub,1–3 hours,4th Year,Gaming,None,At Home,10,No,7.1,No
87.09766221953514,AMS Nest,3–5 hours,4th Year,Reading,Basketball,Alone,18,Yes,7,No
60.56253911,Bean Around the World,<1 hour,2nd Year,Music,Soccer,With Friends,11,No,8.8,Yes
82.81270849838295,Bean Around the World,3–5 hours,4th Year,Sports,Soccer,At Home,6,No,6.8,No
93.61190678913886,AMS Nest,5+ hours,1st Year,Sports,Basketball,Alone,6,No,6.5,No
73.13583423954117,Koerner's Pub,1–3 hours,4th Year,Sports,Basketball,At Home,16,Yes,5.6,Yes
93.63481925616702,Ike's Café,3–5 hours,1st Year,Sports,Soccer,Alone,17,Yes,6.3,No
83.00181907192699,Bean Around the World,3–5 hours,2nd Year,Sports,None,With Friends,18,No,5.6,Yes
91.12342362875944,AMS Nest,5+ hours,3rd Year,Music,Soccer,At Home,17,No,6.7,Yes
89.66295415936546,The Loop Café,3–5 hours,3rd Year,Reading,None,At Home,17,No,6,Yes
77.90817133533484,AMS Nest,3–5 hours,1st Year,Music,None,At Home,7,Yes,7.4,No
81.19595594009613,The Loop Café,5+ hours,3rd Year,Gaming,Basketball,With Friends,8,Yes,6.1,Yes
57.37171842714952,Koerner's Pub,<1 hour,2nd Year,Reading,None,Alone,4,No,8.8,No
96.31292051713592,Ike's Café,5+ hours,4th Year,Music,Soccer,At Home,15,No,7.7,No
62.24070927053776,AMS Nest,<1 hour,4th Year,Reading,Soccer,At Home,4,No,6,No
87.79099642834126,Bean Around the World,1–3 hours,4th Year,Gaming,Basketball,With Friends,15,No,7.7,No
62.17876200671306,Koerner's Pub,<1 hour,2nd Year,Music,None,Alone,6,No,8.5,Yes
65.92275651598518,AMS Nest,<1 hour,3rd Year,Gaming,Soccer,With Friends,2,Yes,7.5,Yes
82.71054976283938,Bean Around the World,1–3 hours,2nd Year,Sports,None,With Friends,1,No,5.7,No
75.03046444079561,AMS Nest,<1 hour,3rd Year,Reading,Soccer,At Home,6,Yes,5.3,No
100,The Loop Café,5+ hours,4th Year,Reading,Soccer,Alone,2,Yes,6.7,Yes
71.04183115296571,AMS Nest,<1 hour,3rd Year,Music,Soccer,At Home,17,No,5.7,No
80.12031262905731,AMS Nest,1–3 hours,2nd Year,Gaming,Soccer,At Home,3,No,8.9,Yes
92.96263474600592,AMS Nest,5+ hours,3rd Year,Reading,Basketball,With Friends,12,No,5.2,Yes
78.89180538083319,Koerner's Pub,1–3 hours,4th Year,Sports,Basketball,With Friends,17,No,7.5,No
72.24407141835734,AMS Nest,1–3 hours,4th Year,Sports,None,At Home,18,No,6.8,No
80.90900558288847,Bean Around the World,3–5 hours,1st Year,Gaming,None,With Friends,1,Yes,5.2,Yes
84.98312771294523,The Loop Café,3–5 hours,1st Year,Gaming,Basketball,With Friends,14,Yes,5.6,Yes
74.14907688737536,The Loop Café,1–3 hours,3rd Year,Music,Soccer,Alone,11,No,8.9,No
72.73385975336362,AMS Nest,1–3 hours,2nd Year,Gaming,None,At Home,6,Yes,7.2,Yes
78.48193723728357,Koerner's Pub,1–3 hours,4th Year,Sports,None,At Home,2,Yes,6.6,No
89.77652604285255,Koerner's Pub,3–5 hours,2nd Year,Sports,Basketball,Alone,10,No,8.4,Yes
85.44203443145923,Bean Around the World,3–5 hours,3rd Year,Reading,None,With Friends,1,Yes,5.1,Yes
72.38765041,AMS Nest,<1 hour,3rd Year,Sports,Basketball,Alone,9,Yes,8.2,No
59.29155442933248,The Loop Café,<1 hour,2nd Year,Sports,Soccer,Alone,17,Yes,8.9,Yes
74.03170270360141,Koerner's Pub,1–3 hours,1st Year,Reading,None,Alone,2,Yes,8.5,No
86.41588839698598,AMS Nest,5+ hours,3rd Year,Music,Soccer,With Friends,6,No,7.3,Yes
80.66731691,Koerner's Pub,5+ hours,4th Year,Gaming,Soccer,Alone,12,No,7.7,No
84.58659657,Koerner's Pub,3–5 hours,1st Year,Reading,Basketball,At Home,3,No,5.7,No
84.39126245808359,The Loop Café,3–5 hours,3rd Year,Reading,Soccer,With Friends,2,No,8.3,No
92.56724871621066,Ike's Café,3–5 hours,1st Year,Music,Basketball,Alone,8,No,6.6,No
78.15405842277389,Bean Around the World,1–3 hours,4th Year,Gaming,Basketball,Alone,16,Yes,6.5,Yes
84.87906587835397,Bean Around the World,5+ hours,3rd Year,Gaming,None,Alone,5,No,7.8,Yes
74.27046283167094,The Loop Café,<1 hour,2nd Year,Gaming,Soccer,Alone,1,Yes,6.8,Yes
81.10516847762676,Koerner's Pub,1–3 hours,3rd Year,Reading,Basketball,Alone,9,Yes,7.7,Yes
67.91048851734308,AMS Nest,<1 hour,2nd Year,Sports,None,Alone,14,No,5.3,Yes
63.86757950575084,Koerner's Pub,<1 hour,1st Year,Sports,Basketball,At Home,19,No,7.8,Yes
70.20280382,The Loop Café,1–3 hours,2nd Year,Reading,Soccer,With Friends,8,No,8.3,Yes
63.138966119644735,Bean Around the World,<1 hour,2nd Year,Sports,Soccer,At Home,9,No,6.1,Yes
95.44374309852093,Koerner's Pub,5+ hours,3rd Year,Music,None,Alone,3,No,6.5,Yes
74.42293152967305,Bean Around the World,<1 hour,3rd Year,Sports,None,Alone,14,Yes,5.6,Yes
97.71621764136094,AMS Nest,5+ hours,4th Year,Reading,None,Alone,11,Yes,8.5,Yes
87.55575289106864,Bean Around the World,5+ hours,1st Year,Sports,None,At Home,5,Yes,8,Yes
84.40191283355495,Bean Around the World,5+ hours,2nd Year,Music,None,Alone,6,No,5.8,Yes
85.70443123455603,Ike's Café,3–5 hours,1st Year,Sports,Soccer,At Home,16,Yes,8.2,Yes
56.157803172185744,Ike's Café,<1 hour,4th Year,Sports,None,With Friends,19,No,6.3,Yes
76.61583857092391,Ike's Café,1–3 hours,1st Year,Music,None,At Home,16,Yes,7.7,No
74.26198706850666,Bean Around the World,1–3 hours,1st Year,Gaming,None,At Home,11,No,7.5,Yes
62.66981749065879,The Loop Café,<1 hour,3rd Year,Music,None,With Friends,18,Yes,7.2,Yes
77.02648466366603,Bean Around the World,3–5 hours,1st Year,Sports,Soccer,Alone,4,No,5.2,No
87.56800053284859,The Loop Café,3–5 hours,4th Year,Gaming,Soccer,At Home,14,No,6.5,Yes
87.33649580169045,The Loop Café,5+ hours,2nd Year,Gaming,Basketball,With Friends,8,Yes,6.5,Yes
59.15041582144856,Ike's Café,<1 hour,1st Year,Reading,None,At Home,5,Yes,6.3,Yes
50.63868893359175,Koerner's Pub,<1 hour,4th Year,Reading,None,At Home,17,No,5.5,No
74.86242547474681,AMS Nest,1–3 hours,3rd Year,Music,Soccer,With Friends,15,Yes,5.7,Yes
73.86125798334872,Ike's Café,<1 hour,2nd Year,Music,Soccer,At Home,8,Yes,8,Yes
93.30629607273934,Ike's Café,3–5 hours,4th Year,Music,Soccer,With Friends,13,Yes,5,Yes
62.71451871706864,Koerner's Pub,<1 hour,1st Year,Sports,None,At Home,7,Yes,7.1,No
71.9889397,AMS Nest,1–3 hours,2nd Year,Music,Basketball,Alone,18,No,8.9,No
92.34387128037513,Bean Around the World,5+ hours,3rd Year,Reading,Basketball,With Friends,0,Yes,8.5,Yes
70.00807280405854,Bean Around the World,1–3 hours,1st Year,Music,Soccer,Alone,3,No,7,Yes
76.50895949909733,Ike's Café,1–3 hours,1st Year,Gaming,Soccer,At Home,7,Yes,8.9,Yes
93.83040139192344,AMS Nest,5+ hours,1st Year,Reading,Soccer,Alone,17,No,8.3,No
81.13466611942154,Ike's Café,1–3 hours,3rd Year,Gaming,Soccer,With Friends,3,Yes,7.5,Yes
74.49922961760024,The Loop Café,1–3 hours,2nd Year,Sports,Basketball,At Home,16,Yes,5.8,No
63.98163124911517,Ike's Café,<1 hour,4th Year,Music,Basketball,With Friends,7,No,6.9,No
60.61008707,Ike's Café,<1 hour,1st Year,Reading,Soccer,At Home,15,Yes,8.6,Yes
85.86559823,Bean Around the World,5+ hours,1st Year,Gaming,Basketball,Alone,15,Yes,7,Yes
63.86760554049236,Bean Around the World,<1 hour,1st Year,Reading,Soccer,Alone,11,No,5.2,No
66.83682753,Bean Around the World,<1 hour,1st Year,Gaming,Basketball,With Friends,4,No,7.7,Yes
79.56792313116625,The Loop Café,1–3 hours,2nd Year,Reading,None,With Friends,16,No,6.2,Yes
80.98410524659828,Bean Around the World,3–5 hours,4th Year,Gaming,None,At Home,11,No,5.7,Yes
72.46344284479761,AMS Nest,<1 hour,3rd Year,Sports,Basketball,With Friends,7,No,6.9,Yes
83.64438199478715,Koerner's Pub,3–5 hours,3rd Year,Gaming,Soccer,With Friends,2,No,7.2,Yes
64.89316352825782,AMS Nest,<1 hour,2nd Year,Gaming,Basketball,Alone,18,Yes,6.8,No
61.263941604260886,AMS Nest,<1 hour,1st Year,Reading,Soccer,With Friends,9,Yes,7.2,No
77.8787987,Bean Around the World,5+ hours,2nd Year,Gaming,Soccer,With Friends,3,Yes,5.8,No
94.42022698180524,Koerner's Pub,5+ hours,2nd Year,Gaming,Soccer,At Home,2,Yes,7.7,No
93.68421948546217,Koerner's Pub,5+ hours,2nd Year,Music,Soccer,Alone,9,Yes,6.5,Yes
83.59336221440893,Koerner's Pub,3–5 hours,4th Year,Gaming,Basketball,Alone,13,Yes,8.7,No
75.33495358612436,The Loop Café,1–3 hours,4th Year,Music,Basketball,At Home,11,Yes,6.7,Yes
67.57969608852049,Bean Around the World,<1 hour,2nd Year,Reading,None,Alone,19,No,6.5,Yes
57.18727071556729,Koerner's Pub,<1 hour,2nd Year,Gaming,Soccer,At Home,10,Yes,8.5,No
62.35473661326853,The Loop Café,<1 hour,4th Year,Sports,None,At Home,15,No,7.6,No
88.97132339810913,Ike's Café,3–5 hours,2nd Year,Reading,Basketball,With Friends,14,Yes,8.5,No
83.72855288415376,Ike's Café,5+ hours,4th Year,Sports,Basketball,With Friends,10,No,6,No
76.46778966083315,The Loop Café,1–3 hours,4th Year,Music,Soccer,At Home,8,Yes,5.2,No
78.21709097688297,The Loop Café,3–5 hours,3rd Year,Music,Basketball,With Friends,19,Yes,5.8,Yes
92.33214991216764,Bean Around the World,5+ hours,3rd Year,Sports,Soccer,With Friends,7,Yes,6.3,No
84.82179258851258,Bean Around the World,3–5 hours,4th Year,Sports,None,Alone,11,No,6.1,Yes
66.92434092047245,Ike's Café,1–3 hours,2nd Year,Sports,Soccer,Alone,4,Yes,5.1,Yes
95.82369677228586,Koerner's Pub,5+ hours,2nd Year,Reading,Basketball,With Friends,6,Yes,6.6,Yes
81.32704211600975,Ike's Café,3–5 hours,2nd Year,Sports,Basketball,At Home,14,No,5.1,No
70.94873781,Koerner's Pub,1–3 hours,3rd Year,Gaming,Basketball,At Home,14,Yes,7.1,Yes
66.00284598615471,Koerner's Pub,<1 hour,1st Year,Reading,None,With Friends,9,Yes,7.7,Yes
80.74318674714358,Bean Around the World,1–3 hours,4th Year,Music,Soccer,With Friends,14,Yes,7.5,No
59.92089090510802,AMS Nest,<1 hour,1st Year,Sports,None,At Home,14,Yes,8.6,Yes
85.30839924923986,AMS Nest,3–5 hours,1st Year,Music,Basketball,Alone,13,Yes,8.6,No
92.14408250165286,The Loop Café,5+ hours,2nd Year,Gaming,Soccer,Alone,1,No,8.2,Yes
93.46552803631572,Bean Around the World,5+ hours,1st Year,Sports,None,At Home,10,Yes,8.5,No
85.88220777638612,Koerner's Pub,3–5 hours,2nd Year,Music,Soccer,With Friends,1,Yes,7.3,No
88.16486080458338,AMS Nest,5+ hours,1st Year,Gaming,Basketball,Alone,15,Yes,6.1,No
85.8620489,Koerner's Pub,5+ hours,4th Year,Sports,None,At Home,7,Yes,8,Yes
65.43071941523188,AMS Nest,<1 hour,3rd Year,Gaming,Soccer,With Friends,17,No,8.4,Yes
79.63930494007197,AMS Nest,3–5 hours,3rd Year,Sports,Soccer,With Friends,18,No,6,No
60.39324758252697,AMS Nest,1–3 hours,2nd Year,Gaming,Basketball,Alone,7,No,5.7,No
67.18279902078834,Bean Around the World,<1 hour,1st Year,Music,Basketball,With Friends,15,Yes,7.7,Yes
89.51967420543097,Ike's Café,3–5 hours,1st Year,Reading,Basketball,At Home,13,No,5.8,No
53.185337822290805,Koerner's Pub,<1 hour,1st Year,Sports,None,At Home,0,No,7.5,No
69.95134647645031,Bean Around the World,1–3 hours,1st Year,Sports,None,At Home,7,Yes,7.2,Yes
78.09577130502599,Bean Around the World,1–3 hours,1st Year,Reading,Soccer,At Home,15,Yes,6.3,Yes
95.28747735,Bean Around the World,3–5 hours,4th Year,Music,Soccer,With Friends,5,No,7.7,Yes
75.10396853837705,Bean Around the World,1–3 hours,3rd Year,Sports,None,At Home,3,Yes,7.9,Yes
61.35998529385433,Bean Around the World,<1 hour,2nd Year,Reading,Soccer,Alone,13,No,6.7,Yes
74.08551779,The Loop Café,1–3 hours,1st Year,Reading,None,With Friends,19,No,6.4,No
71.87438209574093,Koerner's Pub,<1 hour,3rd Year,Music,Soccer,With Friends,14,No,7.7,No
61.77017910437732,Bean Around the World,<1 hour,4th Year,Reading,None,With Friends,2,No,8.1,No
71.00403996674873,Koerner's Pub,1–3 hours,4th Year,Sports,Soccer,At Home,16,Yes,5.4,No
82.58628238908983,The Loop Café,3–5 hours,4th Year,Music,Soccer,With Friends,10,Yes,7.5,No
85.23335695870644,The Loop Café,5+ hours,4th Year,Gaming,None,At Home,1,Yes,5.1,No
75.61335157997398,Koerner's Pub,1–3 hours,1st Year,Gaming,Basketball,At Home,10,Yes,5.5,No
73.12339229,AMS Nest,<1 hour,3rd Year,Sports,None,With Friends,11,No,7.6,No
66.61539636558014,Ike's Café,<1 hour,2nd Year,Reading,None,With Friends,8,No,9,No
73.73823248936856,AMS Nest,1–3 hours,1st Year,Music,Basketball,At Home,0,No,7.6,Yes
83.54094365542228,AMS Nest,3–5 hours,4th Year,Gaming,Soccer,With Friends,7,No,7.1,No
77.18404595651671,AMS Nest,3–5 hours,4th Year,Music,Basketball,With Friends,14,No,6.4,No
69.41554889,Bean Around the World,<1 hour,4th Year,Sports,Basketball,At Home,7,No,7.5,Yes
64.61081401,The Loop Café,<1 hour,4th Year,Sports,Basketball,At Home,18,Yes,5.3,No
84.09760043204687,AMS Nest,3–5 hours,1st Year,Music,Soccer,With Friends,18,No,5.9,No
100,The Loop Café,5+ hours,3rd Year,Music,None,At Home,2,No,7.9,Yes
76.49376454182843,Koerner's Pub,1–3 hours,2nd Year,Sports,Basketball,At Home,13,Yes,7.6,Yes
61.24104474952408,Ike's Café,<1 hour,3rd Year,Sports,Soccer,Alone,8,Yes,7.9,Yes
62.86821201897229,Koerner's Pub,<1 hour,3rd Year,Reading,Soccer,With Friends,17,No,8.6,Yes
90.74222854598378,Koerner's Pub,3–5 hours,2nd Year,Gaming,None,With Friends,5,Yes,6.9,Yes
75.56635205268883,Bean Around the World,1–3 hours,4th Year,Reading,None,With Friends,19,No,6.1,Yes
77.80861010841316,Ike's Café,3–5 hours,4th Year,Music,Basketball,With Friends,13,Yes,6.9,No
79.59614467287602,Koerner's Pub,1–3 hours,1st Year,Gaming,Soccer,With Friends,1,Yes,7.3,No
71.65927957230502,Koerner's Pub,1–3 hours,1st Year,Reading,None,At Home,9,Yes,8.8,No
84.36648888108773,Ike's Café,1–3 hours,3rd Year,Gaming,Basketball,With Friends,8,Yes,6.6,No
70.40024032857325,Ike's Café,<1 hour,2nd Year,Reading,Soccer,With Friends,16,Yes,7.6,No
87.76339052170624,Koerner's Pub,5+ hours,2nd Year,Music,Soccer,Alone,3,Yes,5.4,No
91.40508180867556,Ike's Café,3–5 hours,1st Year,Sports,None,At Home,2,Yes,5,Yes
90.33927755,Koerner's Pub,5+ hours,4th Year,Gaming,Soccer,With Friends,10,Yes,7.6,No
89.26386838,Koerner's Pub,3–5 hours,1st Year,Music,Soccer,With Friends,6,Yes,6.5,Yes
77.42366408647237,Bean Around the World,1–3 hours,3rd Year,Music,None,With Friends,0,No,8.7,Yes
60.76821672504563,AMS Nest,<1 hour,1st Year,Sports,Soccer,With Friends,18,No,7.6,No
86.78225084,Koerner's Pub,5+ hours,4th Year,Sports,Soccer,At Home,11,No,8.4,Yes
70.14980409,The Loop Café,<1 hour,2nd Year,Sports,Basketball,Alone,12,Yes,5.7,Yes
83.32612334,AMS Nest,3–5 hours,3rd Year,Gaming,Soccer,Alone,11,No,8,Yes
62.981757683790015,AMS Nest,<1 hour,4th Year,Sports,None,With Friends,14,Yes,6.9,No
60.22438710325324,AMS Nest,<1 hour,3rd Year,Gaming,Soccer,Alone,8,Yes,5.4,No
92.11799532796732,Bean Around the World,5+ hours,2nd Year,Sports,None,Alone,1,Yes,6.1,Yes
85.31262459621573,Koerner's Pub,1–3 hours,1st Year,Reading,None,Alone,18,Yes,7.9,No
59.66233542872864,Bean Around the World,<1 hour,1st Year,Reading,Soccer,Alone,14,No,7.1,No
75.12109728,Koerner's Pub,1–3 hours,2nd Year,Music,None,Alone,19,Yes,8.6,Yes
92.06110277707714,Bean Around the World,3–5 hours,1st Year,Reading,Basketball,At Home,19,Yes,6.7,No
64.60179304377142,Bean Around the World,<1 hour,1st Year,Sports,None,At Home,17,No,7.1,Yes
92.26185898124866,The Loop Café,5+ hours,3rd Year,Gaming,Basketball,At Home,15,Yes,7.1,No
79.68803236,Bean Around the World,3–5 hours,1st Year,Gaming,None,Alone,5,No,6.4,No
87.14153548603824,Ike's Café,3–5 hours,1st Year,Sports,Soccer,At Home,8,Yes,6.2,Yes
89.06427867497726,The Loop Café,5+ hours,2nd Year,Gaming,None,Alone,11,Yes,8.6,Yes
69.92864997839932,Bean Around the World,<1 hour,4th Year,Music,None,Alone,10,Yes,5.4,Yes
70.93693025782376,AMS Nest,<1 hour,2nd Year,Reading,None,At Home,17,Yes,8.5,No
97.94781821009308,Ike's Café,3–5 hours,2nd Year,Sports,Basketball,With Friends,4,Yes,8.7,Yes
67.89816586606788,Ike's Café,<1 hour,2nd Year,Reading,Basketball,Alone,16,No,8.7,No
76.62898158291084,Ike's Café,1–3 hours,2nd Year,Reading,Basketball,Alone,0,Yes,7,No
90.97192150788668,The Loop Café,5+ hours,4th Year,Sports,Basketball,At Home,13,No,7.5,No
73.23416853594655,Bean Around the World,1–3 hours,2nd Year,Sports,Basketball,Alone,13,No,5.2,No
66.69241921730845,Bean Around the World,<1 hour,3rd Year,Reading,Soccer,Alone,19,No,5.8,Yes
83.52299294930485,AMS Nest,3–5 hours,1st Year,Sports,None,Alone,17,No,5.7,Yes
90.84230488134808,AMS Nest,5+ hours,3rd Year,Reading,None,At Home,3,No,7.8,Yes
71.58798768,Ike's Café,<1 hour,1st Year,Reading,Soccer,With Friends,10,No,8.5,Yes
59.96728717,AMS Nest,<1 hour,4th Year,Reading,Soccer,With Friends,13,Yes,5.8,No
90.69939280564525,The Loop Café,3–5 hours,4th Year,Sports,Soccer,At Home,12,No,6.6,Yes
91.58557533669932,Bean Around the World,3–5 hours,2nd Year,Sports,Soccer,Alone,15,Yes,9,Yes
74.40965736504461,Ike's Café,1–3 hours,4th Year,Music,Basketball,With Friends,0,Yes,5.7,No
79.39072550495703,AMS Nest,5+ hours,1st Year,Reading,None,At Home,0,Yes,6.2,Yes
86.96089006452783,The Loop Café,5+ hours,4th Year,Reading,Soccer,At Home,16,No,6.1,Yes
91.48497273280556,The Loop Café,3–5 hours,3rd Year,Reading,Soccer,Alone,0,Yes,5.3,Yes
74.88565968850558,AMS Nest,1–3 hours,1st Year,Music,None,Alone,18,Yes,8.4,No
85.00348883852544,Bean Around the World,5+ hours,4th Year,Reading,Soccer,At Home,9,No,8.8,Yes
82.47612539385891,AMS Nest,3–5 hours,4th Year,Music,Basketball,At Home,15,No,7.4,Yes
69.20310013252276,Ike's Café,<1 hour,4th Year,Music,Basketball,At Home,16,No,8.1,Yes
92.73366784100688,AMS Nest,5+ hours,1st Year,Sports,Basketball,With Friends,7,Yes,6.6,No
73.80533950415153,The Loop Café,1–3 hours,2nd Year,Music,Soccer,Alone,5,No,7.8,No
73.16587794092656,AMS Nest,1–3 hours,4th Year,Sports,None,At Home,0,No,7.4,Yes
73.04120925,Bean Around the World,1–3 hours,4th Year,Gaming,Soccer,Alone,6,No,5.9,Yes
60.387949077507486,Koerner's Pub,<1 hour,3rd Year,Reading,None,With Friends,2,Yes,7.7,No
98.07687845,AMS Nest,5+ hours,2nd Year,Gaming,Basketball,At Home,12,Yes,5.3,Yes
88.38839765,Bean Around the World,5+ hours,4th Year,Reading,Basketball,Alone,18,No,6.1,Yes
71.08579260412748,Bean Around the World,<1 hour,4th Year,Music,None,With Friends,15,No,6.5,No
97.60658025961226,The Loop Café,5+ hours,2nd Year,Sports,Soccer,At Home,11,Yes,8.4,Yes
69.99155449,Bean Around the World,<1 hour,2nd Year,Music,Soccer,Alone,5,Yes,6.8,Yes
62.84189843640976,Bean Around the World,<1 hour,1st Year,Reading,Soccer,At Home,3,No,7.2,Yes
67.01865045168304,Bean Around the World,<1 hour,1st Year,Reading,Basketball,Alone,15,Yes,7.3,Yes
74.87902196804542,Bean Around the World,1–3 hours,4th Year,Music,Soccer,Alone,3,Yes,8.8,No
85.48149069634935,Ike's Café,5+ hours,3rd Year,Reading,None,With Friends,6,No,7.7,Yes
66.62179640860802,Ike's Café,<1 hour,1st Year,Reading,Soccer,With Friends,8,No,8,Yes
84.10480104420098,The Loop Café,5+ hours,1st Year,Gaming,Soccer,With Friends,19,Yes,8,No
80.93839694230782,AMS Nest,1–3 hours,4th Year,Music,None,With Friends,12,Yes,7,Yes
62.67691351350803,Bean Around the World,<1 hour,3rd Year,Gaming,None,With Friends,17,No,7.5,No
86.00579828,AMS Nest,3–5 hours,2nd Year,Music,Basketball,Alone,14,No,8.1,Yes
76.41643935773071,AMS Nest,1–3 hours,3rd Year,Gaming,Basketball,With Friends,9,Yes,6.2,Yes
83.70547513147962,The Loop Café,3–5 hours,4th Year,Sports,Soccer,Alone,17,No,8.2,Yes
92.93346900737636,Bean Around the World,5+ hours,3rd Year,Reading,Soccer,Alone,4,No,5.2,No
87.62548171688738,Bean Around the World,5+ hours,4th Year,Reading,Basketball,At Home,19,Yes,8.3,Yes
79.35648648728622,Koerner's Pub,1–3 hours,4th Year,Music,Soccer,Alone,14,No,5,No
83.27010159876626,AMS Nest,5+ hours,1st Year,Music,Soccer,Alone,8,No,5.1,Yes
85.63189789773206,AMS Nest,3–5 hours,4th Year,Music,None,With Friends,15,No,8,Yes
74.69464499529143,Ike's Café,<1 hour,3rd Year,Gaming,Soccer,Alone,19,Yes,5.1,Yes
59.99834337697213,Koerner's Pub,<1 hour,3rd Year,Music,None,With Friends,3,No,5.7,No
61.61127514737574,Ike's Café,<1 hour,1st Year,Reading,Basketball,Alone,7,No,7.8,Yes
77.56953924829457,Ike's Café,1–3 hours,4th Year,Music,Soccer,Alone,19,No,6.4,No
90.89790891,Ike's Café,5+ hours,3rd Year,Reading,None,With Friends,17,No,6.5,Yes
86.7531505,The Loop Café,3–5 hours,2nd Year,Gaming,None,At Home,5,No,8.1,No
92.44593565073832,The Loop Café,5+ hours,1st Year,Reading,None,Alone,7,No,6.2,Yes
93.17360734280884,Ike's Café,5+ hours,4th Year,Sports,None,Alone,6,No,6.9,Yes
95.54849920978111,Koerner's Pub,5+ hours,2nd Year,Reading,Soccer,With Friends,8,No,8.2,No
67.04909328464257,AMS Nest,<1 hour,3rd Year,Sports,Basketball,With Friends,11,Yes,7.9,Yes
83.79371172690729,Koerner's Pub,3–5 hours,2nd Year,Gaming,None,At Home,15,No,6.3,No
88.36286850601365,Bean Around the World,3–5 hours,2nd Year,Reading,Basketball,At Home,9,No,7,Yes
99.49940967447608,The Loop Café,5+ hours,1st Year,Gaming,None,At Home,4,No,5.3,Yes
64.33683126808714,AMS Nest,<1 hour,2nd Year,Gaming,None,Alone,16,No,7.6,No
60.12735347664679,AMS Nest,<1 hour,2nd Year,Sports,None,Alone,0,No,6.4,No
90.53540334643486,Bean Around the World,3–5 hours,4th Year,Gaming,Basketball,With Friends,1,No,5.8,Yes
64.39809418023201,Bean Around the World,<1 hour,2nd Year,Reading,Basketball,With Friends,9,Yes,5.4,No
54.13665226992982,Ike's Café,<1 hour,4th Year,Sports,Basketball,With Friends,7,Yes,8.5,Yes
69.23710838575211,The Loop Café,<1 hour,3rd Year,Gaming,Soccer,At Home,11,Yes,7.9,No
72.32335907023038,The Loop Café,1–3 hours,1st Year,Music,Basketball,At Home,9,No,7,Yes
89.54733358847919,Koerner's Pub,5+ hours,2nd Year,Sports,Soccer,At Home,8,Yes,5,Yes
86.65990165284508,Ike's Café,3–5 hours,2nd Year,Reading,Soccer,Alone,1,No,7.9,Yes
85.95249839889533,Ike's Café,3–5 hours,4th Year,Reading,Basketball,Alone,10,No,6,No
78.54725909,Ike's Café,1–3 hours,4th Year,Music,None,With Friends,7,Yes,5,No
87.82256814715079,Ike's Café,5+ hours,1st Year,Sports,None,At Home,2,No,7.3,No
87.56552899088041,The Loop Café,3–5 hours,2nd Year,Music,Soccer,Alone,1,Yes,7.9,No
63.702266612080415,The Loop Café,<1 hour,3rd Year,Sports,None,At Home,2,Yes,6.5,No
88.69405240443751,Ike's Café,3–5 hours,1st Year,Sports,None,Alone,15,Yes,7.2,Yes
68.07683742006526,Koerner's Pub,<1 hour,2nd Year,Music,Soccer,At Home,5,Yes,7.7,No
70.32280648977702,AMS Nest,1–3 hours,3rd Year,Music,Basketball,Alone,9,Yes,7.4,No
70.42991058087516,AMS Nest,<1 hour,2nd Year,Sports,Soccer,Alone,0,Yes,5.1,No
82.32018277442975,Koerner's Pub,3–5 hours,3rd Year,Gaming,Basketball,Alone,6,Yes,8.6,No
89.04028899140573,Ike's Café,3–5 hours,2nd Year,Sports,Basketball,Alone,5,No,5.4,No
86.83643657,The Loop Café,3–5 hours,4th Year,Reading,Soccer,With Friends,2,No,6.2,No
84.19091838397561,AMS Nest,1–3 hours,3rd Year,Reading,None,At Home,4,Yes,6.4,No
73.88267008814074,Bean Around the World,1–3 hours,4th Year,Music,Basketball,Alone,7,Yes,6.8,No
88.25341601940902,Bean Around the World,5+ hours,2nd Year,Sports,Soccer,Alone,6,No,8.2,No
84.90290197056133,Koerner's Pub,3–5 hours,3rd Year,Gaming,Soccer,At Home,19,Yes,6.3,No
63.48410108582862,Ike's Café,<1 hour,4th Year,Gaming,Soccer,Alone,10,Yes,7.5,No
78.99970950971024,AMS Nest,1–3 hours,3rd Year,Music,Basketball,Alone,11,No,6.8,Yes
76.91844695781705,Ike's Café,3–5 hours,3rd Year,Music,None,At Home,3,Yes,7.1,Yes
79.73158790426822,AMS Nest,3–5 hours,3rd Year,Music,None,With Friends,16,No,5.8,No
69.66098539210404,Koerner's Pub,1–3 hours,1st Year,Music,Soccer,With Friends,12,No,8.8,No
94.75153795986787,Koerner's Pub,5+ hours,4th Year,Gaming,Basketball,Alone,16,No,7.3,Yes
83.55306686290963,Bean Around the World,1–3 hours,3rd Year,Reading,None,With Friends,14,No,5.4,No
74.47775390731265,Ike's Café,1–3 hours,3rd Year,Gaming,Soccer,With Friends,2,Yes,6.2,No
64.15589138404995,Bean Around the World,<1 hour,4th Year,Reading,None,Alone,1,Yes,7.4,Yes
65.35026082,Ike's Café,<1 hour,3rd Year,Reading,None,Alone,8,Yes,8,Yes
95.80939151304096,Bean Around the World,5+ hours,3rd Year,Reading,Basketball,With Friends,12,No,6.8,Yes
80.36323432904713,The Loop Café,3–5 hours,1st Year,Gaming,Soccer,Alone,4,No,5,No
76.19184491367392,The Loop Café,1–3 hours,2nd Year,Sports,None,Alone,0,No,5.4,No
94.87598814891214,The Loop Café,5+ hours,1st Year,Music,None,With Friends,17,No,8.9,Yes
67.50547084969922,The Loop Café,<1 hour,4th Year,Music,Basketball,At Home,1,Yes,8.7,No
75.94790808299372,AMS Nest,1–3 hours,3rd Year,Sports,Basketball,With Friends,15,Yes,7.5,No
90.00523046283571,The Loop Café,3–5 hours,1st Year,Gaming,None,With Friends,1,Yes,8.4,No
51.48383853500381,Koerner's Pub,<1 hour,1st Year,Gaming,Basketball,With Friends,8,Yes,8.7,No
68.38937659765453,Koerner's Pub,<1 hour,3rd Year,Sports,Basketball,Alone,17,No,5.6,No
61.72962158436288,AMS Nest,<1 hour,4th Year,Reading,Soccer,With Friends,11,No,7.9,Yes
80.84683551571771,The Loop Café,5+ hours,2nd Year,Gaming,Soccer,Alone,9,Yes,7.5,Yes
87.556013,The Loop Café,3–5 hours,4th Year,Reading,None,At Home,18,No,8.3,Yes
81.86829272581478,The Loop Café,1–3 hours,3rd Year,Gaming,None,With Friends,13,Yes,6.7,Yes
89.31275742686154,Bean Around the World,5+ hours,3rd Year,Sports,None,At Home,9,No,5.2,Yes
94.76437273601468,Ike's Café,5+ hours,2nd Year,Music,Basketball,With Friends,19,No,5.5,Yes
98.06139128994324,Bean Around the World,5+ hours,2nd Year,Music,Soccer,Alone,2,No,7.9,Yes
71.57457226792023,Ike's Café,<1 hour,3rd Year,Music,None,At Home,9,No,7.9,Yes
93.19982264685696,The Loop Café,3–5 hours,4th Year,Gaming,Soccer,With Friends,7,No,8.5,Yes
93.71063745535946,The Loop Café,5+ hours,2nd Year,Sports,Basketball,At Home,9,Yes,6.9,No
75.37716819450796,Bean Around the World,1–3 hours,3rd Year,Reading,Soccer,Alone,18,No,6.2,Yes
76.99017094051416,Bean Around the World,3–5 hours,2nd Year,Music,Basketball,Alone,16,No,8.7,No
73.76968755935026,Ike's Café,1–3 hours,4th Year,Reading,None,With Friends,3,Yes,7.8,No
80.78376702341905,Koerner's Pub,3–5 hours,3rd Year,Music,Basketball,With Friends,11,Yes,7.4,Yes
85.85471358748907,Ike's Café,1–3 hours,4th Year,Reading,Basketball,At Home,11,Yes,5.8,Yes
64.12057093783832,Bean Around the World,<1 hour,1st Year,Gaming,Basketball,Alone,18,No,5.5,Yes
90.61602403392244,Bean Around the World,5+ hours,2nd Year,Gaming,Basketball,Alone,17,No,6.3,Yes
77.75742688020233,AMS Nest,1–3 hours,2nd Year,Reading,None,With Friends,12,Yes,7.2,No
85.21801223186228,Bean Around the World,3–5 hours,3rd Year,Gaming,Soccer,Alone,3,Yes,8.7,Yes
98.47525520215376,AMS Nest,5+ hours,3rd Year,Reading,None,Alone,4,No,7.7,No
86.88675319132774,Koerner's Pub,5+ hours,1st Year,Gaming,None,Alone,18,No,5.5,Yes
85.97303727618622,Ike's Café,3–5 hours,3rd Year,Gaming,Basketball,At Home,8,No,7.5,Yes
71.28764707150975,Ike's Café,1–3 hours,2nd Year,Reading,None,At Home,4,No,8.6,No
58.39988744389648,AMS Nest,<1 hour,4th Year,Music,Basketball,At Home,3,No,7.5,Yes
61.94115454547357,Ike's Café,<1 hour,3rd Year,Music,Soccer,Alone,2,Yes,7.7,No
74.81481601475794,Bean Around the World,1–3 hours,1st Year,Sports,Basketball,With Friends,16,Yes,6.9,No
87.85348888,The Loop Café,5+ hours,4th Year,Sports,Soccer,With Friends,11,Yes,8.1,No
86.53789510063072,AMS Nest,5+ hours,2nd Year,Music,None,With Friends,15,No,6.7,No
82.96841268164083,Ike's Café,5+ hours,3rd Year,Reading,Basketball,At Home,9,No,6,No
89.58447213685653,AMS Nest,5+ hours,1st Year,Sports,Soccer,Alone,2,No,5.5,No
67.47639813,AMS Nest,1–3 hours,3rd Year,Music,None,At Home,4,No,7.6,No
93.80027981844802,The Loop Café,5+ hours,2nd Year,Gaming,Soccer,At Home,11,No,5.7,No
85.41219876467251,Bean Around the World,3–5 hours,3rd Year,Music,Basketball,With Friends,7,Yes,8,Yes
82.71224250267535,AMS Nest,5+ hours,2nd Year,Sports,Soccer,With Friends,3,Yes,7.4,No
63.453954614750685,Ike's Café,<1 hour,1st Year,Gaming,Soccer,Alone,14,No,7.6,No
86.23921797204709,Koerner's Pub,5+ hours,1st Year,Music,Soccer,At Home,1,No,7.3,Yes
76.59587255,AMS Nest,1–3 hours,2nd Year,Music,None,Alone,13,Yes,6.7,No
71.70225223011572,AMS Nest,<1 hour,1st Year,Reading,Soccer,At Home,14,Yes,6.2,No
65.62413765177128,The Loop Café,1–3 hours,3rd Year,Gaming,Soccer,Alone,12,No,6.5,No
75.57513039573709,Bean Around the World,1–3 hours,1st Year,Gaming,Soccer,At Home,19,Yes,6.7,No
64.19933602,Koerner's Pub,<1 hour,4th Year,Gaming,Soccer,Alone,3,No,6.3,No
78.35670038225233,Ike's Café,1–3 hours,2nd Year,Music,Basketball,At Home,17,No,6.4,Yes
76.06598314118844,Koerner's Pub,1–3 hours,3rd Year,Music,Basketball,At Home,11,Yes,6.5,No
86.24015334,Ike's Café,5+ hours,1st Year,Sports,None,With Friends,7,No,6.9,Yes
83.40473032,Bean Around the World,3–5 hours,3rd Year,Reading,Soccer,At Home,12,No,5.9,No
71.01987071598255,Ike's Café,1–3 hours,4th Year,Sports,None,With Friends,16,No,6.9,Yes
80.38003569299299,The Loop Café,1–3 hours,1st Year,Reading,Soccer,Alone,14,Yes,8.8,No
75.10655824335971,The Loop Café,1–3 hours,1st Year,Sports,Basketball,With Friends,12,Yes,6.9,Yes
99.50595342876504,The Loop Café,5+ hours,2nd Year,Reading,Soccer,At Home,15,No,8.2,Yes
84.69669593,The Loop Café,3–5 hours,1st Year,Sports,None,With Friends,8,Yes,9,Yes
61.45796616544769,Koerner's Pub,<1 hour,2nd Year,Music,Soccer,With Friends,0,No,5.7,No
82.43142803693587,Bean Around the World,5+ hours,1st Year,Reading,Basketball,Alone,12,No,7.6,Yes
80.98430161872028,Ike's Café,5+ hours,3rd Year,Gaming,None,With Friends,4,Yes,5,Yes
77.07932028497255,Ike's Café,3–5 hours,4th Year,Reading,Soccer,Alone,16,No,7.8,Yes
86.33563325505742,The Loop Café,3–5 hours,4th Year,Sports,Basketball,Alone,13,Yes,5.7,No
92.54362511614968,The Loop Café,5+ hours,1st Year,Music,Soccer,With Friends,13,No,6.7,Yes
57.094046489839336,AMS Nest,<1 hour,3rd Year,Reading,Basketball,At Home,4,No,6.9,Yes
94.47519157038056,Bean Around the World,5+ hours,2nd Year,Gaming,None,Alone,14,No,6.1,No
82.58469474158281,Koerner's Pub,3–5 hours,4th Year,Gaming,None,With Friends,17,No,5.3,Yes
65.73396505992774,Ike's Café,<1 hour,4th Year,Gaming,Soccer,Alone,4,Yes,6.8,No
93.06110314127712,AMS Nest,3–5 hours,1st Year,Music,Basketball,With Friends,14,No,7.8,No
69.48419657932766,AMS Nest,<1 hour,3rd Year,Gaming,None,With Friends,19,Yes,7.7,No
73.65734676047084,Ike's Café,1–3 hours,1st Year,Reading,Soccer,At Home,17,Yes,7.6,Yes
80.54403887292357,Koerner's Pub,3–5 hours,3rd Year,Sports,Soccer,With Friends,8,Yes,7.1,No
74.24092299335348,AMS Nest,3–5 hours,1st Year,Sports,Soccer,Alone,3,Yes,6.6,Yes
86.4042334,AMS Nest,5+ hours,4th Year,Reading,Basketball,Alone,17,No,6.8,No
83.94434880586152,Bean Around the World,3–5 hours,3rd Year,Sports,Soccer,At Home,11,No,7,Yes
80.06410236424408,Koerner's Pub,3–5 hours,3rd Year,Gaming,Basketball,Alone,13,Yes,7.3,No
74.34371516453848,AMS Nest,1–3 hours,1st Year,Music,Soccer,At Home,5,Yes,6.7,Yes
85.38425941479385,Koerner's Pub,3–5 hours,1st Year,Sports,Basketball,With Friends,10,Yes,5.3,Yes
73.87572009,Ike's Café,1–3 hours,3rd Year,Gaming,Soccer,With Friends,19,Yes,7.2,No
71.7499871,The Loop Café,1–3 hours,2nd Year,Sports,Soccer,With Friends,5,Yes,8.2,Yes
75.84327335983363,AMS Nest,1–3 hours,4th Year,Reading,Basketball,At Home,11,No,5.8,Yes
77.20970324784705,Bean Around the World,1–3 hours,2nd Year,Reading,None,Alone,1,Yes,6.5,Yes
59.54800461278577,Ike's Café,<1 hour,2nd Year,Sports,None,Alone,4,Yes,5.9,No
97.05466189873135,Koerner's Pub,5+ hours,2nd Year,Sports,None,With Friends,12,No,8.9,No
64.50705933857869,Ike's Café,<1 hour,1st Year,Gaming,Basketball,Alone,1,No,8.4,No
85.09424811472424,AMS Nest,3–5 hours,3rd Year,Sports,None,At Home,16,Yes,5.6,Yes
68.54107211628279,Koerner's Pub,<1 hour,2nd Year,Music,Soccer,At Home,14,Yes,7.9,No
66.16608066,The Loop Café,<1 hour,2nd Year,Sports,Basketball,At Home,12,Yes,7.3,No
89.76568316956623,Ike's Café,3–5 hours,4th Year,Reading,None,At Home,7,No,5.9,No
86.43562082600913,AMS Nest,3–5 hours,4th Year,Music,Soccer,Alone,4,No,5.7,No
81.93781313,Bean Around the World,3–5 hours,2nd Year,Sports,Soccer,At Home,15,Yes,6.1,No
66.80751763,Koerner's Pub,<1 hour,4th Year,Gaming,Basketball,Alone,13,No,8.3,Yes
59.28136896339669,Ike's Café,<1 hour,2nd Year,Sports,None,With Friends,3,Yes,5.8,No
85.54279852888261,Ike's Café,3–5 hours,4th Year,Reading,Soccer,Alone,9,No,9,No
89.83385005,The Loop Café,5+ hours,3rd Year,Reading,None,At Home,10,No,5.8,Yes
88.95941571,The Loop Café,5+ hours,1st Year,Reading,Soccer,Alone,12,Yes,5.2,No
74.35731244280535,Bean Around the World,1–3 hours,3rd Year,Reading,Soccer,With Friends,16,Yes,8.9,Yes
75.59075477,Bean Around the World,3–5 hours,2nd Year,Sports,Basketball,With Friends,5,No,7.9,Yes
72.25637546129519,AMS Nest,1–3 hours,2nd Year,Reading,None,With Friends,3,Yes,6.7,No
90.46422450570556,AMS Nest,5+ hours,2nd Year,Reading,Soccer,Alone,6,No,7.7,No
75.79928196,Bean Around the World,1–3 hours,2nd Year,Gaming,None,At Home,6,No,8.5,Yes
79.8616243,Bean Around the World,3–5 hours,3rd Year,Sports,None,At Home,16,Yes,6.5,Yes
91.3285392,Koerner's Pub,3–5 hours,1st Year,Reading,None,Alone,0,No,7.9,No
80.66912575892749,The Loop Café,3–5 hours,2nd Year,Reading,Basketball,At Home,8,No,5.8,Yes
69.84728600263368,AMS Nest,<1 hour,3rd Year,Gaming,Soccer,At Home,3,No,8,Yes
77.13597180935842,The Loop Café,1–3 hours,4th Year,Reading,None,Alone,4,Yes,6.4,Yes
86.76886345078098,The Loop Café,5+ hours,2nd Year,Reading,Basketball,With Friends,12,No,8.2,Yes
98.87655446304755,Bean Around the World,5+ hours,4th Year,Gaming,None,At Home,4,Yes,6.6,Yes
84.03181584,Koerner's Pub,5+ hours,2nd Year,Reading,Basketball,With Friends,5,Yes,6.8,Yes
69.59577086805001,Ike's Café,<1 hour,2nd Year,Reading,None,At Home,4,No,7.4,Yes
70.00291159,Koerner's Pub,<1 hour,3rd Year,Gaming,None,With Friends,0,Yes,5.9,Yes
81.64689895461677,Koerner's Pub,3–5 hours,1st Year,Reading,None,With Friends,17,Yes,8.9,Yes
96.96232650032164,The Loop Café,5+ hours,3rd Year,Gaming,Basketball,At Home,3,Yes,6.6,No
63.74976742700524,Koerner's Pub,<1 hour,3rd Year,Reading,Basketball,At Home,19,No,7.4,No
86.44346814639928,AMS Nest,3–5 hours,4th Year,Sports,Soccer,Alone,14,Yes,8.8,Yes
91.30160919385612,The Loop Café,5+ hours,3rd Year,Sports,Soccer,At Home,5,Yes,8.8,Yes
74.32845629264726,AMS Nest,1–3 hours,3rd Year,Reading,Basketball,At Home,12,No,5.5,No
89.05404136579891,Ike's Café,3–5 hours,3rd Year,Sports,Soccer,Alone,8,Yes,5.9,No
68.96744360276107,The Loop Café,<1 hour,1st Year,Sports,Basketball,With Friends,14,Yes,6.2,Yes
56.257340133809095,Ike's Café,<1 hour,4th Year,Sports,Basketball,Alone,11,Yes,8.2,No
91.52170121439076,The Loop Café,3–5 hours,2nd Year,Gaming,Basketball,With Friends,11,No,7.8,Yes
76.68754005982163,Bean Around the World,3–5 hours,2nd Year,Sports,Soccer,Alone,4,Yes,8.7,Yes
70.16273102170828,Koerner's Pub,<1 hour,4th Year,Music,None,At Home,17,Yes,7.6,Yes
80.63352568413792,Bean Around the World,1–3 hours,4th Year,Gaming,Soccer,At Home,2,Yes,7,Yes
84.54516784892401,Ike's Café,5+ hours,3rd Year,Music,None,With Friends,10,No,5.5,No
72.94592856022707,Koerner's Pub,1–3 hours,4th Year,Sports,Soccer,At Home,4,No,5.8,Yes
79.47147665757032,The Loop Café,3–5 hours,3rd Year,Sports,None,With Friends,1,No,8.8,Yes
73.92539484855632,Koerner's Pub,1–3 hours,3rd Year,Music,None,Alone,18,Yes,8.9,No
63.45982857907129,AMS Nest,<1 hour,2nd Year,Reading,Basketball,At Home,17,No,8.3,Yes
88.89830266,Koerner's Pub,3–5 hours,4th Year,Sports,Soccer,With Friends,2,Yes,5.4,Yes
96.55154373059804,AMS Nest,5+ hours,2nd Year,Gaming,None,Alone,5,Yes,8.3,Yes
71.97841905394978,Koerner's Pub,<1 hour,4th Year,Music,Soccer,At Home,14,No,8.9,Yes
62.189159867108486,AMS Nest,<1 hour,2nd Year,Music,Basketball,At Home,18,Yes,5.7,No
88.95389063127736,Ike's Café,5+ hours,3rd Year,Sports,Basketball,With Friends,16,Yes,8.7,Yes
81.58280903889525,Bean Around the World,5+ hours,3rd Year,Music,None,At Home,8,Yes,7.7,Yes
70.97064966751906,The Loop Café,1–3 hours,2nd Year,Music,Basketball,With Friends,0,Yes,8.7,No
89.82425817,Koerner's Pub,3–5 hours,3rd Year,Gaming,Soccer,At Home,9,No,5.1,Yes
98.07791411774116,Bean Around the World,5+ hours,1st Year,Reading,Basketball,Alone,2,Yes,6,Yes
83.82825564060039,The Loop Café,5+ hours,2nd Year,Reading,Basketball,At Home,5,Yes,8.5,Yes
82.03767870423553,The Loop Café,3–5 hours,2nd Year,Music,Basketball,With Friends,8,Yes,7.4,No
89.86797121520536,AMS Nest,5+ hours,4th Year,Reading,Basketball,With Friends,4,Yes,6,No
91.40080579409803,Ike's Café,5+ hours,3rd Year,Music,Soccer,With Friends,14,Yes,7.4,No
70.95198240039177,Ike's Café,1–3 hours,1st Year,Reading,Soccer,Alone,8,Yes,8.4,Yes
67.12030522232045,Bean Around the World,<1 hour,4th Year,Reading,None,At Home,3,No,5.7,No
62.63080326464542,Ike's Café,<1 hour,2nd Year,Gaming,Basketball,At Home,1,Yes,6.4,No
64.92773865,Koerner's Pub,<1 hour,1st Year,Music,None,At Home,17,Yes,5.5,Yes
67.73142124001849,Ike's Café,<1 hour,1st Year,Gaming,None,With Friends,10,Yes,7.4,No
90.03211134905469,Bean Around the World,5+ hours,3rd Year,Sports,Soccer,With Friends,7,Yes,6.8,Yes
82.81807054736716,Ike's Café,3–5 hours,2nd Year,Reading,Basketball,At Home,4,No,5,Yes
84.45195098037084,Koerner's Pub,3–5 hours,4th Year,Sports,Basketball,With Friends,12,No,8.9,Yes
74.55818520397332,AMS Nest,1–3 hours,1st Year,Music,Soccer,At Home,0,No,7.6,Yes
73.14994485058936,Bean Around the World,1–3 hours,2nd Year,Music,Soccer,At Home,11,Yes,5.9,Yes
88.70601968666449,AMS Nest,5+ hours,3rd Year,Music,Soccer,With Friends,1,No,7.8,No
92.99323585252358,AMS Nest,3–5 hours,2nd Year,Sports,Basketball,At Home,14,Yes,5.5,Yes
87.80459724,AMS Nest,3–5 hours,3rd Year,Sports,None,With Friends,9,Yes,5.4,Yes
63.52259841,The Loop Café,<1 hour,2nd Year,Music,None,At Home,7,No,6.9,Yes
93.48477202255368,The Loop Café,5+ hours,4th Year,Music,Basketball,With Friends,5,Yes,5.4,No
88.33090255121995,AMS Nest,5+ hours,2nd Year,Sports,None,With Friends,0,Yes,6.6,No
70.86562318793321,Bean Around the World,<1 hour,4th Year,Music,Basketball,With Friends,2,Yes,7.3,No
91.84821096099049,Koerner's Pub,5+ hours,3rd Year,Reading,Basketball,At Home,0,No,8.7,No
89.46348927997886,Koerner's Pub,5+ hours,1st Year,Music,Soccer,At Home,0,Yes,7.6,Yes
77.23858462905139,Ike's Café,1–3 hours,1st Year,Reading,Basketball,Alone,13,Yes,8.1,Yes
77.14561924,Bean Around the World,3–5 hours,4th Year,Gaming,Soccer,At Home,4,Yes,8.5,Yes
84.36616265545098,The Loop Café,5+ hours,2nd Year,Sports,Soccer,At Home,19,No,5.9,No
69.03037496800472,AMS Nest,1–3 hours,2nd Year,Reading,None,At Home,1,Yes,8.3,Yes
85.71471547381853,Ike's Café,3–5 hours,2nd Year,Sports,Soccer,Alone,15,No,6.9,Yes
73.66257499742545,Koerner's Pub,<1 hour,1st Year,Sports,None,Alone,2,No,8,Yes
86.15650073096316,The Loop Café,1–3 hours,3rd Year,Gaming,Basketball,At Home,7,Yes,6.6,No
78.19025550720379,The Loop Café,1–3 hours,3rd Year,Music,None,At Home,4,No,7.6,No
87.50422237472229,AMS Nest,3–5 hours,3rd Year,Reading,None,With Friends,14,No,8.2,Yes
55.99471133,Koerner's Pub,<1 hour,1st Year,Reading,None,At Home,7,No,6,No
72.286631,Bean Around the World,1–3 hours,3rd Year,Reading,Basketball,With Friends,4,Yes,7.7,No
86.06108124,The Loop Café,5+ hours,4th Year,Gaming,Basketball,At Home,19,No,8.9,Yes
86.89576200874441,AMS Nest,5+ hours,4th Year,Music,Soccer,With Friends,16,Yes,8.6,No
89.15928090707605,Bean Around the World,5+ hours,1st Year,Sports,Basketball,Alone,13,No,6,Yes
62.63954711151436,Koerner's Pub,<1 hour,2nd Year,Sports,Soccer,Alone,15,No,6.5,No
65.10350094812107,The Loop Café,1–3 hours,3rd Year,Reading,Basketball,At Home,10,Yes,6,No
93.73955128058768,Bean Around the World,5+ hours,3rd Year,Sports,None,Alone,12,No,7.8,No
59.636284871300965,Bean Around the World,<1 hour,4th Year,Gaming,Soccer,Alone,8,No,8.8,Yes
91.19623432055576,Bean Around the World,5+ hours,1st Year,Reading,Basketball,With Friends,16,Yes,5.9,No
95.37041334874986,The Loop Café,3–5 hours,2nd Year,Reading,Basketball,Alone,3,No,8.7,Yes
70.40307704206788,The Loop Café,1–3 hours,3rd Year,Reading,Basketball,At Home,7,No,8.5,Yes
62.34856238626836,Ike's Café,1–3 hours,1st Year,Reading,None,At Home,18,No,6.6,No
63.56997889059944,Koerner's Pub,<1 hour,1st Year,Gaming,Soccer,Alone,10,Yes,7.9,No
70.50479817499286,AMS Nest,<1 hour,3rd Year,Sports,Soccer,At Home,1,No,5.2,Yes
84.79173727110297,Bean Around the World,1–3 hours,2nd Year,Music,Soccer,Alone,18,Yes,8.8,No
83.85225202773792,Ike's Café,5+ hours,3rd Year,Music,Basketball,At Home,9,Yes,9,Yes
92.48349612,AMS Nest,5+ hours,1st Year,Reading,Soccer,With Friends,14,No,8.2,Yes
82.67344771609973,Ike's Café,3–5 hours,4th Year,Gaming,Soccer,Alone,1,No,8.7,Yes
89.47025822847932,The Loop Café,5+ hours,4th Year,Music,Basketball,At Home,17,No,7.9,No
78.22171673508518,Bean Around the World,<1 hour,1st Year,Music,Basketball,With Friends,11,No,6.3,No
57.48514835802423,AMS Nest,<1 hour,1st Year,Sports,Basketball,Alone,18,No,7,No
91.26869830747287,AMS Nest,5+ hours,2nd Year,Reading,Basketball,At Home,17,Yes,6.8,No
67.33846585882716,AMS Nest,<1 hour,1st Year,Sports,None,Alone,2,No,6.7,No
80.42893162469673,AMS Nest,1–3 hours,2nd Year,Sports,None,With Friends,13,No,7.1,Yes
75.48991576735447,AMS Nest,1–3 hours,1st Year,Reading,Soccer,Alone,18,Yes,7.1,Yes
91.54025269752051,Ike's Café,5+ hours,2nd Year,Gaming,None,With Friends,6,No,7.8,No
73.04175716289105,Bean Around the World,1–3 hours,3rd Year,Sports,Basketball,With Friends,7,Yes,8.8,Yes
76.34563470622554,The Loop Café,1–3 hours,4th Year,Music,None,At Home,4,No,8.5,Yes
83.28403862251295,The Loop Café,3–5 hours,2nd Year,Reading,Basketball,With Friends,3,Yes,8.8,Yes
88.10785944928026,The Loop Café,3–5 hours,4th Year,Gaming,None,With Friends,11,Yes,7.2,Yes
73.15194831978182,The Loop Café,1–3 hours,3rd Year,Gaming,Basketball,At Home,3,Yes,6.2,No
91.88550196951093,Ike's Café,5+ hours,2nd Year,Gaming,Soccer,With Friends,5,No,8.5,No
84.85368593157511,Koerner's Pub,3–5 hours,3rd Year,Music,Soccer,At Home,17,No,6.1,No
70.63025125386085,Bean Around the World,<1 hour,2nd Year,Sports,None,At Home,2,No,5.7,Yes
64.74303138205757,AMS Nest,<1 hour,4th Year,Sports,Basketball,With Friends,8,Yes,5.9,No
56.13483766,Koerner's Pub,<1 hour,3rd Year,Music,Soccer,Alone,1,Yes,5.5,No
96.30960750356996,The Loop Café,5+ hours,1st Year,Music,Basketball,With Friends,10,Yes,8.7,Yes
70.47133849568691,Koerner's Pub,1–3 hours,3rd Year,Gaming,None,Alone,17,Yes,6.8,Yes
61.731168306755904,Bean Around the World,<1 hour,2nd Year,Gaming,Basketball,With Friends,7,Yes,8.6,Yes
87.02169352978254,AMS Nest,5+ hours,4th Year,Sports,Basketball,At Home,10,Yes,5.1,No
91.87219046585408,AMS Nest,3–5 hours,1st Year,Reading,None,With Friends,9,No,5.2,Yes
64.32162893010653,Bean Around the World,1–3 hours,1st Year,Sports,Soccer,At Home,2,Yes,8.1,Yes
100,Bean Around the World,3–5 hours,3rd Year,Sports,None,Alone,4,Yes,7.3,No
95.28028404533026,The Loop Café,5+ hours,3rd Year,Sports,Basketball,With Friends,15,No,5.9,Yes
66.11619457,AMS Nest,<1 hour,1st Year,Sports,None,Alone,1,No,7.7,Yes
64.72552999691857,Koerner's Pub,<1 hour,3rd Year,Reading,None,With Friends,6,No,7.8,No
91.42777037428829,Ike's Café,5+ hours,4th Year,Music,Basketball,At Home,4,No,5,Yes
67.60561214189669,Ike's Café,<1 hour,1st Year,Sports,None,At Home,2,No,6.8,Yes
78.22607792975029,Bean Around the World,1–3 hours,1st Year,Music,Soccer,With Friends,18,No,8.1,No
92.77802233001724,The Loop Café,5+ hours,3rd Year,Reading,Soccer,Alone,11,Yes,7.9,Yes
85.44790340627624,Ike's Café,3–5 hours,3rd Year,Music,None,With Friends,16,No,8.7,No
89.01330789846337,AMS Nest,5+ hours,2nd Year,Reading,Basketball,With Friends,19,No,7.3,Yes
74.24363358173244,Bean Around the World,1–3 hours,3rd Year,Reading,None,With Friends,18,Yes,6.5,No
74.0254586,Koerner's Pub,1–3 hours,1st Year,Sports,None,Alone,6,Yes,7.4,Yes
95.66885048433532,Bean Around the World,5+ hours,1st Year,Reading,Soccer,With Friends,6,No,8.2,Yes
92.96778361140431,Koerner's Pub,5+ hours,2nd Year,Gaming,Soccer,At Home,2,Yes,8.8,Yes
50.29805683,Bean Around the World,<1 hour,2nd Year,Music,Basketball,With Friends,0,Yes,8.7,No
78.27950388264881,Bean Around the World,1–3 hours,1st Year,Sports,Basketball,With Friends,7,No,8.1,Yes
90.97368097359389,Bean Around the World,5+ hours,2nd Year,Gaming,Basketball,At Home,5,Yes,5.1,Yes
89.90645621777051,Koerner's Pub,5+ hours,1st Year,Music,None,With Friends,1,Yes,6.3,No
73.05740773455557,Koerner's Pub,1–3 hours,3rd Year,Gaming,None,Alone,1,No,5.1,No
95.62056359993008,Bean Around the World,5+ hours,1st Year,Sports,None,With Friends,18,No,7.8,Yes
69.73763231061429,Ike's Café,<1 hour,2nd Year,Music,None,Alone,15,No,6.5,Yes
71.13561166088195,The Loop Café,1–3 hours,3rd Year,Music,Basketball,With Friends,19,No,7.9,No
67.03526143562267,The Loop Café,<1 hour,1st Year,Reading,Basketball,With Friends,0,Yes,7.5,Yes
60.14171632729357,The Loop Café,<1 hour,1st Year,Gaming,Basketball,With Friends,9,Yes,8.5,No
58.101909176055344,Koerner's Pub,<1 hour,2nd Year,Gaming,None,Alone,14,No,7.9,No
61.86641387705018,Koerner's Pub,<1 hour,2nd Year,Music,None,At Home,11,Yes,8.9,Yes
79.31196736191379,Ike's Café,1–3 hours,4th Year,Gaming,Basketball,With Friends,9,Yes,8,No
69.76562522688043,The Loop Café,<1 hour,1st Year,Music,Soccer,With Friends,15,Yes,5.6,Yes
67.56542710048646,The Loop Café,<1 hour,3rd Year,Music,Basketball,With Friends,0,No,8.7,Yes
93.62547893423998,Bean Around the World,5+ hours,2nd Year,Reading,None,At Home,6,No,6.1,Yes
77.58089144,Koerner's Pub,1–3 hours,3rd Year,Music,None,With Friends,9,Yes,8,Yes
71.79259202388523,The Loop Café,1–3 hours,4th Year,Gaming,Basketball,Alone,17,Yes,5.9,Yes
87.15961272,Ike's Café,3–5 hours,2nd Year,Sports,Soccer,At Home,0,Yes,5.4,Yes
79.00204763,Ike's Café,1–3 hours,3rd Year,Reading,Soccer,Alone,3,Yes,8.3,No
78.77145664906787,The Loop Café,1–3 hours,1st Year,Sports,None,Alone,5,No,5.4,No
90.94456685737322,Koerner's Pub,3–5 hours,3rd Year,Music,None,At Home,4,Yes,7.1,Yes
78.54151923600531,Ike's Café,1–3 hours,1st Year,Reading,None,At Home,9,Yes,8.6,No
76.75724103770791,Bean Around the World,1–3 hours,3rd Year,Reading,Basketball,With Friends,8,No,8.2,Yes
80.35075119158213,Ike's Café,1–3 hours,1st Year,Music,None,At Home,1,Yes,5.8,Yes
74.8673937,AMS Nest,1–3 hours,1st Year,Gaming,None,Alone,5,Yes,6.7,No
80.59062674,AMS Nest,3–5 hours,3rd Year,Music,None,With Friends,12,Yes,6.2,Yes
74.18466518028119,Koerner's Pub,1–3 hours,2nd Year,Music,Soccer,At Home,14,Yes,5.1,No
71.27548677596775,The Loop Café,1–3 hours,1st Year,Music,Soccer,Alone,8,No,6.8,Yes