Final Grade (%),Café Location,Study Time
96.99677718293,Koerner's Pub,5+ hours
94.62316841456385,Bean Around the World,5+ hours
90.29815184960087,The Loop Café,5+ hours
86.76531611147213,Bean Around the World,5+ hours
93.49111656806795,Bean Around the World,5+ hours
66.96742692710875,Ike's Café,<1 hour
94.47596610013866,The Loop Café,5+ hours
68.17585900840984,The Loop Café,<1 hour
95.24776357659667,The Loop Café,5+ hours
82.32382394219717,Bean Around the World,3–5 hours
81.58697032817163,Koerner's Pub,1–3 hours
65.987998023462,The Loop Café,<1 hour
100.0,Bean Around the World,5+ hours
81.55406090955216,Ike's Café,3–5 hours
83.67981901582624,Koerner's Pub,1–3 hours
65.98955391731324,Ike's Café,<1 hour
71.74290998192775,Koerner's Pub,1–3 hours
82.58057082972839,Bean Around the World,3–5 hours
63.3982634590284,AMS Nest,<1 hour
77.12082973200958,Koerner's Pub,1–3 hours
92.6141774401775,Ike's Café,5+ hours
62.131499980307105,Bean Around the World,<1 hour
74.87822703869509,Koerner's Pub,1–3 hours
95.71135179305932,AMS Nest,3–5 hours
93.63771585050355,AMS Nest,3–5 hours
67.18161834837016,The Loop Café,<1 hour
75.190017390841,The Loop Café,1–3 hours
65.60015663359131,Ike's Café,<1 hour
68.06758986365209,Koerner's Pub,<1 hour
69.88603717400797,Koerner's Pub,1–3 hours
73.71311731288327,The Loop Café,1–3 hours
81.65707963061206,Koerner's Pub,5+ hours
76.99611561302639,Koerner's Pub,1–3 hours
88.2359796985137,AMS Nest,3–5 hours
62.58406768850313,The Loop Café,<1 hour
72.86993381645016,Bean Around the World,<1 hour
78.8711716849883,The Loop Café,3–5 hours
67.6781255989509,Bean Around the World,1–3 hours
86.12225909279987,AMS Nest,3–5 hours
90.23549151306077,Ike's Café,3–5 hours
98.41963845728934,Koerner's Pub,5+ hours
82.7055786856553,AMS Nest,3–5 hours
70.39340416715648,Koerner's Pub,<1 hour
84.80745765249647,Ike's Café,3–5 hours
64.1368635002959,Ike's Café,<1 hour
69.41829968743336,AMS Nest,<1 hour
68.2616143920671,Ike's Café,<1 hour
67.11803921507875,Bean Around the World,1–3 hours
97.38270174862947,Ike's Café,5+ hours
71.90045677073726,Koerner's Pub,<1 hour
61.87218649245235,Koerner's Pub,<1 hour
76.97901766718705,Koerner's Pub,1–3 hours
67.4701509314137,Koerner's Pub,<1 hour
86.30336882911953,Bean Around the World,3–5 hours
82.2484742307729,The Loop Café,3–5 hours
86.64188316030975,AMS Nest,5+ hours
64.87222964504278,Koerner's Pub,<1 hour
80.86364509629682,Ike's Café,1–3 hours
87.71800077297216,Koerner's Pub,3–5 hours
73.14692833956947,Ike's Café,1–3 hours
78.85849355324173,Ike's Café,1–3 hours
70.75728689684962,Koerner's Pub,3–5 hours
80.74382850186052,Bean Around the World,1–3 hours
76.3014311061095,Ike's Café,3–5 hours
73.18779529298433,Ike's Café,1–3 hours
79.40165052686928,Koerner's Pub,3–5 hours
58.52659262139547,Ike's Café,<1 hour
95.8041339368926,Ike's Café,5+ hours
82.66149399344054,Koerner's Pub,3–5 hours
86.73251940865357,Koerner's Pub,3–5 hours
89.76539710560408,AMS Nest,5+ hours
87.3852041361156,Bean Around the World,3–5 hours
85.38410945530127,Bean Around the World,3–5 hours
68.58503887905715,Ike's Café,1–3 hours
94.9813340972357,Bean Around the World,5+ hours
62.531217084193436,Ike's Café,<1 hour
77.21709050670124,AMS Nest,3–5 hours
87.85942419517043,Koerner's Pub,5+ hours
82.50379895317155,Koerner's Pub,1–3 hours
69.25110871056746,Koerner's Pub,<1 hour
88.2567393279607,Bean Around the World,5+ hours
63.25371147840786,AMS Nest,<1 hour
63.391824743913084,Bean Around the World,<1 hour
75.3837399178042,Bean Around the World,<1 hour
86.90967726115777,AMS Nest,3–5 hours
87.15020823595535,AMS Nest,3–5 hours
80.15141727015921,AMS Nest,1–3 hours
76.19394579513256,AMS Nest,1–3 hours
88.70478927089648,Koerner's Pub,5+ hours
74.0182507545751,The Loop Café,1–3 hours
64.64199370292968,The Loop Café,<1 hour
64.81388881745079,AMS Nest,<1 hour
88.6381477181849,The Loop Café,3–5 hours
65.2597294290365,The Loop Café,<1 hour
93.66320038607789,AMS Nest,5+ hours
64.59641709945708,The Loop Café,<1 hour
65.39317595158045,Bean Around the World,<1 hour
80.00899657733946,Ike's Café,5+ hours
79.5816383735124,Ike's Café,1–3 hours
76.73244237948997,AMS Nest,1–3 hours
94.99005054929826,Koerner's Pub,5+ hours
70.51872310903155,AMS Nest,3–5 hours
75.44187352390364,Koerner's Pub,<1 hour
89.30205185922414,Ike's Café,5+ hours
70.54091408368758,AMS Nest,<1 hour
79.80047036437234,Bean Around the World,3–5 hours
68.06386952531285,The Loop Café,<1 hour
84.73292218413172,Koerner's Pub,5+ hours
61.88115519652097,The Loop Café,<1 hour
84.57015676933393,The Loop Café,1–3 hours
84.04658799618326,AMS Nest,3–5 hours
86.08716436589862,The Loop Café,3–5 hours
89.35033865344377,Bean Around the World,3–5 hours
92.47840943986303,The Loop Café,5+ hours
85.75209452571788,AMS Nest,3–5 hours
76.82480501233113,Bean Around the World,1–3 hours
100.0,Ike's Café,5+ hours
74.71190601483207,The Loop Café,1–3 hours
66.00549523357483,AMS Nest,<1 hour
70.25327198003806,Ike's Café,<1 hour
70.52762966478991,Ike's Café,<1 hour
70.9351515278019,Koerner's Pub,<1 hour
78.19365111014592,Bean Around the World,1–3 hours
84.28497543634758,The Loop Café,5+ hours
98.16715766150548,AMS Nest,5+ hours
79.26827303490656,Koerner's Pub,3–5 hours
76.51317732619516,Bean Around the World,1–3 hours
61.22862074990321,Koerner's Pub,<1 hour
74.67930826703504,Bean Around the World,1–3 hours
86.6438120515174,Bean Around the World,3–5 hours
86.60678607725137,The Loop Café,3–5 hours
77.10960377117642,Bean Around the World,1–3 hours
83.06855634529323,Koerner's Pub,1–3 hours
77.2676715075699,Bean Around the World,1–3 hours
88.77921682354676,The Loop Café,5+ hours
69.82043584144179,The Loop Café,<1 hour
80.9473524446232,Koerner's Pub,1–3 hours
68.86196092431504,Ike's Café,1–3 hours
77.98700034924929,Ike's Café,1–3 hours
88.5058637115545,Bean Around the World,3–5 hours
83.51218248320004,AMS Nest,3–5 hours
96.8785340665581,Bean Around the World,5+ hours
64.24972206483737,Koerner's Pub,<1 hour
90.6278822673577,Koerner's Pub,5+ hours
64.13464087858065,Koerner's Pub,<1 hour
85.07789523790734,Koerner's Pub,3–5 hours
79.518624565524,Koerner's Pub,3–5 hours
77.79974558702853,The Loop Café,3–5 hours
97.97252531612486,Ike's Café,5+ hours
70.76519325840836,Koerner's Pub,1–3 hours
70.04303825271846,AMS Nest,1–3 hours
74.23304943198143,AMS Nest,3–5 hours
71.8051912615525,AMS Nest,1–3 hours
68.3845510329625,AMS Nest,1–3 hours
98.21007580068185,The Loop Café,5+ hours
70.04908544671318,AMS Nest,<1 hour
81.55924827411138,Koerner's Pub,3–5 hours
96.26217902672154,Bean Around the World,3–5 hours
94.90882743495797,AMS Nest,5+ hours
88.37584308245688,The Loop Café,5+ hours
62.50297142563213,The Loop Café,1–3 hours
96.45471286295371,AMS Nest,3–5 hours
58.05213766618202,Bean Around the World,<1 hour
81.77300626521554,AMS Nest,5+ hours
70.1128521600482,The Loop Café,<1 hour
77.19876203169636,Ike's Café,<1 hour
91.9213640925526,Koerner's Pub,3–5 hours
87.8195456002618,The Loop Café,3–5 hours
92.97377170832642,AMS Nest,5+ hours
89.26707779390154,Koerner's Pub,3–5 hours
88.79464294893383,AMS Nest,3–5 hours
86.40595711984687,AMS Nest,3–5 hours
65.52100551975938,Ike's Café,<1 hour
89.6870343605024,Koerner's Pub,5+ hours
71.23017705566662,Koerner's Pub,1–3 hours
63.59662461566613,Ike's Café,<1 hour
76.53521592902307,The Loop Café,3–5 hours
64.50830186602624,AMS Nest,<1 hour
80.05704446424541,Bean Around the World,3–5 hours
79.48205341392115,AMS Nest,3–5 hours
65.8994707557674,AMS Nest,<1 hour
96.96001143172299,The Loop Café,5+ hours
89.59158303001156,AMS Nest,3–5 hours
82.14749698188412,Ike's Café,5+ hours
70.05185931714831,Ike's Café,1–3 hours
89.70385593994108,Koerner's Pub,3–5 hours
85.08756303230845,Bean Around the World,5+ hours
88.87683425001488,AMS Nest,5+ hours
77.75026049512276,AMS Nest,1–3 hours
85.15827772568183,The Loop Café,5+ hours
90.5268775307298,Ike's Café,5+ hours
68.32987252540897,Bean Around the World,1–3 hours
81.99316178024394,Koerner's Pub,3–5 hours
91.59890967071269,Ike's Café,5+ hours
82.03503133234166,Koerner's Pub,5+ hours
92.20237368980199,The Loop Café,5+ hours
64.9018110053666,The Loop Café,<1 hour
77.76244977208574,AMS Nest,1–3 hours
66.11957067032331,Bean Around the World,<1 hour
81.82070214986922,Koerner's Pub,1–3 hours
85.62612251323954,Ike's Café,3–5 hours
82.85297229437373,The Loop Café,3–5 hours
90.61148751516141,AMS Nest,5+ hours
77.71649014518194,AMS Nest,1–3 hours
85.24430035162852,Koerner's Pub,3–5 hours
75.20295845601942,The Loop Café,1–3 hours
81.49004156096622,Bean Around the World,3–5 hours
61.68549541224526,The Loop Café,<1 hour
77.98697364100153,Koerner's Pub,3–5 hours
73.74788371593469,Koerner's Pub,<1 hour
78.78068382304357,The Loop Café,3–5 hours
86.53547401102047,Koerner's Pub,5+ hours
61.40796367215401,The Loop Café,<1 hour
89.47462188472221,Ike's Café,3–5 hours
88.52525160853986,The Loop Café,5+ hours
71.23871036336867,The Loop Café,<1 hour
86.63254687878066,Koerner's Pub,5+ hours
76.39497081111901,Koerner's Pub,1–3 hours
70.82326473370121,AMS Nest,1–3 hours
75.72574563886694,AMS Nest,<1 hour
79.06200790485244,Ike's Café,3–5 hours
66.54910355113513,AMS Nest,<1 hour
93.16888440466049,The Loop Café,5+ hours
87.0689954872575,Koerner's Pub,3–5 hours
74.07356170561145,AMS Nest,1–3 hours
84.35089650133287,AMS Nest,3–5 hours
75.21905735989554,Ike's Café,1–3 hours
84.26498999185756,Ike's Café,3–5 hours
89.81939558397455,The Loop Café,3–5 hours
96.05261500795676,Koerner's Pub,3–5 hours
87.21254107496082,Ike's Café,5+ hours
83.15098510210461,AMS Nest,5+ hours
64.55858975824373,Koerner's Pub,<1 hour
77.8985466882716,Koerner's Pub,<1 hour
70.98162716015135,AMS Nest,1–3 hours
98.19558402722033,Ike's Café,5+ hours
83.3885040703822,AMS Nest,1–3 hours
62.23205879146003,Koerner's Pub,<1 hour
77.84491539592638,Bean Around the World,1–3 hours
73.14198311564269,Bean Around the World,<1 hour
88.10436129506256,The Loop Café,5+ hours
83.98209819948819,AMS Nest,3–5 hours
87.09159543025677,AMS Nest,5+ hours
69.92621634653567,The Loop Café,1–3 hours
71.75361227466996,The Loop Café,1–3 hours
83.88029866618872,The Loop Café,5+ hours
90.17041734129613,Koerner's Pub,5+ hours
61.150133844706794,AMS Nest,<1 hour
76.16892955895374,Koerner's Pub,1–3 hours
67.22052176898187,The Loop Café,1–3 hours
91.65440116107229,AMS Nest,5+ hours
89.16764480804463,Koerner's Pub,3–5 hours
65.03132178714273,Koerner's Pub,1–3 hours
86.87028284923787,The Loop Café,3–5 hours
96.13834496236646,AMS Nest,5+ hours
83.95179490654397,The Loop Café,5+ hours
73.36286193418852,AMS Nest,<1 hour
77.09509504683022,Bean Around the World,1–3 hours
81.47494072120796,Ike's Café,3–5 hours
64.72115461171147,Ike's Café,<1 hour
77.7916345626086,Ike's Café,1–3 hours
65.38002695706206,The Loop Café,<1 hour
92.69377996223184,Bean Around the World,5+ hours
70.39663203460317,AMS Nest,1–3 hours
65.8468041201804,Koerner's Pub,<1 hour
57.9314275154751,AMS Nest,<1 hour
84.4438696932565,Koerner's Pub,3–5 hours
60.48046179267605,AMS Nest,<1 hour
71.32235028705117,Bean Around the World,1–3 hours
81.18046587605218,Koerner's Pub,1–3 hours
90.45655060297135,The Loop Café,3–5 hours
78.04569060453588,AMS Nest,1–3 hours
84.5384361766371,AMS Nest,5+ hours
73.41795775152599,Koerner's Pub,1–3 hours
81.06548849989592,The Loop Café,1–3 hours
65.70858456819953,The Loop Café,<1 hour
76.59664769990847,Bean Around the World,<1 hour
76.96658919697185,The Loop Café,1–3 hours
85.96024558245016,The Loop Café,3–5 hours
63.4544176789875,The Loop Café,<1 hour
85.66770452391141,Ike's Café,3–5 hours
74.23765081809728,Bean Around the World,1–3 hours
78.54054338344295,AMS Nest,1–3 hours
94.78351158397292,Koerner's Pub,5+ hours
61.070052697460255,AMS Nest,<1 hour
68.3438352322111,Bean Around the World,1–3 hours
80.81897313448351,Koerner's Pub,5+ hours
67.53995663456271,Bean Around the World,<1 hour
69.48316696913064,The Loop Café,1–3 hours
64.23554703523759,Koerner's Pub,1–3 hours
66.94289302265481,The Loop Café,<1 hour
77.46499758716395,AMS Nest,<1 hour
64.96964544230053,AMS Nest,<1 hour
79.19245387225821,Koerner's Pub,1–3 hours
75.40914679273783,Koerner's Pub,1–3 hours
89.50555173404429,Bean Around the World,5+ hours
89.59538241493884,Bean Around the World,3–5 hours
63.548627279056745,The Loop Café,<1 hour
76.33696157035952,Koerner's Pub,1–3 hours
76.60848903098007,AMS Nest,1–3 hours
61.659547731784755,Bean Around the World,<1 hour
89.96021174768262,Bean Around the World,3–5 hours
64.12520121652295,AMS Nest,<1 hour
81.22127420253578,Bean Around the World,3–5 hours
77.68254921785201,The Loop Café,1–3 hours
80.50766009104481,Koerner's Pub,3–5 hours
90.14090578684564,AMS Nest,5+ hours
74.95440501677898,Koerner's Pub,1–3 hours
95.42947782915789,Bean Around the World,5+ hours
67.37349116439977,Bean Around the World,<1 hour
64.87486520627428,AMS Nest,<1 hour
69.08883149600143,The Loop Café,<1 hour
91.95103774508657,Ike's Café,3–5 hours
77.78905153175931,AMS Nest,1–3 hours
65.0517630992169,Ike's Café,<1 hour
58.4408188382492,Ike's Café,<1 hour
69.67443168462313,The Loop Café,1–3 hours
63.473876478226664,Ike's Café,<1 hour
86.95243898920359,Ike's Café,5+ hours
74.06514348507277,The Loop Café,1–3 hours
75.28324962448553,Ike's Café,1–3 hours
77.64846377178365,Ike's Café,1–3 hours
89.64750610970454,Ike's Café,5+ hours
77.43250821913101,AMS Nest,1–3 hours
90.3223720740506,AMS Nest,5+ hours
65.12266716823065,AMS Nest,1–3 hours
80.30332303090623,The Loop Café,3–5 hours
64.27956222139193,Bean Around the World,<1 hour
78.95152628579446,Ike's Café,3–5 hours
67.99964364998102,Ike's Café,<1 hour
97.65375416171848,The Loop Café,5+ hours
91.09380925848659,Ike's Café,3–5 hours
73.93278564534896,AMS Nest,1–3 hours
72.45363068424976,Bean Around the World,<1 hour
65.74333728601056,Koerner's Pub,<1 hour
83.3145701444098,Ike's Café,3–5 hours
86.93298668229531,AMS Nest,5+ hours
83.48765156755935,Koerner's Pub,3–5 hours
88.05911590729386,Bean Around the World,5+ hours
90.85208111187744,Koerner's Pub,5+ hours
65.80286990524932,AMS Nest,<1 hour
85.01523010076707,Koerner's Pub,3–5 hours
87.18469084873175,The Loop Café,3–5 hours
95.9532313739317,Koerner's Pub,5+ hours
89.74777067720662,Ike's Café,3–5 hours
67.57551015775049,Ike's Café,1–3 hours
62.230394325490224,The Loop Café,1–3 hours
89.67159955619637,AMS Nest,3–5 hours
78.16560650792289,Ike's Café,3–5 hours
88.87617299053659,Bean Around the World,5+ hours
69.1494348697032,Ike's Café,1–3 hours
65.9900978120999,Ike's Café,1–3 hours
67.70731364102394,AMS Nest,<1 hour
93.79577580151323,Koerner's Pub,5+ hours
62.1174479963664,Ike's Café,<1 hour
62.04478853927545,The Loop Café,1–3 hours
87.26877775873758,Koerner's Pub,5+ hours
86.95902002701273,Bean Around the World,3–5 hours
82.60544215612936,AMS Nest,5+ hours
85.91679959889578,Bean Around the World,3–5 hours
84.92345075413502,Koerner's Pub,3–5 hours
92.89645749800545,Koerner's Pub,5+ hours
85.59790184207077,Koerner's Pub,3–5 hours
60.134655295592225,Bean Around the World,<1 hour
80.98285750832245,Koerner's Pub,1–3 hours
84.20735213486515,Bean Around the World,3–5 hours
64.86347730245033,Koerner's Pub,<1 hour
80.33366020463401,The Loop Café,3–5 hours
72.78358874404245,Koerner's Pub,1–3 hours
60.575986429865495,Bean Around the World,<1 hour
74.13526970038288,Ike's Café,1–3 hours
83.55854240071172,Koerner's Pub,1–3 hours
58.140494285343216,Ike's Café,<1 hour
56.932193010616295,The Loop Café,<1 hour
72.35585163746805,AMS Nest,<1 hour
88.95338161424067,The Loop Café,5+ hours
61.65463630670042,Koerner's Pub,<1 hour
70.19952343698039,Ike's Café,<1 hour
61.97192230131568,Ike's Café,<1 hour
74.13004856773468,Bean Around the World,<1 hour
88.38962935669635,Ike's Café,3–5 hours
87.56044295927148,Bean Around the World,5+ hours
85.78654106632752,AMS Nest,1–3 hours
61.971425384983306,Koerner's Pub,<1 hour
88.71047686004654,Bean Around the World,3–5 hours
86.49646290203246,AMS Nest,3–5 hours
91.50870644699398,Ike's Café,3–5 hours
82.80755598363426,Ike's Café,1–3 hours
65.16002074532884,AMS Nest,<1 hour
86.23291064826908,Ike's Café,5+ hours
92.29986071469558,AMS Nest,5+ hours
81.61142315123946,Bean Around the World,3–5 hours
85.06693623763312,Bean Around the World,1–3 hours
75.68267665541369,AMS Nest,1–3 hours
73.17339224343945,Bean Around the World,1–3 hours
90.92340152932454,Bean Around the World,5+ hours
78.26436855235151,Bean Around the World,3–5 hours
60.14192980744674,The Loop Café,<1 hour
96.00206953972213,Koerner's Pub,5+ hours
81.71552860514302,Ike's Café,3–5 hours
79.7654450865903,The Loop Café,3–5 hours
67.68326376263643,Bean Around the World,<1 hour
70.92852077331499,AMS Nest,<1 hour
68.59476655332533,Bean Around the World,<1 hour
79.98023842902909,Koerner's Pub,1–3 hours
61.21602455715269,Bean Around the World,<1 hour
77.89094666629079,AMS Nest,3–5 hours
72.50666825977743,Koerner's Pub,<1 hour
83.38660080578933,Bean Around the World,3–5 hours
88.74583491772476,Koerner's Pub,5+ hours
81.6409707092453,Ike's Café,1–3 hours
92.7811500470033,Ike's Café,5+ hours
92.27943886040804,Bean Around the World,5+ hours
95.82501172450542,Koerner's Pub,3–5 hours
86.78240884809928,AMS Nest,5+ hours
89.63920064040619,Bean Around the World,3–5 hours
65.28506562448543,Ike's Café,<1 hour
66.34296139431629,Ike's Café,<1 hour
92.64234213206265,Bean Around the World,3–5 hours
67.53917878144811,Koerner's Pub,<1 hour
77.69148039524816,Ike's Café,1–3 hours
95.362536686549,Koerner's Pub,5+ hours
73.17523635228558,Ike's Café,1–3 hours
85.80395166330497,Ike's Café,5+ hours
59.775954029894834,The Loop Café,<1 hour
65.16821705311999,Ike's Café,1–3 hours
75.28103564970161,AMS Nest,<1 hour
84.48395817139158,Bean Around the World,5+ hours
83.89373188207114,Bean Around the World,3–5 hours
83.6159335005554,Koerner's Pub,3–5 hours
76.5370334890455,Ike's Café,1–3 hours
69.07868606269648,AMS Nest,<1 hour
69.30236744179872,Koerner's Pub,<1 hour
72.08461280715531,The Loop Café,1–3 hours
84.16439143106794,Koerner's Pub,3–5 hours
91.4128997524415,Koerner's Pub,5+ hours
73.75654436908226,Ike's Café,1–3 hours
98.03672788009996,The Loop Café,5+ hours
87.45487475819125,Koerner's Pub,3–5 hours
68.67438893024908,AMS Nest,<1 hour
88.31440634333707,AMS Nest,3–5 hours
80.86736928742663,Bean Around the World,1–3 hours
65.90510779351854,The Loop Café,<1 hour
68.51584026022077,The Loop Café,1–3 hours
76.99843975876321,Bean Around the World,1–3 hours
81.74321553104086,Koerner's Pub,3–5 hours
72.35691659125122,The Loop Café,1–3 hours
87.93182009377547,AMS Nest,3–5 hours
71.19141535716818,AMS Nest,<1 hour
85.1063578836803,Ike's Café,3–5 hours
66.54416506299482,The Loop Café,<1 hour
93.5110747231762,Koerner's Pub,3–5 hours
91.20376589744284,Bean Around the World,5+ hours
100.0,Bean Around the World,5+ hours
77.82754822815772,Koerner's Pub,1–3 hours
76.19618620422091,Ike's Café,3–5 hours
88.76670810552267,Bean Around the World,3–5 hours
66.90579192441389,The Loop Café,<1 hour
81.44876377041373,Ike's Café,1–3 hours
88.36590675634979,The Loop Café,3–5 hours
74.30772008008113,AMS Nest,1–3 hours
83.87850881855317,Ike's Café,5+ hours
83.95488371356987,Bean Around the World,3–5 hours
80.7473977289535,Ike's Café,3–5 hours
72.09738275097638,Ike's Café,1–3 hours
87.94289202210305,Ike's Café,3–5 hours
83.34952252175702,Ike's Café,1–3 hours
86.9733576491149,The Loop Café,3–5 hours
59.02058468982408,AMS Nest,<1 hour
77.22301334110071,Koerner's Pub,1–3 hours
90.98315743322826,Ike's Café,3–5 hours
86.95108547840309,Bean Around the World,5+ hours
84.3299141666354,Ike's Café,3–5 hours
90.07344097364599,Bean Around the World,5+ hours
86.0755084345888,The Loop Café,5+ hours
68.2414021692193,Bean Around the World,<1 hour
74.3952592569611,Koerner's Pub,1–3 hours
87.09766221953514,AMS Nest,3–5 hours
60.5625391109895,Bean Around the World,<1 hour
82.81270849838295,Bean Around the World,3–5 hours
93.61190678913886,AMS Nest,5+ hours
73.13583423954117,Koerner's Pub,1–3 hours
93.63481925616702,Ike's Café,3–5 hours
83.00181907192699,Bean Around the World,3–5 hours
91.12342362875943,AMS Nest,5+ hours
89.66295415936546,The Loop Café,3–5 hours
77.90817133533484,AMS Nest,3–5 hours
81.19595594009613,The Loop Café,5+ hours
57.371718427149524,Koerner's Pub,<1 hour
96.31292051713591,Ike's Café,5+ hours
62.240709270537764,AMS Nest,<1 hour
87.79099642834126,Bean Around the World,1–3 hours
62.17876200671306,Koerner's Pub,<1 hour
65.92275651598518,AMS Nest,<1 hour
82.71054976283938,Bean Around the World,1–3 hours
75.03046444079561,AMS Nest,<1 hour
100.0,The Loop Café,5+ hours
71.04183115296571,AMS Nest,<1 hour
80.12031262905731,AMS Nest,1–3 hours
92.96263474600592,AMS Nest,5+ hours
78.89180538083319,Koerner's Pub,1–3 hours
72.24407141835734,AMS Nest,1–3 hours
80.90900558288847,Bean Around the World,3–5 hours
84.98312771294523,The Loop Café,3–5 hours
74.14907688737536,The Loop Café,1–3 hours
72.73385975336362,AMS Nest,1–3 hours
78.48193723728357,Koerner's Pub,1–3 hours
89.77652604285255,Koerner's Pub,3–5 hours
85.44203443145923,Bean Around the World,3–5 hours
72.3876504052763,AMS Nest,<1 hour
59.29155442933248,The Loop Café,<1 hour
74.03170270360141,Koerner's Pub,1–3 hours
86.41588839698598,AMS Nest,5+ hours
80.6673169146347,Koerner's Pub,5+ hours
84.5865965707865,Koerner's Pub,3–5 hours
84.39126245808359,The Loop Café,3–5 hours
92.56724871621066,Ike's Café,3–5 hours
78.15405842277389,Bean Around the World,1–3 hours
84.87906587835397,Bean Around the World,5+ hours
74.27046283167094,The Loop Café,<1 hour
81.10516847762676,Koerner's Pub,1–3 hours
67.91048851734308,AMS Nest,<1 hour
63.86757950575084,Koerner's Pub,<1 hour
70.2028038163826,The Loop Café,1–3 hours
63.138966119644735,Bean Around the World,<1 hour
95.44374309852093,Koerner's Pub,5+ hours
74.42293152967305,Bean Around the World,<1 hour
97.71621764136094,AMS Nest,5+ hours
87.55575289106864,Bean Around the World,5+ hours
84.40191283355495,Bean Around the World,5+ hours
85.70443123455603,Ike's Café,3–5 hours
56.157803172185744,Ike's Café,<1 hour
76.61583857092391,Ike's Café,1–3 hours
74.26198706850666,Bean Around the World,1–3 hours
62.66981749065879,The Loop Café,<1 hour
77.02648466366603,Bean Around the World,3–5 hours
87.56800053284859,The Loop Café,3–5 hours
87.33649580169045,The Loop Café,5+ hours
59.15041582144856,Ike's Café,<1 hour
50.63868893359175,Koerner's Pub,<1 hour
74.86242547474681,AMS Nest,1–3 hours
73.86125798334872,Ike's Café,<1 hour
93.30629607273934,Ike's Café,3–5 hours
62.71451871706864,Koerner's Pub,<1 hour
71.9889396981911,AMS Nest,1–3 hours
92.34387128037511,Bean Around the World,5+ hours
70.00807280405854,Bean Around the World,1–3 hours
76.50895949909733,Ike's Café,1–3 hours
93.83040139192344,AMS Nest,5+ hours
81.13466611942154,Ike's Café,1–3 hours
74.49922961760024,The Loop Café,1–3 hours
63.98163124911517,Ike's Café,<1 hour
60.6100870662172,Ike's Café,<1 hour
85.8655982298007,Bean Around the World,5+ hours
63.86760554049236,Bean Around the World,<1 hour
66.8368275340809,Bean Around the World,<1 hour
79.56792313116625,The Loop Café,1–3 hours
80.98410524659828,Bean Around the World,3–5 hours
72.46344284479761,AMS Nest,<1 hour
83.64438199478715,Koerner's Pub,3–5 hours
64.89316352825782,AMS Nest,<1 hour
61.263941604260886,AMS Nest,<1 hour
77.8787986986353,Bean Around the World,5+ hours
94.42022698180524,Koerner's Pub,5+ hours
93.68421948546217,Koerner's Pub,5+ hours
83.59336221440893,Koerner's Pub,3–5 hours
75.33495358612436,The Loop Café,1–3 hours
67.57969608852049,Bean Around the World,<1 hour
57.18727071556729,Koerner's Pub,<1 hour
62.35473661326853,The Loop Café,<1 hour
88.97132339810913,Ike's Café,3–5 hours
83.72855288415376,Ike's Café,5+ hours
76.46778966083315,The Loop Café,1–3 hours
78.21709097688297,The Loop Café,3–5 hours
92.33214991216764,Bean Around the World,5+ hours
84.82179258851258,Bean Around the World,3–5 hours
66.92434092047245,Ike's Café,1–3 hours
95.82369677228586,Koerner's Pub,5+ hours
81.32704211600975,Ike's Café,3–5 hours
70.9487378149281,Koerner's Pub,1–3 hours
66.00284598615471,Koerner's Pub,<1 hour
80.74318674714358,Bean Around the World,1–3 hours
59.92089090510802,AMS Nest,<1 hour
85.30839924923986,AMS Nest,3–5 hours
92.14408250165286,The Loop Café,5+ hours
93.46552803631572,Bean Around the World,5+ hours
85.88220777638612,Koerner's Pub,3–5 hours
88.16486080458338,AMS Nest,5+ hours
85.8620488967564,Koerner's Pub,5+ hours
65.43071941523188,AMS Nest,<1 hour
79.63930494007197,AMS Nest,3–5 hours
60.39324758252697,AMS Nest,1–3 hours
67.18279902078834,Bean Around the World,<1 hour
89.51967420543097,Ike's Café,3–5 hours
53.185337822290805,Koerner's Pub,<1 hour
69.95134647645031,Bean Around the World,1–3 hours
78.09577130502599,Bean Around the World,1–3 hours
95.2874773485585,Bean Around the World,3–5 hours
75.10396853837705,Bean Around the World,1–3 hours
61.35998529385433,Bean Around the World,<1 hour
74.0855177944758,The Loop Café,1–3 hours
71.87438209574093,Koerner's Pub,<1 hour
61.77017910437732,Bean Around the World,<1 hour
71.00403996674873,Koerner's Pub,1–3 hours
82.58628238908983,The Loop Café,3–5 hours
85.23335695870644,The Loop Café,5+ hours
75.61335157997398,Koerner's Pub,1–3 hours
73.1233922923478,AMS Nest,<1 hour
66.61539636558014,Ike's Café,<1 hour
73.73823248936856,AMS Nest,1–3 hours
83.54094365542228,AMS Nest,3–5 hours
77.18404595651671,AMS Nest,3–5 hours
69.4155488857358,Bean Around the World,<1 hour
64.610814014936,The Loop Café,<1 hour
84.09760043204687,AMS Nest,3–5 hours
100.0,The Loop Café,5+ hours
76.49376454182843,Koerner's Pub,1–3 hours
61.24104474952408,Ike's Café,<1 hour
62.86821201897229,Koerner's Pub,<1 hour
90.74222854598378,Koerner's Pub,3–5 hours
75.56635205268883,Bean Around the World,1–3 hours
77.80861010841316,Ike's Café,3–5 hours
79.59614467287602,Koerner's Pub,1–3 hours
71.65927957230502,Koerner's Pub,1–3 hours
84.36648888108773,Ike's Café,1–3 hours
70.40024032857325,Ike's Café,<1 hour
87.76339052170624,Koerner's Pub,5+ hours
91.40508180867556,Ike's Café,3–5 hours
90.33927755263701,Koerner's Pub,5+ hours
89.2638683756111,Koerner's Pub,3–5 hours
77.42366408647237,Bean Around the World,1–3 hours
60.76821672504563,AMS Nest,<1 hour
86.7822508384127,Koerner's Pub,5+ hours
70.1498040879058,The Loop Café,<1 hour
83.3261233394673,AMS Nest,3–5 hours
62.981757683790015,AMS Nest,<1 hour
60.224387103253235,AMS Nest,<1 hour
92.11799532796731,Bean Around the World,5+ hours
85.31262459621573,Koerner's Pub,1–3 hours
59.66233542872864,Bean Around the World,<1 hour
75.1210972833638,Koerner's Pub,1–3 hours
92.06110277707714,Bean Around the World,3–5 hours
64.60179304377142,Bean Around the World,<1 hour
92.26185898124866,The Loop Café,5+ hours
79.6880323592656,Bean Around the World,3–5 hours
87.14153548603824,Ike's Café,3–5 hours
89.06427867497726,The Loop Café,5+ hours
69.92864997839932,Bean Around the World,<1 hour
70.93693025782376,AMS Nest,<1 hour
97.94781821009308,Ike's Café,3–5 hours
67.89816586606788,Ike's Café,<1 hour
76.62898158291084,Ike's Café,1–3 hours
90.97192150788668,The Loop Café,5+ hours
73.23416853594655,Bean Around the World,1–3 hours
66.69241921730845,Bean Around the World,<1 hour
83.52299294930485,AMS Nest,3–5 hours
90.84230488134807,AMS Nest,5+ hours
71.5879876780398,Ike's Café,<1 hour
59.9672871736018,AMS Nest,<1 hour
90.69939280564523,The Loop Café,3–5 hours
91.58557533669932,Bean Around the World,3–5 hours
74.40965736504461,Ike's Café,1–3 hours
79.39072550495703,AMS Nest,5+ hours
86.96089006452783,The Loop Café,5+ hours
91.48497273280555,The Loop Café,3–5 hours
74.88565968850558,AMS Nest,1–3 hours
85.00348883852544,Bean Around the World,5+ hours
82.47612539385891,AMS Nest,3–5 hours
69.20310013252276,Ike's Café,<1 hour
92.73366784100689,AMS Nest,5+ hours
73.80533950415153,The Loop Café,1–3 hours
73.16587794092656,AMS Nest,1–3 hours
73.0412092547809,Bean Around the World,1–3 hours
60.387949077507486,Koerner's Pub,<1 hour
98.07687844734721,AMS Nest,5+ hours
88.3883976539433,Bean Around the World,5+ hours
71.08579260412748,Bean Around the World,<1 hour
97.60658025961226,The Loop Café,5+ hours
69.9915544907398,Bean Around the World,<1 hour
62.84189843640976,Bean Around the World,<1 hour
67.01865045168304,Bean Around the World,<1 hour
74.87902196804542,Bean Around the World,1–3 hours
85.48149069634935,Ike's Café,5+ hours
66.62179640860802,Ike's Café,<1 hour
84.10480104420098,The Loop Café,5+ hours
80.93839694230782,AMS Nest,1–3 hours
62.67691351350803,Bean Around the World,<1 hour
86.0057982793642,AMS Nest,3–5 hours
76.41643935773071,AMS Nest,1–3 hours
83.70547513147962,The Loop Café,3–5 hours
92.93346900737637,Bean Around the World,5+ hours
87.62548171688738,Bean Around the World,5+ hours
79.35648648728622,Koerner's Pub,1–3 hours
83.27010159876626,AMS Nest,5+ hours
85.63189789773206,AMS Nest,3–5 hours
74.69464499529143,Ike's Café,<1 hour
59.99834337697213,Koerner's Pub,<1 hour
61.61127514737574,Ike's Café,<1 hour
77.56953924829457,Ike's Café,1–3 hours
90.89790890969799,Ike's Café,5+ hours
86.7531504963678,The Loop Café,3–5 hours
92.44593565073832,The Loop Café,5+ hours
93.17360734280885,Ike's Café,5+ hours
95.54849920978111,Koerner's Pub,5+ hours
67.04909328464257,AMS Nest,<1 hour
83.79371172690729,Koerner's Pub,3–5 hours
88.36286850601365,Bean Around the World,3–5 hours
99.49940967447608,The Loop Café,5+ hours
64.33683126808714,AMS Nest,<1 hour
60.12735347664679,AMS Nest,<1 hour
90.53540334643486,Bean Around the World,3–5 hours
64.39809418023201,Bean Around the World,<1 hour
54.13665226992982,Ike's Café,<1 hour
69.23710838575211,The Loop Café,<1 hour
72.32335907023038,The Loop Café,1–3 hours
89.54733358847919,Koerner's Pub,5+ hours
86.65990165284508,Ike's Café,3–5 hours
85.95249839889533,Ike's Café,3–5 hours
78.5472590856952,Ike's Café,1–3 hours
87.82256814715079,Ike's Café,5+ hours
87.56552899088041,The Loop Café,3–5 hours
63.702266612080415,The Loop Café,<1 hour
88.69405240443751,Ike's Café,3–5 hours
68.07683742006526,Koerner's Pub,<1 hour
70.32280648977702,AMS Nest,1–3 hours
70.42991058087516,AMS Nest,<1 hour
82.32018277442975,Koerner's Pub,3–5 hours
89.04028899140573,Ike's Café,3–5 hours
86.8364365670067,The Loop Café,3–5 hours
84.19091838397561,AMS Nest,1–3 hours
73.88267008814074,Bean Around the World,1–3 hours
88.25341601940902,Bean Around the World,5+ hours
84.90290197056133,Koerner's Pub,3–5 hours
63.48410108582862,Ike's Café,<1 hour
78.99970950971024,AMS Nest,1–3 hours
76.91844695781705,Ike's Café,3–5 hours
79.73158790426822,AMS Nest,3–5 hours
69.66098539210404,Koerner's Pub,1–3 hours
94.75153795986787,Koerner's Pub,5+ hours
83.55306686290963,Bean Around the World,1–3 hours
74.47775390731265,Ike's Café,1–3 hours
64.15589138404995,Bean Around the World,<1 hour
65.3502608155659,Ike's Café,<1 hour
95.80939151304095,Bean Around the World,5+ hours
80.36323432904713,The Loop Café,3–5 hours
76.19184491367392,The Loop Café,1–3 hours
94.87598814891214,The Loop Café,5+ hours
67.50547084969922,The Loop Café,<1 hour
75.94790808299372,AMS Nest,1–3 hours
90.00523046283571,The Loop Café,3–5 hours
51.48383853500381,Koerner's Pub,<1 hour
68.38937659765453,Koerner's Pub,<1 hour
61.72962158436288,AMS Nest,<1 hour
80.84683551571771,The Loop Café,5+ hours
87.5560129976249,The Loop Café,3–5 hours
81.86829272581478,The Loop Café,1–3 hours
89.31275742686154,Bean Around the World,5+ hours
94.76437273601469,Ike's Café,5+ hours
98.06139128994323,Bean Around the World,5+ hours
71.57457226792023,Ike's Café,<1 hour
93.19982264685697,The Loop Café,3–5 hours
93.71063745535946,The Loop Café,5+ hours
75.37716819450796,Bean Around the World,1–3 hours
76.99017094051416,Bean Around the World,3–5 hours
73.76968755935026,Ike's Café,1–3 hours
80.78376702341905,Koerner's Pub,3–5 hours
85.85471358748907,Ike's Café,1–3 hours
64.12057093783832,Bean Around the World,<1 hour
90.61602403392243,Bean Around the World,5+ hours
77.75742688020233,AMS Nest,1–3 hours
85.21801223186228,Bean Around the World,3–5 hours
98.47525520215376,AMS Nest,5+ hours
86.88675319132774,Koerner's Pub,5+ hours
85.97303727618622,Ike's Café,3–5 hours
71.28764707150975,Ike's Café,1–3 hours
58.399887443896475,AMS Nest,<1 hour
61.94115454547357,Ike's Café,<1 hour
74.81481601475794,Bean Around the World,1–3 hours
87.8534888774137,The Loop Café,5+ hours
86.53789510063072,AMS Nest,5+ hours
82.96841268164083,Ike's Café,5+ hours
89.58447213685653,AMS Nest,5+ hours
67.476398129845,AMS Nest,1–3 hours
93.80027981844802,The Loop Café,5+ hours
85.41219876467251,Bean Around the World,3–5 hours
82.71224250267535,AMS Nest,5+ hours
63.453954614750685,Ike's Café,<1 hour
86.23921797204709,Koerner's Pub,5+ hours
76.5958725520959,AMS Nest,1–3 hours
71.70225223011572,AMS Nest,<1 hour
65.62413765177128,The Loop Café,1–3 hours
75.57513039573709,Bean Around the World,1–3 hours
64.1993360221668,Koerner's Pub,<1 hour
78.35670038225233,Ike's Café,1–3 hours
76.06598314118844,Koerner's Pub,1–3 hours
86.2401533413059,Ike's Café,5+ hours
83.4047303216669,Bean Around the World,3–5 hours
71.01987071598255,Ike's Café,1–3 hours
80.38003569299299,The Loop Café,1–3 hours
75.10655824335971,The Loop Café,1–3 hours
99.50595342876504,The Loop Café,5+ hours
84.6966959309269,The Loop Café,3–5 hours
61.45796616544769,Koerner's Pub,<1 hour
82.43142803693587,Bean Around the World,5+ hours
80.98430161872028,Ike's Café,5+ hours
77.07932028497255,Ike's Café,3–5 hours
86.33563325505742,The Loop Café,3–5 hours
92.54362511614967,The Loop Café,5+ hours
57.094046489839336,AMS Nest,<1 hour
94.47519157038057,Bean Around the World,5+ hours
82.58469474158281,Koerner's Pub,3–5 hours
65.73396505992774,Ike's Café,<1 hour
93.06110314127713,AMS Nest,3–5 hours
69.48419657932766,AMS Nest,<1 hour
73.65734676047084,Ike's Café,1–3 hours
80.54403887292357,Koerner's Pub,3–5 hours
74.24092299335348,AMS Nest,3–5 hours
86.4042334037879,AMS Nest,5+ hours
83.94434880586152,Bean Around the World,3–5 hours
80.06410236424408,Koerner's Pub,3–5 hours
74.34371516453848,AMS Nest,1–3 hours
85.38425941479385,Koerner's Pub,3–5 hours
73.8757200909596,Ike's Café,1–3 hours
71.7499870958827,The Loop Café,1–3 hours
75.84327335983363,AMS Nest,1–3 hours
77.20970324784705,Bean Around the World,1–3 hours
59.54800461278577,Ike's Café,<1 hour
97.05466189873135,Koerner's Pub,5+ hours
64.50705933857869,Ike's Café,<1 hour
85.09424811472424,AMS Nest,3–5 hours
68.54107211628279,Koerner's Pub,<1 hour
66.1660806563175,The Loop Café,<1 hour
89.76568316956623,Ike's Café,3–5 hours
86.43562082600913,AMS Nest,3–5 hours
81.9378131267978,Bean Around the World,3–5 hours
66.8075176260305,Koerner's Pub,<1 hour
59.28136896339669,Ike's Café,<1 hour
85.54279852888261,Ike's Café,3–5 hours
89.8338500467777,The Loop Café,5+ hours
88.9594157136373,The Loop Café,5+ hours
74.35731244280535,Bean Around the World,1–3 hours
75.5907547725118,Bean Around the World,3–5 hours
72.25637546129519,AMS Nest,1–3 hours
90.46422450570557,AMS Nest,5+ hours
75.799281959987,Bean Around the World,1–3 hours
79.8616242953702,Bean Around the World,3–5 hours
91.3285392043235,Koerner's Pub,3–5 hours
80.66912575892749,The Loop Café,3–5 hours
69.84728600263368,AMS Nest,<1 hour
77.13597180935842,The Loop Café,1–3 hours
86.76886345078098,The Loop Café,5+ hours
98.87655446304755,Bean Around the World,5+ hours
84.0318158412176,Koerner's Pub,5+ hours
69.59577086805001,Ike's Café,<1 hour
70.0029115902149,Koerner's Pub,<1 hour
81.64689895461677,Koerner's Pub,3–5 hours
96.96232650032164,The Loop Café,5+ hours
63.74976742700524,Koerner's Pub,<1 hour
86.44346814639928,AMS Nest,3–5 hours
91.30160919385611,The Loop Café,5+ hours
74.32845629264726,AMS Nest,1–3 hours
89.05404136579891,Ike's Café,3–5 hours
68.96744360276107,The Loop Café,<1 hour
56.257340133809095,Ike's Café,<1 hour
91.52170121439076,The Loop Café,3–5 hours
76.68754005982163,Bean Around the World,3–5 hours
70.16273102170828,Koerner's Pub,<1 hour
80.63352568413792,Bean Around the World,1–3 hours
84.54516784892401,Ike's Café,5+ hours
72.94592856022707,Koerner's Pub,1–3 hours
79.47147665757032,The Loop Café,3–5 hours
73.92539484855632,Koerner's Pub,1–3 hours
63.45982857907129,AMS Nest,<1 hour
88.8983026613467,Koerner's Pub,3–5 hours
96.55154373059804,AMS Nest,5+ hours
71.97841905394978,Koerner's Pub,<1 hour
62.189159867108486,AMS Nest,<1 hour
88.95389063127736,Ike's Café,5+ hours
81.58280903889525,Bean Around the World,5+ hours
70.97064966751906,The Loop Café,1–3 hours
89.8242581654873,Koerner's Pub,3–5 hours
98.07791411774116,Bean Around the World,5+ hours
83.82825564060039,The Loop Café,5+ hours
82.03767870423553,The Loop Café,3–5 hours
89.86797121520536,AMS Nest,5+ hours
91.40080579409803,Ike's Café,5+ hours
70.95198240039177,Ike's Café,1–3 hours
67.12030522232045,Bean Around the World,<1 hour
62.63080326464542,Ike's Café,<1 hour
64.9277386456086,Koerner's Pub,<1 hour
67.73142124001849,Ike's Café,<1 hour
90.03211134905469,Bean Around the World,5+ hours
82.81807054736716,Ike's Café,3–5 hours
84.45195098037084,Koerner's Pub,3–5 hours
74.55818520397332,AMS Nest,1–3 hours
73.14994485058936,Bean Around the World,1–3 hours
88.70601968666449,AMS Nest,5+ hours
92.99323585252358,AMS Nest,3–5 hours
87.8045972397062,AMS Nest,3–5 hours
63.5225984098542,The Loop Café,<1 hour
93.48477202255368,The Loop Café,5+ hours
88.33090255121995,AMS Nest,5+ hours
70.86562318793321,Bean Around the World,<1 hour
91.84821096099047,Koerner's Pub,5+ hours
89.46348927997886,Koerner's Pub,5+ hours
77.23858462905139,Ike's Café,1–3 hours
77.1456192396575,Bean Around the World,3–5 hours
84.36616265545098,The Loop Café,5+ hours
69.03037496800472,AMS Nest,1–3 hours
85.71471547381853,Ike's Café,3–5 hours
73.66257499742545,Koerner's Pub,<1 hour
86.15650073096316,The Loop Café,1–3 hours
78.19025550720379,The Loop Café,1–3 hours
87.50422237472229,AMS Nest,3–5 hours
55.9947113292363,Koerner's Pub,<1 hour
72.2866310013299,Bean Around the World,1–3 hours
86.0610812404588,The Loop Café,5+ hours
86.89576200874441,AMS Nest,5+ hours
89.15928090707605,Bean Around the World,5+ hours
62.63954711151436,Koerner's Pub,<1 hour
65.10350094812107,The Loop Café,1–3 hours
93.73955128058768,Bean Around the World,5+ hours
59.636284871300965,Bean Around the World,<1 hour
91.19623432055575,Bean Around the World,5+ hours
95.37041334874986,The Loop Café,3–5 hours
70.40307704206788,The Loop Café,1–3 hours
62.348562386268355,Ike's Café,1–3 hours
63.569978890599444,Koerner's Pub,<1 hour
70.50479817499286,AMS Nest,<1 hour
84.79173727110297,Bean Around the World,1–3 hours
83.85225202773792,Ike's Café,5+ hours
92.48349611618261,AMS Nest,5+ hours
82.67344771609973,Ike's Café,3–5 hours
89.47025822847932,The Loop Café,5+ hours
78.22171673508518,Bean Around the World,<1 hour
57.48514835802423,AMS Nest,<1 hour
91.26869830747287,AMS Nest,5+ hours
67.33846585882716,AMS Nest,<1 hour
80.42893162469673,AMS Nest,1–3 hours
75.48991576735447,AMS Nest,1–3 hours
91.54025269752051,Ike's Café,5+ hours
73.04175716289105,Bean Around the World,1–3 hours
76.34563470622554,The Loop Café,1–3 hours
83.28403862251295,The Loop Café,3–5 hours
88.10785944928026,The Loop Café,3–5 hours
73.15194831978182,The Loop Café,1–3 hours
91.88550196951093,Ike's Café,5+ hours
84.85368593157511,Koerner's Pub,3–5 hours
70.63025125386085,Bean Around the World,<1 hour
64.74303138205757,AMS Nest,<1 hour
56.134837658965594,Koerner's Pub,<1 hour
96.30960750356996,The Loop Café,5+ hours
70.47133849568691,Koerner's Pub,1–3 hours
61.731168306755904,Bean Around the World,<1 hour
87.02169352978254,AMS Nest,5+ hours
91.87219046585409,AMS Nest,3–5 hours
64.32162893010653,Bean Around the World,1–3 hours
100.0,Bean Around the World,3–5 hours
95.28028404533026,The Loop Café,5+ hours
66.1161945706458,AMS Nest,<1 hour
64.72552999691857,Koerner's Pub,<1 hour
91.42777037428829,Ike's Café,5+ hours
67.60561214189669,Ike's Café,<1 hour
78.22607792975029,Bean Around the World,1–3 hours
92.77802233001724,The Loop Café,5+ hours
85.44790340627624,Ike's Café,3–5 hours
89.01330789846337,AMS Nest,5+ hours
74.24363358173244,Bean Around the World,1–3 hours
74.0254585982366,Koerner's Pub,1–3 hours
95.66885048433532,Bean Around the World,5+ hours
92.96778361140431,Koerner's Pub,5+ hours
50.2980568266786,Bean Around the World,<1 hour
78.27950388264881,Bean Around the World,1–3 hours
90.97368097359387,Bean Around the World,5+ hours
89.90645621777051,Koerner's Pub,5+ hours
73.05740773455557,Koerner's Pub,1–3 hours
95.62056359993007,Bean Around the World,5+ hours
69.73763231061429,Ike's Café,<1 hour
71.13561166088195,The Loop Café,1–3 hours
67.03526143562267,The Loop Café,<1 hour
60.14171632729357,The Loop Café,<1 hour
58.101909176055344,Koerner's Pub,<1 hour
61.86641387705018,Koerner's Pub,<1 hour
79.31196736191379,Ike's Café,1–3 hours
69.76562522688043,The Loop Café,<1 hour
67.56542710048646,The Loop Café,<1 hour
93.62547893423998,Bean Around the World,5+ hours
77.5808914355748,Koerner's Pub,1–3 hours
71.79259202388523,The Loop Café,1–3 hours
87.1596127233697,Ike's Café,3–5 hours
79.0020476261384,Ike's Café,1–3 hours
78.77145664906787,The Loop Café,1–3 hours
90.94456685737322,Koerner's Pub,3–5 hours
78.54151923600531,Ike's Café,1–3 hours
76.75724103770791,Bean Around the World,1–3 hours
80.35075119158213,Ike's Café,1–3 hours
74.8673937037547,AMS Nest,1–3 hours
80.5906267438614,AMS Nest,3–5 hours
74.18466518028119,Koerner's Pub,1–3 hours
71.27548677596775,The Loop Café,1–3 hours
