"response_time_ms","concurrent_users","database_queries","cache_hit_rate","server_load","time_of_day","day_of_week","geographic_region","request_complexity","cdn_usage","memory_usage"
54.2,40,10,94.8,61.4,8,"Saturday","North_America","Moderate","Yes",63.6
28.6,148,1,56.1,43.2,18,"Thursday","North_America","Complex","Yes",25.5
50.2,195,14,94.6,67,1,"Thursday","North_America","Complex","No",26.6
24.8,82,10,77.9,83.9,14,"Monday","Africa","Simple","Yes",67.5
127.1,85,10,58.7,47.1,7,"Thursday","South_America","Moderate","Yes",54.4
4.8,113,10,56.6,20.2,4,"Thursday","Europe","Simple","Yes",32.9
36.4,53,5,44.3,62.6,20,"Friday","Europe","Simple","No",45.8
3.8,9,3,81.2,50.8,6,"Thursday","Europe","Simple","Yes",42.6
162.5,256,14,60.3,88.5,17,"Tuesday","North_America","Simple","Yes",80.8
98.6,16,9,60.8,30.5,16,"Wednesday","Asia_Pacific","Simple","No",58.8
42.4,31,17,35.7,76,19,"Tuesday","North_America","Simple","Yes",28.7
212.5,137,17,54.8,73.9,12,"Monday","North_America","Moderate","Yes",44.6
26.9,60,13,90.9,67.5,13,"Saturday","Europe","Simple","Yes",21.4
11.2,3,7,67,56.9,19,"Friday","North_America","Simple","Yes",48.8
44.7,36,5,32.1,60.8,1,"Monday","North_America","Simple","Yes",67.6
87.8,108,7,56.4,83.6,20,"Tuesday","North_America","Simple","No",58.7
1099.7,420,13,37.7,52.1,5,"Thursday","Europe","Moderate","Yes",77.9
42.7,9,18,48.9,93.3,10,"Saturday","Europe","Simple","Yes",74.3
27.2,58,19,78.9,15.9,10,"Monday","Europe","Simple","Yes",67.2
76,332,15,55.6,57.3,22,"Thursday","Asia_Pacific","Simple","Yes",88.3
19.8,32,5,73.1,26.1,10,"Friday","Asia_Pacific","Moderate","No",83.8
3.7,109,2,63.8,35.2,6,"Friday","Europe","Moderate","Yes",31.5
9.8,47,7,84.9,81.5,22,"Wednesday","Europe","Moderate","Yes",77.2
63.3,70,10,69.6,27.4,6,"Sunday","Asia_Pacific","Moderate","No",80.2
18.1,411,3,41.7,59.5,6,"Thursday","Europe","Simple","No",32.3
28.3,80,17,93.7,43.7,18,"Monday","Asia_Pacific","Moderate","Yes",75.8
227.4,80,3,33.7,36,21,"Friday","Africa","Complex","Yes",77.7
534.1,224,18,35.9,50.1,9,"Thursday","Europe","Moderate","No",20.1
18.4,126,3,87.2,73.2,15,"Sunday","South_America","Moderate","Yes",39.5
278,21,8,58.6,93,10,"Monday","South_America","Simple","Yes",53.3
65.8,72,12,78.8,23.3,21,"Friday","Europe","Simple","No",80.6
18.6,8,13,80.1,21,0,"Tuesday","Europe","Simple","Yes",69.4
17.1,130,8,97.1,59.3,11,"Monday","North_America","Moderate","No",78.8
3.9,62,3,95.3,21.7,0,"Sunday","Europe","Moderate","Yes",86.6
53.2,88,11,39.6,27.2,19,"Friday","South_America","Simple","Yes",53.6
38.2,463,9,75.2,39,4,"Friday","Europe","Simple","Yes",25.6
73.7,34,11,32.3,32.6,16,"Monday","North_America","Moderate","No",80
16.1,77,3,63.6,71.3,0,"Monday","North_America","Simple","Yes",49.3
11.5,16,2,83.8,69.1,18,"Friday","Europe","Simple","No",47.6
26.4,10,4,55.8,77.5,1,"Wednesday","North_America","Simple","Yes",21.3
44.1,117,4,94.5,33.3,0,"Monday","Asia_Pacific","Complex","Yes",79.1
17,86,15,74.9,25.5,8,"Monday","North_America","Moderate","Yes",68.1
8.7,4,18,59.4,49.3,1,"Saturday","North_America","Simple","Yes",20.7
20.4,240,3,87,56.8,9,"Tuesday","North_America","Simple","Yes",82.1
23.5,53,19,84.7,62.9,12,"Tuesday","North_America","Simple","Yes",30.3
182.2,16,9,59,51,19,"Monday","Asia_Pacific","Complex","Yes",57.9
12.6,4,1,52.4,21,1,"Wednesday","Asia_Pacific","Simple","Yes",59.1
557.8,69,8,68.4,85.1,19,"Friday","North_America","Moderate","No",73.3
62,50,13,88.6,94.3,22,"Thursday","Europe","Simple","Yes",41.3
258.5,42,6,69.8,83.3,19,"Monday","Europe","Moderate","No",32.5
36.1,96,1,73.9,82.4,12,"Saturday","Europe","Complex","Yes",20.3
130.5,39,17,82.2,42.1,12,"Wednesday","Europe","Moderate","Yes",80.5
9.5,3,2,77.1,62.5,12,"Thursday","Europe","Simple","Yes",34.1
145.1,291,3,88.9,54.1,8,"Tuesday","North_America","Moderate","No",53.8
136.1,55,8,36.4,13.1,11,"Wednesday","Europe","Moderate","Yes",86.3
80.8,46,14,71.5,73.2,2,"Wednesday","North_America","Simple","Yes",60.4
79.8,121,3,46.4,81.6,5,"Wednesday","Asia_Pacific","Moderate","Yes",27.9
50.5,158,7,61.9,14.2,12,"Sunday","North_America","Moderate","No",56.8
246.4,20,9,49.3,85.9,22,"Friday","South_America","Moderate","Yes",59.6
12,21,1,92.5,42.1,15,"Tuesday","South_America","Simple","Yes",67.6
49.4,199,16,57.2,69.1,2,"Wednesday","North_America","Moderate","Yes",41.7
70.1,151,8,68.4,71,21,"Tuesday","South_America","Simple","Yes",67.8
111.4,378,4,35.5,68,13,"Saturday","South_America","Moderate","Yes",55.5
10.6,9,3,94.1,35.5,22,"Saturday","North_America","Moderate","Yes",75.9
8.2,15,4,80,35.7,13,"Sunday","North_America","Moderate","Yes",50.1
12.5,74,3,62.3,50.5,21,"Monday","Asia_Pacific","Simple","No",75.4
29,57,2,42.4,14.1,13,"Friday","North_America","Simple","Yes",51.2
3,10,4,79.7,51.8,16,"Thursday","North_America","Simple","Yes",85.8
6,214,14,71.8,60,8,"Saturday","North_America","Simple","Yes",51.6
60,25,17,34.2,29.9,18,"Sunday","Asia_Pacific","Simple","Yes",73.8
84.1,174,1,33.6,92,15,"Wednesday","Europe","Simple","Yes",21
18.1,29,6,61,23.6,20,"Sunday","North_America","Simple","No",54.3
89.7,310,2,42.3,58.9,21,"Wednesday","Asia_Pacific","Simple","Yes",55
85.1,119,9,63.4,45.8,22,"Thursday","Asia_Pacific","Moderate","Yes",22
25.6,113,1,96.8,20.4,20,"Saturday","North_America","Complex","Yes",58.6
15.8,67,1,45.2,41,3,"Tuesday","North_America","Simple","Yes",57.9
156.6,113,17,78.5,94.9,20,"Friday","Europe","Simple","Yes",66.2
55.5,107,8,40.2,77.8,11,"Thursday","South_America","Simple","Yes",24.5
4.3,21,14,65.7,39.7,2,"Sunday","North_America","Moderate","Yes",84
283.1,151,3,86.3,89.6,13,"Wednesday","Europe","Complex","No",79.9
66.1,102,5,38.6,70.6,21,"Thursday","Asia_Pacific","Moderate","Yes",56
75,107,20,85.7,52.1,21,"Sunday","North_America","Complex","Yes",30.1
87.6,48,11,46.7,79,12,"Friday","North_America","Moderate","Yes",62.5
52.3,36,14,36.6,65.7,13,"Sunday","Europe","Simple","Yes",41.5
14.1,326,4,41.1,40.7,17,"Friday","Asia_Pacific","Simple","Yes",25.4
10.7,95,5,75.2,50.1,9,"Wednesday","Africa","Simple","Yes",78
15.8,96,6,76.1,60.9,19,"Monday","Europe","Simple","No",57.8
156.1,69,6,39,71.7,23,"Monday","Africa","Moderate","Yes",31.9
3.9,17,5,96.6,40.3,9,"Saturday","North_America","Simple","No",24.2
604.2,252,13,40,59.9,17,"Saturday","Africa","Moderate","No",70.1
28.3,65,2,94,53.9,15,"Monday","Europe","Moderate","Yes",88.4
102,39,8,77.6,60.4,12,"Wednesday","North_America","Complex","Yes",27.6
398.1,22,11,68.6,85.5,11,"Thursday","North_America","Complex","Yes",45.2
36.7,27,18,46.8,83.7,20,"Saturday","Asia_Pacific","Simple","No",25.7
9.7,48,8,53.2,80.7,23,"Saturday","North_America","Simple","No",64.6
34,83,4,87.1,23.7,8,"Friday","Africa","Simple","No",72.9
0.8,15,5,92.7,38.2,9,"Friday","North_America","Simple","Yes",66.9
379,39,20,65,88.7,19,"Thursday","Asia_Pacific","Moderate","No",68.8
19,106,2,90.4,88.6,9,"Saturday","North_America","Moderate","Yes",26.7
52.1,92,11,77.9,64.1,1,"Saturday","North_America","Simple","No",57.4
22.8,15,6,58.8,77.4,5,"Monday","Europe","Moderate","No",67.6
52,99,7,50.4,58.6,23,"Sunday","Asia_Pacific","Simple","Yes",33.2
8.5,80,18,95.5,13.3,1,"Friday","North_America","Simple","Yes",29.9
37,34,3,38.5,34.5,12,"Wednesday","Asia_Pacific","Simple","No",64.5
34.5,58,1,76.3,50.9,14,"Thursday","Europe","Moderate","Yes",67.4
12,62,3,85.7,47,17,"Tuesday","North_America","Simple","No",81
120.4,6,3,44.7,89.3,17,"Monday","South_America","Simple","Yes",38.8
32.1,2,8,70.4,64.9,10,"Tuesday","Asia_Pacific","Simple","No",50.6
24,4,10,41,10.1,6,"Thursday","Asia_Pacific","Moderate","Yes",37.4
6.7,9,7,57.6,11.7,13,"Wednesday","North_America","Simple","No",74.8
88.5,13,15,46.2,35.2,23,"Monday","North_America","Moderate","Yes",66.2
143.1,47,17,65.9,33.3,17,"Thursday","South_America","Simple","Yes",76.1
2.7,85,6,75.6,80.5,5,"Sunday","North_America","Simple","Yes",65
57.6,138,8,91.7,71.3,1,"Sunday","Asia_Pacific","Simple","Yes",54.3
30.5,77,5,52.6,67.8,15,"Thursday","North_America","Simple","No",48.1
80.4,198,1,46.5,42.7,17,"Wednesday","Asia_Pacific","Moderate","Yes",61.1
37.4,200,2,51.1,25.7,21,"Friday","Asia_Pacific","Simple","Yes",36.2
49.3,160,3,45.4,28,23,"Monday","Europe","Moderate","No",43.6
148.2,89,3,38.4,69.8,8,"Monday","Europe","Moderate","No",60.4
36,45,4,48.2,32.3,8,"Tuesday","North_America","Simple","No",37.6
26.1,16,1,92.8,29.2,0,"Friday","North_America","Moderate","Yes",53.6
85.7,51,9,33.8,60.4,1,"Saturday","Asia_Pacific","Simple","Yes",47.2
35.6,4,8,64.1,22.5,17,"Tuesday","North_America","Simple","Yes",78.2
25.5,10,4,84,14.3,5,"Wednesday","Africa","Moderate","Yes",21.2
46.3,200,17,87,11.2,17,"Tuesday","Asia_Pacific","Moderate","Yes",38.5
133.6,125,8,69.2,78.7,2,"Saturday","Europe","Simple","No",61.1
100.1,265,3,46.4,78.2,16,"Saturday","North_America","Moderate","No",51.6
53.5,48,1,69.6,11.3,1,"Wednesday","Europe","Complex","Yes",82.1
92.8,7,4,39.4,60.6,1,"Sunday","Asia_Pacific","Simple","No",89.2
5.1,26,7,62.8,36.1,5,"Thursday","Europe","Moderate","No",69.1
49,75,15,36.4,61.5,5,"Wednesday","Europe","Moderate","Yes",27
63.9,42,5,50.7,28.3,13,"Wednesday","Europe","Simple","Yes",85
22.6,235,1,76,90.6,0,"Tuesday","Asia_Pacific","Moderate","Yes",63.7
31.8,144,16,43.9,19,3,"Friday","North_America","Simple","Yes",54.7
103.8,413,3,56.9,20.2,19,"Sunday","South_America","Simple","No",66.2
20.7,1,9,84.6,21.9,12,"Tuesday","South_America","Moderate","No",21.8
46.7,6,8,45.5,34.9,14,"Wednesday","North_America","Moderate","Yes",42.9
132.7,363,10,35.2,60.9,10,"Sunday","Asia_Pacific","Simple","Yes",41.3
71.6,3,16,82.9,27.8,6,"Friday","Asia_Pacific","Moderate","Yes",36.7
17.1,94,2,75.6,48.4,22,"Monday","Asia_Pacific","Moderate","Yes",39.9
186.8,409,16,64.8,48.5,21,"Sunday","Asia_Pacific","Moderate","Yes",25.1
170.3,346,13,44.6,42.4,11,"Thursday","Asia_Pacific","Simple","Yes",78.4
34.5,23,7,42.8,93.9,3,"Sunday","North_America","Moderate","Yes",25.5
7.3,42,3,71.6,10.9,2,"Wednesday","North_America","Moderate","Yes",71.3
339.7,26,7,32.6,83.6,16,"Friday","Europe","Moderate","Yes",47.7
8.8,59,5,45.6,17.9,5,"Friday","North_America","Simple","Yes",86.8
76.9,100,1,86,25.5,1,"Saturday","Asia_Pacific","Moderate","Yes",82.6
216.1,134,15,50.4,48.1,5,"Wednesday","Africa","Moderate","Yes",47
24.6,14,2,31.1,72,14,"Sunday","Asia_Pacific","Simple","No",56.5
15.2,11,4,95.4,26.1,13,"Thursday","North_America","Moderate","Yes",75.7
106.7,186,11,36,21.8,7,"Saturday","North_America","Moderate","No",85.7
6.9,285,2,80.9,28.1,2,"Tuesday","Europe","Simple","Yes",45.6
21.1,3,12,86.8,24.3,22,"Thursday","South_America","Simple","Yes",39.1
139.3,7,17,31.1,82.5,7,"Wednesday","South_America","Simple","Yes",39.9
90,112,8,88,72.9,7,"Thursday","North_America","Moderate","No",70.3
92.3,41,2,67.4,58.4,5,"Monday","Europe","Moderate","Yes",66.1
4.3,48,7,53.1,82.7,19,"Monday","North_America","Simple","Yes",58.5
79,222,14,52.1,22.6,10,"Wednesday","Africa","Simple","Yes",34.1
71.7,62,2,73.5,42.1,21,"Wednesday","Asia_Pacific","Complex","No",64.9
29.9,29,11,38.7,37.2,3,"Thursday","North_America","Moderate","Yes",80
28.2,57,13,51.2,12.5,10,"Wednesday","North_America","Simple","Yes",60.7
5.3,162,4,69.6,43,19,"Thursday","Europe","Simple","Yes",64.7
18,238,13,81.6,70.3,23,"Friday","Europe","Simple","Yes",74.7
6.8,66,8,67.5,31.1,22,"Sunday","Asia_Pacific","Simple","Yes",51
46,70,5,76.8,65.1,3,"Monday","North_America","Complex","Yes",54.8
49.1,48,8,55.2,24.2,16,"Wednesday","Asia_Pacific","Moderate","Yes",36.3
9,3,18,91.7,75.7,3,"Thursday","North_America","Simple","Yes",78.4
14.5,6,11,96.4,50.7,19,"Friday","Europe","Simple","Yes",31
55.7,85,12,82.1,15.1,2,"Saturday","North_America","Moderate","Yes",68.2
69.3,146,8,30.8,75.5,0,"Friday","Asia_Pacific","Complex","Yes",20.5
144,40,10,65.5,84.5,14,"Monday","Asia_Pacific","Moderate","No",54.7
79.8,135,1,84.3,60.1,15,"Saturday","Asia_Pacific","Moderate","Yes",70.3
59.7,58,3,44.1,61.8,1,"Thursday","Europe","Complex","No",51.9
82,44,15,56.3,45.8,17,"Sunday","Europe","Moderate","Yes",45.6
27.7,35,14,66.9,14.1,19,"Tuesday","North_America","Simple","No",27.1
102.3,29,12,80.6,65.3,10,"Tuesday","North_America","Moderate","No",39
25.1,11,2,52.7,52.7,0,"Tuesday","Europe","Simple","Yes",38.1
48.3,75,5,52.1,76.8,12,"Sunday","Asia_Pacific","Simple","Yes",78.8
233.8,23,10,58.8,56.5,0,"Thursday","Europe","Complex","Yes",47.7
151.6,62,2,48.8,47.8,19,"Saturday","Asia_Pacific","Moderate","No",89.3
307.2,225,8,72.6,81.2,2,"Thursday","Europe","Simple","No",77.8
136.3,177,10,33,67.4,19,"Thursday","Europe","Moderate","Yes",54.2
13.1,141,4,71.2,14.4,11,"Monday","North_America","Simple","Yes",75
4.1,34,1,58.4,20.7,15,"Friday","North_America","Simple","Yes",60.4
100.4,28,8,33,80.2,0,"Monday","Europe","Moderate","Yes",34.7
28.4,130,3,97.6,44.1,22,"Sunday","Europe","Moderate","Yes",76.4
5.7,140,3,72.6,52.9,1,"Thursday","North_America","Simple","No",42.2
47.2,52,6,87,38.7,3,"Wednesday","North_America","Complex","Yes",86.3
102.6,170,3,57,63,21,"Sunday","Europe","Complex","Yes",87.1
15.3,198,3,94.8,59.1,4,"Saturday","Europe","Moderate","No",61.5
50.2,118,9,55.7,28.9,18,"Thursday","North_America","Moderate","Yes",25.5
30.9,55,10,85.8,64.4,2,"Friday","North_America","Moderate","No",53.1
30.3,80,4,30.5,40.3,1,"Tuesday","North_America","Simple","Yes",60
80.4,36,4,89.4,48.3,7,"Tuesday","South_America","Complex","Yes",57.7
95.3,22,9,35,44.1,19,"Tuesday","Asia_Pacific","Simple","No",62.7
20.5,253,11,85.5,28.9,9,"Monday","North_America","Moderate","Yes",60
109.4,323,2,69.9,31.1,22,"Tuesday","North_America","Complex","Yes",41.6
44.5,5,16,76.4,25,4,"Monday","North_America","Simple","Yes",64.7
9,111,2,78.6,46.7,18,"Tuesday","North_America","Simple","Yes",25.9
20.8,28,5,49,61.8,4,"Tuesday","Africa","Simple","Yes",36.7
18.8,76,4,75.8,44.8,21,"Monday","North_America","Moderate","Yes",44.3
310.5,222,11,50.2,87.6,3,"Monday","North_America","Moderate","Yes",47.9
182.2,124,5,68.8,33.9,14,"Monday","Asia_Pacific","Moderate","No",89.7
49.2,89,12,33.7,28.3,2,"Friday","North_America","Simple","Yes",23
97.6,96,20,53.6,57,14,"Tuesday","North_America","Simple","Yes",51.9
49.2,172,7,63.8,39.8,6,"Wednesday","South_America","Simple","No",49.1
41.7,62,9,66.2,89.7,14,"Saturday","North_America","Complex","Yes",48.8
20.9,125,4,85.5,63.5,23,"Wednesday","Europe","Simple","No",41.3
7.6,39,7,64.7,47.1,21,"Saturday","Europe","Simple","Yes",60
74.9,165,18,87.7,34.6,1,"Saturday","North_America","Simple","No",75.5
1.4,33,5,70.4,13.1,10,"Saturday","North_America","Simple","Yes",28.5
77.8,46,2,66.6,56.6,7,"Monday","South_America","Moderate","No",53.6
25.7,96,17,72.6,37.2,19,"Sunday","Europe","Moderate","Yes",74.2
42.2,76,4,49.9,50.9,1,"Wednesday","Europe","Simple","Yes",32
449.2,291,9,68.6,78.8,17,"Thursday","Asia_Pacific","Complex","No",73.5
0.5,217,2,98,28.6,21,"Wednesday","North_America","Simple","Yes",40.8
117,175,17,92.6,17.6,18,"Tuesday","North_America","Moderate","Yes",45.5
101.6,73,18,82.3,77.8,13,"Tuesday","Europe","Simple","Yes",45.7
386.5,52,20,87.4,24.8,9,"Tuesday","North_America","Complex","Yes",56.7
10.2,10,1,92.7,78.1,2,"Wednesday","North_America","Simple","No",29.7
12.9,59,12,70.9,13.1,1,"Thursday","Africa","Simple","Yes",41.5
112,37,4,55,82,5,"Thursday","North_America","Moderate","Yes",78.7
65.8,96,4,80.8,79.8,20,"Saturday","North_America","Simple","No",72.8
375.7,46,16,63,86.3,10,"Friday","Europe","Simple","No",61.6
224,230,16,30.3,41.8,11,"Wednesday","North_America","Moderate","Yes",23.4
5.5,21,7,75.8,36,17,"Wednesday","Europe","Simple","Yes",67.1
65.7,61,13,57.4,88.1,6,"Sunday","North_America","Simple","No",48.8
5.5,16,4,94.8,37.3,12,"Friday","Europe","Simple","Yes",24
59.4,37,5,39.1,88.7,12,"Thursday","North_America","Simple","Yes",71.3
81.7,81,9,55.7,61.3,10,"Friday","Europe","Moderate","Yes",27.7
18.6,66,4,91.2,59.4,23,"Tuesday","Europe","Moderate","Yes",86.8
68.9,243,2,84.6,72.5,12,"Wednesday","North_America","Complex","Yes",40.5
113.6,375,16,64.4,44,20,"Wednesday","North_America","Simple","Yes",32.7
316.9,113,8,31.2,41.2,13,"Monday","South_America","Simple","No",82.7
120.1,49,20,47,46.7,9,"Thursday","Europe","Moderate","Yes",29.2
31.9,25,7,50.8,38.6,15,"Monday","Europe","Moderate","Yes",44.9
90.8,31,3,75,69.3,12,"Thursday","Asia_Pacific","Complex","Yes",52
575.9,115,8,36.7,32.8,20,"Sunday","North_America","Complex","No",81.2
87.5,94,2,95.6,82.5,0,"Saturday","Europe","Moderate","Yes",53.4
26.6,1,3,89,89.1,6,"Friday","Europe","Simple","Yes",68.4
318.5,38,19,49.4,49.5,2,"Sunday","Asia_Pacific","Moderate","Yes",74.3
12.4,39,3,59.6,10.5,15,"Saturday","North_America","Simple","Yes",50
78.3,41,4,53.2,90,9,"Thursday","North_America","Moderate","Yes",51.8
202.4,12,5,53.7,46.8,16,"Saturday","Europe","Moderate","No",36.9
45,41,4,50.7,80.8,0,"Tuesday","Europe","Moderate","Yes",39.8
32.3,50,5,92.2,53.8,3,"Wednesday","Europe","Simple","Yes",83.9
112.2,175,2,49.3,50.8,21,"Thursday","Asia_Pacific","Complex","Yes",87.9
17.6,54,19,89,22.3,1,"Monday","North_America","Moderate","Yes",70.8
22,24,17,85.5,14.9,1,"Sunday","Europe","Moderate","Yes",46
360.9,122,18,42.6,65.3,4,"Friday","North_America","Simple","Yes",54.3
193.3,44,7,45.5,41.8,4,"Wednesday","Europe","Moderate","No",76.8
29.4,105,7,75.3,12.1,18,"Thursday","North_America","Moderate","Yes",59.1
8.3,60,2,61.8,16.4,21,"Wednesday","Europe","Simple","Yes",74
121.7,90,1,37.5,80.6,13,"Saturday","South_America","Moderate","Yes",38.7
205.3,69,19,39.9,72.4,6,"Sunday","Europe","Moderate","Yes",43.1
5.7,11,1,51.6,14.1,1,"Saturday","Asia_Pacific","Simple","Yes",87.8
10.9,1,6,71.3,71.6,13,"Thursday","Europe","Simple","Yes",86.6
19.9,95,6,94.4,11.2,3,"Saturday","Africa","Moderate","Yes",70.5
118.3,487,3,58.7,61.9,11,"Thursday","North_America","Moderate","No",28.7
7.7,130,6,93,28.9,7,"Tuesday","Europe","Simple","Yes",77.2
69.5,315,3,36.8,62.7,15,"Thursday","Europe","Simple","Yes",32.2
177.4,80,9,88.9,58,18,"Friday","Europe","Complex","Yes",31.2
43.9,11,10,47.7,53.1,0,"Sunday","North_America","Simple","Yes",81.5
58.3,12,5,49.3,31.9,19,"Monday","Asia_Pacific","Complex","Yes",24.2
47.4,29,19,41.3,40.5,21,"Thursday","South_America","Simple","Yes",24.2
267.1,72,5,32,34.5,14,"Thursday","South_America","Moderate","Yes",88.3
84.3,282,1,36.7,26.2,10,"Sunday","North_America","Moderate","Yes",71.7
272.2,267,20,38.2,63.6,17,"Friday","Europe","Simple","Yes",57
23.7,262,5,43.2,10.9,16,"Tuesday","Europe","Simple","No",60.5
35,133,4,86.4,22.3,2,"Friday","Asia_Pacific","Simple","Yes",40.5
161.9,125,20,31,53.3,23,"Tuesday","North_America","Simple","No",73.9
12,61,9,56.2,49.6,3,"Saturday","Europe","Simple","Yes",53
3.7,21,20,92.2,54.3,0,"Friday","North_America","Simple","No",74.8
34.2,27,7,31,68.7,12,"Saturday","Asia_Pacific","Simple","Yes",42.1
173.6,41,19,51.1,95,16,"Sunday","North_America","Moderate","Yes",37.7
16.8,12,3,59.1,90.7,20,"Wednesday","North_America","Simple","No",79.4
224.1,134,9,68.2,91,15,"Thursday","South_America","Complex","Yes",37.3
62.3,6,14,92.6,68.2,20,"Sunday","Europe","Moderate","Yes",73.3
32.5,240,5,65.2,72.6,23,"Monday","Europe","Simple","Yes",75.5
269.5,13,10,80.3,91.3,5,"Monday","Europe","Complex","Yes",89.2
49.7,83,8,72,27.6,23,"Tuesday","Europe","Complex","No",76.9
33.3,1,18,44,67.4,6,"Thursday","Europe","Moderate","Yes",26.2
14.9,37,4,64.6,18.3,6,"Wednesday","Europe","Simple","Yes",29.3
67.7,100,10,34.2,52.4,21,"Sunday","North_America","Simple","Yes",45.7
22.5,94,2,82.7,74.4,20,"Monday","North_America","Simple","No",27.6
626.6,463,1,43.9,11,19,"Saturday","Asia_Pacific","Complex","No",68.2
34,96,9,88.3,23.6,13,"Wednesday","Europe","Moderate","Yes",29.9
27.8,114,9,64.9,19.4,14,"Sunday","Asia_Pacific","Simple","Yes",86.6
443,167,15,47.1,78.3,4,"Saturday","South_America","Moderate","Yes",54.6
9,30,3,85.3,41.9,15,"Friday","Europe","Simple","No",30.8
39.1,37,8,34.6,63.6,0,"Thursday","Asia_Pacific","Simple","No",54.4
52.4,6,5,31.8,74.8,9,"Sunday","North_America","Simple","No",55.6
68,207,10,70.5,31.1,14,"Sunday","Asia_Pacific","Simple","Yes",89.3
11.9,19,8,87.6,41.8,23,"Sunday","Asia_Pacific","Simple","Yes",44.3
68.8,159,6,60.8,38.9,18,"Thursday","North_America","Moderate","Yes",69.3
4.8,37,1,64.1,70.1,20,"Sunday","Europe","Simple","Yes",24
429,244,8,44.3,58.6,20,"Wednesday","Europe","Moderate","No",50.8
10.6,188,7,78.7,22.2,3,"Thursday","Europe","Complex","Yes",29.9
19.6,24,5,66.5,35.2,14,"Tuesday","Europe","Simple","Yes",40.9
36.3,15,7,33.3,43.3,20,"Friday","North_America","Moderate","No",28.4
5,54,2,85.9,54.4,17,"Wednesday","North_America","Simple","No",40.7
490.3,189,4,47.2,59.8,8,"Tuesday","Asia_Pacific","Complex","No",22.5
120.8,311,10,65.5,36.3,20,"Saturday","Europe","Moderate","Yes",38.7
8.8,39,2,52.2,40.6,0,"Monday","North_America","Simple","No",61.5
168.4,51,5,37.5,89,0,"Saturday","Africa","Moderate","Yes",29.6
13.1,9,9,87.9,56.3,7,"Tuesday","Europe","Complex","Yes",59.5
83.2,174,14,72.5,60.1,20,"Tuesday","North_America","Simple","Yes",59.9
72.6,72,12,87.7,31.4,16,"Friday","North_America","Moderate","Yes",73.7
357.1,130,2,38.6,43,2,"Wednesday","Asia_Pacific","Complex","Yes",20
110.1,200,3,75.4,64.9,17,"Thursday","North_America","Moderate","Yes",82.7
28.9,2,17,71.3,41,23,"Thursday","North_America","Simple","Yes",28.5
94.6,199,18,94.3,49.8,18,"Wednesday","Europe","Simple","No",21.8
129,9,18,69.5,25,21,"Wednesday","Europe","Simple","Yes",78.8
61.9,77,9,50.6,50.9,4,"Wednesday","North_America","Simple","Yes",43.7
50.5,165,3,93.6,89.2,3,"Thursday","North_America","Complex","Yes",59.2
38.5,6,19,87.4,12.2,7,"Monday","North_America","Moderate","Yes",29.4
85.4,37,18,58.9,42.6,15,"Thursday","Asia_Pacific","Simple","Yes",69.7
9.9,1,3,63,31.3,3,"Monday","Europe","Simple","Yes",59.3
4.4,56,2,82.3,59.1,9,"Sunday","North_America","Moderate","No",39.4
141.6,91,10,47.2,15.8,12,"Friday","North_America","Complex","Yes",78.6
17.4,227,1,85.2,65.3,20,"Sunday","Europe","Simple","Yes",84.4
13,115,7,85.9,14.6,15,"Friday","Europe","Moderate","Yes",65.3
72.3,139,7,58.4,34.7,18,"Wednesday","South_America","Moderate","Yes",46.8
12.2,26,12,92.3,36.4,20,"Wednesday","North_America","Moderate","No",52.7
125.9,148,15,34.8,47.5,6,"Wednesday","Europe","Simple","Yes",70.5
57.1,190,4,85.1,47.1,23,"Tuesday","Europe","Moderate","No",45.1
107.6,191,14,63,94.3,5,"Wednesday","Europe","Simple","Yes",55.4
68.8,13,6,50.8,62,18,"Monday","North_America","Complex","Yes",56.3
24.9,1,2,72,36.8,2,"Wednesday","South_America","Simple","No",67.9
107.7,59,2,51.7,83.3,7,"Wednesday","Asia_Pacific","Simple","Yes",76.2
22.5,48,5,74.4,38.7,17,"Friday","Africa","Simple","Yes",43.1
45.6,37,5,92.3,67.1,13,"Wednesday","South_America","Simple","Yes",77.3
217.1,89,1,68.7,86.5,17,"Sunday","Africa","Moderate","Yes",82.5
368.2,3,10,73.4,81.8,9,"Thursday","North_America","Moderate","No",65.7
8.9,39,8,58.3,17.6,14,"Sunday","North_America","Complex","Yes",41.2
46.4,132,5,84.2,35.4,11,"Saturday","Asia_Pacific","Simple","No",80.8
139.9,40,19,88.6,55.1,18,"Sunday","North_America","Moderate","Yes",89.9
14.7,23,7,55,42.2,11,"Saturday","Europe","Moderate","Yes",56.4
130.2,133,4,63.2,81.8,14,"Sunday","Asia_Pacific","Simple","Yes",50.5
6.5,20,4,91,83.2,11,"Monday","North_America","Simple","Yes",85
111,31,8,61.5,67.9,5,"Wednesday","Asia_Pacific","Complex","Yes",58.5
63,178,14,44.2,52.5,11,"Sunday","Europe","Moderate","Yes",31.1
66.7,5,10,76,78.1,1,"Thursday","South_America","Complex","No",38.7
19.3,33,20,79.9,13.9,10,"Sunday","North_America","Simple","No",62.5
54.3,162,1,74.4,32.3,18,"Tuesday","Europe","Simple","Yes",73.8
11.4,64,5,44.1,26.9,13,"Friday","North_America","Simple","No",22.4
83.1,31,7,95.3,79.4,11,"Thursday","Europe","Complex","Yes",60.2
135.9,78,1,30.5,81.7,17,"Friday","Europe","Moderate","Yes",67.6
46.4,17,5,91.3,80.8,17,"Monday","South_America","Moderate","Yes",71.6
81.9,37,18,36.1,33,21,"Saturday","Asia_Pacific","Simple","Yes",20.6
15.2,20,7,86.9,11.7,16,"Thursday","Europe","Simple","Yes",73.3
20.9,43,2,67.7,63.6,23,"Sunday","North_America","Moderate","No",47.1
139.6,52,17,71,73.6,20,"Monday","Asia_Pacific","Simple","No",35.5
10.3,124,1,85.2,53,8,"Friday","North_America","Simple","No",57.2
32.5,161,2,47.9,41,18,"Thursday","Asia_Pacific","Simple","Yes",75.7
155,448,16,32.7,36.3,2,"Wednesday","North_America","Moderate","Yes",68.5
33.6,181,1,39.4,40.6,17,"Monday","Europe","Simple","No",28.2
125.9,84,16,37.2,40.8,16,"Thursday","North_America","Moderate","Yes",39.3
13.8,3,3,41.9,55.8,23,"Monday","North_America","Simple","Yes",59.3
12,40,10,95.4,65.5,10,"Sunday","North_America","Moderate","Yes",40.1
68.4,120,12,43.2,44.3,7,"Wednesday","North_America","Simple","Yes",77.3
33.3,273,5,52.6,59.6,14,"Sunday","Europe","Moderate","No",56.3
38.3,142,8,77.1,69.1,14,"Friday","North_America","Simple","Yes",23.9
41.3,31,10,77.2,85.8,22,"Saturday","Europe","Moderate","No",39.9
47.8,3,2,49.5,90.6,7,"Thursday","South_America","Moderate","Yes",43.1
57.4,19,5,50.3,45.8,16,"Thursday","North_America","Moderate","Yes",67.8
13.4,136,7,59.2,64.1,6,"Sunday","North_America","Simple","Yes",44
21.2,164,18,56,25.1,21,"Thursday","North_America","Simple","No",69.5
12.8,67,16,91.7,16.8,11,"Tuesday","North_America","Moderate","Yes",21.4
56.4,417,5,66.4,58.1,17,"Tuesday","Europe","Simple","Yes",27.7
40.7,17,10,71.3,79.4,5,"Wednesday","North_America","Simple","Yes",49.4
132.4,284,9,64.3,74.6,17,"Sunday","Asia_Pacific","Moderate","Yes",46.1
189.8,209,19,64.3,58.6,19,"Saturday","South_America","Moderate","Yes",84.4
98.6,181,14,58.8,94,17,"Friday","Europe","Simple","Yes",82.5
132.8,138,9,44.8,94.6,21,"Thursday","Europe","Moderate","No",25.6
91.3,59,5,51.7,37.3,13,"Tuesday","North_America","Complex","Yes",41.3
98.7,47,18,46.4,24.6,13,"Wednesday","Asia_Pacific","Simple","No",29.5
66.4,67,15,30.1,41.6,5,"Monday","North_America","Simple","No",38.6
13.7,28,4,45.2,55.8,2,"Monday","North_America","Simple","Yes",44.3
22,68,5,95.9,79,1,"Friday","Asia_Pacific","Simple","No",78.4
428.4,126,8,59.4,69.4,7,"Friday","Africa","Moderate","Yes",53.3
51.3,14,14,95.5,86.5,11,"Thursday","North_America","Simple","No",27.5
193.8,103,7,47.4,71.5,19,"Sunday","Asia_Pacific","Complex","No",57.9
264.9,201,20,39.2,31.7,21,"Monday","North_America","Complex","Yes",44
125.5,225,8,68.3,36.2,17,"Monday","Asia_Pacific","Moderate","No",60.2
153.2,168,3,59.5,73.5,0,"Tuesday","South_America","Moderate","No",37.9
10.7,65,2,88.7,27.4,7,"Monday","Asia_Pacific","Complex","Yes",47.3
33.6,48,20,92.3,34.3,5,"Monday","North_America","Moderate","Yes",24.6
18.7,29,3,72,86.4,23,"Wednesday","North_America","Simple","No",89.4
9,206,4,87.2,24.3,19,"Friday","Europe","Simple","Yes",47.8
81.5,8,7,49.6,22.2,20,"Wednesday","Europe","Complex","Yes",42.9
428.2,228,9,91.1,72.3,17,"Monday","Asia_Pacific","Simple","No",60.8
16.8,69,4,39.6,56.1,9,"Sunday","Europe","Simple","Yes",26.4
24.6,91,10,39.7,56.1,20,"Monday","Asia_Pacific","Simple","No",37.6
8.6,23,11,69.4,69.8,4,"Saturday","North_America","Simple","Yes",24.1
56.9,94,4,97.7,65.4,12,"Tuesday","North_America","Complex","Yes",52.2
25.1,36,1,66.3,74.7,8,"Sunday","Europe","Simple","Yes",49.5
28.7,8,9,38.7,33.9,13,"Tuesday","South_America","Simple","Yes",67
24.7,99,6,42,93.6,13,"Tuesday","North_America","Simple","Yes",40.6
135.5,34,3,82.7,91.9,22,"Monday","North_America","Complex","Yes",60.9
40.6,167,11,74.2,12.4,1,"Friday","Europe","Complex","Yes",79.7
399.7,107,7,67.8,73.5,11,"Wednesday","North_America","Moderate","No",40.3
60,122,13,80.7,41.2,9,"Thursday","North_America","Complex","Yes",49.8
89.3,48,12,53.3,40.1,8,"Friday","Asia_Pacific","Moderate","Yes",34.3
3.8,105,1,56.6,11.6,9,"Friday","Europe","Moderate","Yes",57.2
146.3,81,2,53.9,74.5,9,"Thursday","Asia_Pacific","Simple","Yes",65.6
30.7,103,13,72.3,23.4,9,"Sunday","North_America","Moderate","Yes",23.7
22.8,67,2,40.9,19.5,6,"Saturday","Asia_Pacific","Complex","No",77.9
421.3,384,6,46.8,70.7,16,"Wednesday","Asia_Pacific","Simple","No",48.4
33,116,3,94.4,47.8,16,"Monday","North_America","Simple","Yes",50
15.6,100,8,97.2,12.2,8,"Friday","North_America","Simple","Yes",47.5
29.5,15,2,66.4,88.2,22,"Wednesday","North_America","Moderate","Yes",30.4
108.2,161,12,33.1,76.7,5,"Friday","Europe","Simple","Yes",25.6
22.5,5,8,71,46.1,2,"Wednesday","Africa","Simple","No",20.7
7.9,19,5,79.1,21,3,"Wednesday","Europe","Simple","Yes",32.6
78.1,10,3,69.6,79.6,6,"Sunday","Europe","Moderate","Yes",29.8
16.9,220,2,65.8,70.9,3,"Tuesday","Asia_Pacific","Simple","No",33.4
45.6,222,2,54.1,45,3,"Sunday","Asia_Pacific","Moderate","Yes",37.2
49.8,90,11,35.4,24.9,22,"Thursday","North_America","Simple","No",75.7
35.3,69,4,38.7,10.9,12,"Sunday","Europe","Simple","Yes",82.1
19.3,19,2,54.9,39,0,"Saturday","North_America","Moderate","No",69.8
3.8,89,1,70.8,26.1,6,"Monday","North_America","Simple","Yes",60
366.2,231,10,46.2,57.8,17,"Wednesday","Asia_Pacific","Moderate","Yes",72.9
111.8,76,15,31.2,60,7,"Friday","North_America","Simple","Yes",63.7
115.1,169,4,51.1,33.9,13,"Monday","Asia_Pacific","Complex","Yes",84.4
177.6,29,3,35.3,88.7,4,"Monday","North_America","Moderate","Yes",56.3
19.5,49,12,47.1,69.8,0,"Tuesday","Europe","Simple","No",46.2
278,69,20,39.6,33.5,2,"Tuesday","North_America","Moderate","No",35.3
781.4,76,16,55.2,70.8,6,"Monday","Europe","Moderate","Yes",81.7
56.5,53,9,39.5,61.7,0,"Wednesday","North_America","Simple","No",68.5
13.7,105,5,68.6,44.7,6,"Wednesday","North_America","Simple","No",47.7
4.5,111,9,66.9,24.2,7,"Wednesday","Asia_Pacific","Simple","Yes",33.9
20.6,53,7,41.1,12.1,15,"Wednesday","Asia_Pacific","Simple","Yes",81.3
11,28,5,94.3,23.2,12,"Tuesday","Asia_Pacific","Moderate","Yes",72.5
13.9,26,9,72.6,59.9,1,"Monday","Europe","Simple","Yes",27.4
64.7,11,16,34.4,28.6,21,"Saturday","Europe","Simple","Yes",32.2
29.5,67,5,42.3,13.8,12,"Thursday","North_America","Simple","No",39.1
139.2,56,7,75.4,87.7,15,"Monday","North_America","Moderate","No",74.8
26.4,99,4,91.7,84,12,"Sunday","Europe","Simple","Yes",77.4
9.3,33,2,85.5,80.3,6,"Sunday","Asia_Pacific","Moderate","Yes",85.9
7.4,18,3,60.1,61.8,0,"Thursday","Asia_Pacific","Moderate","Yes",86.6
20.7,89,1,41,71.5,6,"Wednesday","North_America","Moderate","Yes",27.7
183.3,387,2,41.3,77.7,13,"Friday","Asia_Pacific","Simple","Yes",53.9
39.1,8,2,62.6,83.8,22,"Monday","Europe","Simple","No",29.9
22.1,119,5,56.9,69.5,0,"Wednesday","North_America","Complex","Yes",45.9
3.2,59,1,84.1,38.5,1,"Sunday","Europe","Simple","Yes",77.7
62.2,120,10,82.3,52.3,12,"Thursday","Asia_Pacific","Simple","Yes",71.4
571.1,73,4,57.1,76,15,"Thursday","Africa","Moderate","Yes",87.5
20.9,74,6,72.9,45.6,12,"Monday","North_America","Simple","Yes",51.6
238.2,62,13,58.1,59.6,2,"Tuesday","Asia_Pacific","Moderate","No",40.9
3.3,48,3,54.8,35.5,23,"Thursday","Europe","Simple","Yes",55.4
9.4,39,11,72.2,22.5,16,"Monday","North_America","Moderate","Yes",31.8
4,11,4,95,33.4,18,"Tuesday","Asia_Pacific","Simple","Yes",62
26.6,25,5,62.4,27.3,19,"Friday","Asia_Pacific","Moderate","No",68.1
19.4,188,4,72.2,29.1,19,"Wednesday","Asia_Pacific","Complex","Yes",80.3
82.9,70,12,49.7,54.2,23,"Thursday","North_America","Moderate","Yes",83.7
68,77,5,57.7,88.3,2,"Saturday","North_America","Simple","Yes",30
318,89,18,60.3,59.4,13,"Monday","North_America","Complex","No",39.9
91.8,266,3,49.3,32.2,10,"Friday","Asia_Pacific","Moderate","Yes",43.1
24.1,71,5,96,41.8,3,"Wednesday","Asia_Pacific","Moderate","Yes",58.4
155.9,298,9,90,57.9,20,"Sunday","South_America","Simple","No",70.8
46.1,167,5,85,23.6,17,"Thursday","North_America","Moderate","Yes",43.9
101.9,166,8,78.2,67,19,"Monday","North_America","Complex","No",21.1
27.3,23,14,42.3,11.6,22,"Friday","Europe","Moderate","Yes",74.9
282.8,39,4,34.4,11.1,13,"Thursday","Europe","Moderate","Yes",83.2
137.4,26,10,37.2,66.5,12,"Friday","North_America","Simple","No",56.9
12.8,26,18,87.7,27.5,21,"Thursday","Asia_Pacific","Simple","No",38.1
10.5,79,8,54.4,42.6,3,"Saturday","North_America","Moderate","Yes",76.2
5.2,56,11,83.4,23.6,6,"Tuesday","North_America","Moderate","No",30.4
103.2,227,18,91.7,70.2,23,"Thursday","North_America","Simple","Yes",55.3
17.3,72,4,73.1,62.3,2,"Friday","North_America","Simple","No",59.7
77.8,315,9,71.8,15.2,7,"Wednesday","Europe","Moderate","Yes",61.4
158.4,243,3,34.6,44.5,22,"Wednesday","North_America","Moderate","Yes",89.1
4.5,3,11,46.4,18.9,22,"Tuesday","North_America","Simple","Yes",77.1
33,45,8,57.9,44.2,1,"Sunday","South_America","Simple","No",37.5
12.8,12,14,85.2,48.7,16,"Monday","Africa","Simple","Yes",36.5
38.2,93,4,55.8,63.1,10,"Saturday","North_America","Moderate","Yes",24.7
15,96,8,60.4,16.7,6,"Friday","Europe","Simple","Yes",72.1
111,48,7,68.8,39.1,20,"Tuesday","Europe","Complex","Yes",51.3
8.6,20,9,38.9,12,16,"Thursday","North_America","Simple","Yes",23.1
49.7,11,12,30.9,39,1,"Wednesday","Asia_Pacific","Complex","Yes",81.5
114.4,184,19,76.1,76.6,20,"Friday","Asia_Pacific","Simple","Yes",68.8
20.8,4,6,86.8,73,5,"Sunday","Europe","Moderate","Yes",47.4
15.9,79,3,93.7,79.4,21,"Monday","Europe","Moderate","Yes",75.6
68.8,51,4,34,14.7,11,"Thursday","Asia_Pacific","Moderate","Yes",70.8
14.2,112,3,75.4,22.9,12,"Wednesday","South_America","Simple","No",55.1
592.7,331,5,56.2,65.5,11,"Wednesday","South_America","Moderate","No",81.3
124.8,110,14,69.2,43.4,12,"Monday","South_America","Moderate","Yes",70.1
11.2,85,9,39.4,25.6,0,"Tuesday","Asia_Pacific","Moderate","Yes",23
143.8,121,7,47.4,20.9,7,"Friday","North_America","Moderate","No",70.5
96.3,137,9,51.3,21,7,"Friday","Asia_Pacific","Moderate","Yes",70.8
85.5,98,6,78.6,63.1,3,"Tuesday","Europe","Simple","No",26.1
60.3,37,4,42.8,52.7,8,"Tuesday","Asia_Pacific","Moderate","Yes",41.2
21.9,13,13,39.7,51.5,3,"Monday","North_America","Simple","Yes",59.1
211.9,106,9,69,84.2,0,"Wednesday","North_America","Moderate","Yes",53.3
27.4,104,12,33.3,26.3,14,"Wednesday","Europe","Simple","No",72.6
78.5,17,5,59.6,74.6,15,"Saturday","Asia_Pacific","Moderate","Yes",89.1
3.1,206,1,62.8,28.6,18,"Friday","Asia_Pacific","Simple","No",73
15.4,77,17,61.6,23.3,15,"Saturday","Asia_Pacific","Moderate","Yes",62
169.9,59,1,63.1,22.2,18,"Thursday","South_America","Complex","Yes",47
33.2,118,2,80.2,85.3,21,"Tuesday","Asia_Pacific","Moderate","Yes",75.4
56.2,71,6,97.4,66.8,12,"Tuesday","North_America","Moderate","No",41
26.7,17,17,87.1,48.8,21,"Wednesday","Europe","Moderate","Yes",31.3
72.5,2,11,37.6,70.9,4,"Saturday","North_America","Simple","No",37.6
16.9,18,10,88.6,70.1,22,"Thursday","North_America","Simple","Yes",66.7
34.3,35,8,68.6,65,10,"Thursday","North_America","Simple","Yes",26.1
208.7,218,6,76.5,87.9,9,"Friday","Europe","Moderate","Yes",51.6
40.7,209,18,83.7,27,22,"Saturday","Asia_Pacific","Simple","Yes",49.5
191.2,82,3,57.4,47,15,"Tuesday","South_America","Moderate","No",48.6
24.7,148,6,88,13.1,21,"Tuesday","Asia_Pacific","Moderate","Yes",69.3
72.4,86,12,42.9,23.4,9,"Wednesday","North_America","Simple","No",69.8
130.4,6,20,63.7,69.7,11,"Monday","Asia_Pacific","Moderate","Yes",89.2
1116.4,70,19,38.2,72.9,12,"Monday","North_America","Complex","No",24.6
69.3,65,15,45.5,46.5,14,"Sunday","Europe","Simple","No",35.6
61.1,111,3,91.6,39.8,11,"Wednesday","Africa","Simple","Yes",84.2
13.3,18,14,62.2,51.2,18,"Thursday","Europe","Simple","Yes",25.7
41,44,13,66.8,12,2,"Thursday","North_America","Complex","Yes",89.2
54.6,2,8,96.2,82.2,22,"Friday","North_America","Moderate","Yes",89.1
86.4,53,19,96.1,65.5,23,"Monday","South_America","Simple","Yes",43.1
15.8,84,1,76.6,25.8,3,"Friday","North_America","Moderate","No",81.2
12.3,42,17,83,56.5,6,"Wednesday","Asia_Pacific","Simple","Yes",68.9
1066.5,194,7,31.4,84.3,4,"Thursday","North_America","Complex","No",53.2
43.8,25,5,79.5,29.5,16,"Wednesday","Africa","Moderate","No",88.6
27.3,8,10,92.7,38.9,0,"Saturday","Africa","Simple","No",73.4
9.8,107,3,60,76,3,"Friday","Europe","Simple","Yes",33.2
9,19,6,78,30.2,16,"Thursday","Europe","Simple","No",72.7
6.4,266,1,85.5,16.5,17,"Wednesday","North_America","Simple","Yes",56.3
76.3,60,15,63.1,45.6,11,"Monday","North_America","Moderate","Yes",60.3
154.7,23,10,87.3,27,19,"Thursday","Africa","Complex","Yes",89.3
171.6,135,7,63.5,65.4,8,"Tuesday","Europe","Simple","Yes",82
117.9,20,5,31.2,62.8,1,"Saturday","Africa","Simple","Yes",32.4
158,380,7,60,45.5,11,"Saturday","North_America","Moderate","Yes",53
9.5,51,5,62.5,22.6,2,"Thursday","Europe","Simple","Yes",78.1
21.8,112,4,70.9,25.6,4,"Friday","South_America","Simple","Yes",67.1
67,23,20,60.1,46.2,21,"Monday","Europe","Simple","Yes",67.7
102.5,100,7,50.9,43.1,0,"Monday","Asia_Pacific","Moderate","No",83.7
57.4,407,7,75.8,14.9,5,"Sunday","Asia_Pacific","Simple","No",45.1
9.6,143,7,71.4,10.5,8,"Thursday","North_America","Simple","Yes",24.6
117.7,103,11,96.2,85.1,13,"Sunday","North_America","Moderate","Yes",64.9
5.9,48,2,42,36,20,"Wednesday","North_America","Moderate","Yes",23.2
20.1,91,4,96.2,91.8,13,"Sunday","Asia_Pacific","Simple","Yes",45.9
12.8,2,3,69.4,67.4,16,"Tuesday","North_America","Simple","Yes",83.4
22.3,18,15,80.2,82.6,21,"Friday","North_America","Simple","Yes",74.4
35,102,7,88.9,46.8,7,"Tuesday","Europe","Complex","Yes",78.7
20.5,44,6,74,88.7,17,"Saturday","North_America","Simple","No",41.4
38.1,21,1,77.2,74.1,10,"Thursday","Europe","Simple","No",63.4
10.2,74,7,97.7,33.5,19,"Monday","Asia_Pacific","Moderate","Yes",22.8
4.5,60,3,87.8,68.4,19,"Friday","Asia_Pacific","Simple","Yes",48.4
25.6,14,2,82.1,88.3,8,"Sunday","North_America","Simple","No",75.4
251.9,196,2,39.4,73,4,"Tuesday","North_America","Complex","No",73.3
21.5,148,2,36.5,67.2,9,"Saturday","Asia_Pacific","Simple","Yes",81
22.2,18,1,65.5,73.2,19,"Sunday","North_America","Moderate","Yes",23.4
53.4,45,13,43.1,19.6,3,"Friday","Asia_Pacific","Simple","Yes",58.1
12.1,62,13,79.7,13.5,17,"Sunday","North_America","Simple","Yes",43.6
5.1,67,3,63.6,41.7,2,"Wednesday","South_America","Simple","No",34.2
213.4,125,17,39.7,52.6,19,"Saturday","North_America","Moderate","No",32.8
84.5,50,3,87.2,90.8,10,"Wednesday","Africa","Moderate","Yes",42
123.7,151,7,94,90.6,20,"Friday","Asia_Pacific","Simple","Yes",89.1
239.5,23,10,48.9,64.8,7,"Saturday","North_America","Complex","No",26.6
163.1,63,18,40.2,36.8,2,"Monday","North_America","Moderate","No",29.4
130.7,161,15,78.1,55.3,16,"Monday","Asia_Pacific","Simple","No",25.8
64.3,30,6,68.4,67.3,1,"Tuesday","North_America","Complex","No",34.7
172.1,13,1,36.2,82.9,18,"Sunday","South_America","Simple","No",81
35.3,27,10,68.1,57.3,22,"Wednesday","North_America","Simple","No",29.9
8.2,42,12,71.8,18,2,"Tuesday","Europe","Simple","Yes",21.4
165.9,22,9,67.3,70.5,18,"Saturday","Asia_Pacific","Moderate","No",22.7
65.9,224,3,56.8,81,22,"Saturday","North_America","Moderate","Yes",69.8
52.4,45,5,58.3,43.4,9,"Sunday","South_America","Complex","Yes",57.2
3.3,61,11,91.5,26.6,19,"Monday","North_America","Moderate","Yes",44.5
3.7,74,7,75.8,32,23,"Friday","South_America","Simple","Yes",76.5
51.5,314,12,94.9,13.2,12,"Thursday","South_America","Moderate","No",26.5
62.7,184,15,40.3,54.9,16,"Tuesday","Asia_Pacific","Simple","Yes",50.9
87.5,28,4,68.1,60.2,17,"Wednesday","Africa","Moderate","No",48.6
203.4,96,5,36.7,59.5,19,"Thursday","Asia_Pacific","Moderate","Yes",88.9
19.7,23,9,72.4,86.2,14,"Tuesday","North_America","Moderate","Yes",49.8
114.5,142,1,47.4,46.3,1,"Tuesday","Asia_Pacific","Moderate","Yes",22.6
35.3,53,19,62.6,30.2,2,"Thursday","Europe","Moderate","Yes",82
85.1,242,3,62.4,53.6,5,"Thursday","Africa","Moderate","No",59.8
7.1,124,3,86.5,15.7,5,"Friday","North_America","Simple","Yes",89.4
97.9,148,9,90.9,66.1,17,"Thursday","North_America","Moderate","No",50.6
115.2,74,5,69.2,72.4,8,"Thursday","Europe","Simple","No",87.6
18,33,8,94.2,28.6,4,"Tuesday","Asia_Pacific","Moderate","Yes",85.5
72.4,137,6,49.8,26.1,13,"Saturday","North_America","Simple","No",86.4
193,19,14,72.5,84.2,17,"Friday","North_America","Moderate","Yes",58.7
7.2,29,4,72.2,34.8,20,"Tuesday","Europe","Simple","Yes",86.3
40.2,144,3,74.1,93.8,17,"Friday","South_America","Simple","No",30.9
19.3,22,1,46,72,2,"Friday","Africa","Simple","Yes",77.6
83.9,35,6,57.5,89.1,20,"Friday","Africa","Moderate","Yes",63.2
429.6,3,14,41.6,73.9,3,"Saturday","North_America","Moderate","No",42.7
53.5,36,5,65.3,37.6,16,"Tuesday","North_America","Complex","Yes",51.5
40.8,42,10,69.7,41.9,15,"Monday","Asia_Pacific","Simple","No",59.8
1.3,16,6,35.4,12.9,11,"Tuesday","North_America","Simple","Yes",61.6
58.4,25,18,79.6,86.1,21,"Thursday","Africa","Simple","Yes",24.4
132.6,80,19,71.8,54.3,18,"Tuesday","North_America","Simple","Yes",25.7
10.2,15,3,75.6,39.3,10,"Saturday","North_America","Moderate","Yes",35.3
273.2,148,4,50.1,78.9,16,"Tuesday","Europe","Moderate","Yes",71.4
73.3,100,8,54.5,77.3,10,"Tuesday","North_America","Moderate","Yes",33.4
608.1,162,13,72.9,76.4,16,"Friday","North_America","Complex","Yes",87.2
17.3,54,6,95.3,55.2,21,"Monday","Europe","Moderate","Yes",29.6
21.5,6,5,54.8,19.3,2,"Thursday","North_America","Simple","Yes",47.7
383.9,23,3,43.5,85.5,9,"Tuesday","South_America","Moderate","Yes",84.5
40.4,153,4,47.3,21.3,11,"Monday","North_America","Moderate","Yes",80.6
34.2,126,2,63,80.5,13,"Wednesday","North_America","Simple","No",68.4
126.6,152,8,58.1,57,14,"Monday","Africa","Simple","Yes",84.3
148,75,13,52.3,57.4,17,"Monday","North_America","Simple","Yes",62.3
70.2,94,5,54.3,72.4,22,"Tuesday","North_America","Simple","No",78.1
10,22,7,76.5,43,1,"Wednesday","Europe","Simple","Yes",54.7
61.9,83,2,88.7,78.7,9,"Monday","Europe","Simple","Yes",36.8
94,74,3,61.9,82.4,9,"Monday","North_America","Simple","Yes",78.7
146.6,17,19,69.6,77.4,23,"Tuesday","Europe","Complex","No",20.5
37.8,9,9,63.9,45.4,17,"Thursday","North_America","Simple","Yes",76.8
201.5,100,9,75.4,24.2,10,"Wednesday","South_America","Complex","No",78.1
30.3,3,7,76.8,71.6,11,"Sunday","South_America","Complex","No",32.8
12.7,180,4,37.3,18,4,"Saturday","North_America","Simple","Yes",46.4
85.2,50,17,37.6,14.8,4,"Friday","Asia_Pacific","Moderate","Yes",21.6
17.3,201,2,93.4,11.9,8,"Wednesday","North_America","Moderate","No",52.9
44.6,4,5,58.7,65.4,2,"Tuesday","North_America","Simple","Yes",28.4
372.9,191,17,68.3,68.9,10,"Saturday","South_America","Moderate","Yes",51.1
23.1,76,12,95,25.7,20,"Monday","Asia_Pacific","Moderate","Yes",41.7
166.8,34,16,43.3,77.7,13,"Thursday","South_America","Simple","Yes",55.9
170.5,157,4,45.2,77.2,16,"Sunday","North_America","Moderate","Yes",54.9
43.3,21,10,72.3,63.7,12,"Tuesday","North_America","Moderate","No",27.5
66.6,366,2,86.8,91.2,11,"Saturday","North_America","Simple","Yes",85.4
27.1,51,15,84.9,22.3,13,"Sunday","North_America","Simple","No",57
208.3,201,20,40.3,15.2,20,"Tuesday","Europe","Simple","Yes",71.6
372.6,14,19,35.7,90,9,"Tuesday","Europe","Simple","Yes",46
12,169,2,83,82,20,"Thursday","North_America","Simple","Yes",72.7
13.5,39,5,94.9,40.2,4,"Tuesday","Europe","Moderate","No",68.5
26,57,9,72.1,44.1,23,"Friday","South_America","Simple","No",75.4
10.4,127,1,59.7,91.8,17,"Sunday","North_America","Simple","Yes",21.9
40.5,39,8,75.2,18.3,9,"Monday","South_America","Moderate","Yes",51.4
3.4,30,2,89.1,70.3,21,"Thursday","North_America","Simple","Yes",27.2
110.7,63,8,64.2,57.1,7,"Tuesday","North_America","Moderate","No",29.9
99.4,2,5,66,85.1,22,"Monday","South_America","Complex","Yes",55.6
13.7,78,4,82.4,72.3,8,"Saturday","South_America","Simple","Yes",32.9
339.4,156,14,55.1,63.5,4,"Wednesday","North_America","Moderate","No",51.1
12.1,215,5,94,23.2,7,"Saturday","Europe","Moderate","Yes",26.1
108.5,92,1,32.3,50.3,15,"Friday","Europe","Complex","Yes",48.9
4.7,37,8,53,47,0,"Tuesday","Asia_Pacific","Simple","No",26.9
35.6,27,1,39.2,23.2,17,"Sunday","North_America","Moderate","Yes",84.1
1561,430,6,52.9,80.8,11,"Tuesday","Asia_Pacific","Complex","Yes",24.5
55,12,7,62.9,34.5,9,"Sunday","Asia_Pacific","Simple","Yes",47.3
9.5,5,3,81.5,64.1,15,"Thursday","North_America","Simple","No",76.3
5.1,28,2,84.1,50.9,0,"Tuesday","North_America","Simple","No",46.9
162.2,114,3,58.3,58.1,12,"Wednesday","North_America","Moderate","No",27.9
10,50,12,32,61.9,18,"Wednesday","Europe","Simple","Yes",31.2
49.1,34,3,93.8,19,18,"Thursday","Africa","Complex","Yes",71.2
15.5,164,2,92.3,51.4,18,"Sunday","Asia_Pacific","Simple","No",39.4
132,46,2,71.6,23.8,21,"Sunday","Europe","Complex","No",89.3
8.4,67,1,92.5,46.5,1,"Saturday","North_America","Moderate","Yes",80.9
85.3,174,11,72.6,67,12,"Thursday","Europe","Simple","Yes",49.5
433.5,13,4,38.6,58.7,11,"Thursday","North_America","Moderate","Yes",87.6
110.1,57,7,39.7,32.7,12,"Tuesday","North_America","Moderate","Yes",49.9
68.2,103,1,76.4,35.5,11,"Saturday","Europe","Moderate","Yes",86.3
10.1,420,1,92.8,10.9,7,"Saturday","South_America","Simple","Yes",75.9
57.1,6,18,40.2,35.2,12,"Saturday","North_America","Simple","No",37.3
71.4,1,18,90.2,69.8,17,"Thursday","Africa","Moderate","Yes",54.6
28.9,11,4,60.6,16.2,14,"Sunday","South_America","Moderate","Yes",80.4
335.5,40,14,33.2,92.8,2,"Thursday","South_America","Simple","No",35.6
33.4,56,5,86,78.1,22,"Tuesday","Asia_Pacific","Simple","No",26.3
136.1,230,18,95.7,85.7,7,"Thursday","North_America","Moderate","No",25.5
19.2,223,2,84.9,54.1,4,"Saturday","Europe","Simple","Yes",34
29.2,28,16,50.1,39.2,11,"Friday","North_America","Moderate","Yes",57.6
2.4,145,5,43.5,49.7,20,"Wednesday","Europe","Simple","Yes",63.6
22.6,12,4,43.7,19.2,23,"Tuesday","Europe","Complex","Yes",43.4
140.2,243,3,53.8,29.5,3,"Friday","Asia_Pacific","Moderate","Yes",88.2
34.1,318,10,45.2,41.9,21,"Sunday","Asia_Pacific","Simple","Yes",65.7
103.8,91,8,41.2,44.2,6,"Friday","South_America","Moderate","Yes",56.9
75.6,29,16,36.3,66.6,7,"Sunday","North_America","Moderate","Yes",62.8
99.6,143,5,73,21.8,9,"Friday","Europe","Simple","No",79.6
18.2,89,15,83.4,49.5,2,"Wednesday","North_America","Simple","Yes",83.2
86.2,162,9,34,22.5,10,"Wednesday","Asia_Pacific","Simple","Yes",53
247.9,27,16,35.7,57,21,"Thursday","Europe","Moderate","No",70.8
31,130,7,30.3,12.3,8,"Wednesday","Europe","Moderate","Yes",55.2
69.7,18,14,39.7,78.4,2,"Friday","North_America","Simple","Yes",81
99.2,23,2,93.2,81.1,17,"Saturday","South_America","Moderate","Yes",66.3
82.3,96,9,41,27.1,5,"Tuesday","Africa","Moderate","Yes",56.9
19.7,97,5,97.2,56.8,16,"Thursday","Africa","Simple","Yes",86.3
15.3,211,18,77.9,62.1,14,"Wednesday","North_America","Simple","Yes",75.5
223.2,494,15,52.1,21.2,15,"Tuesday","North_America","Simple","Yes",35.2
132,197,11,52.3,69.3,1,"Monday","Asia_Pacific","Moderate","Yes",48.2
11.2,131,15,82.8,84.6,10,"Wednesday","North_America","Simple","Yes",48.1
6.6,58,1,63.9,90.8,16,"Saturday","North_America","Simple","Yes",50.7
143.5,48,16,63.8,72.4,15,"Friday","North_America","Simple","No",63.7
16.7,154,6,48.1,10.1,2,"Monday","North_America","Moderate","Yes",57.1
13.9,4,6,93.2,75.5,6,"Sunday","Europe","Simple","Yes",57
116.7,40,1,76.1,39.3,14,"Tuesday","South_America","Complex","Yes",29.3
9.4,152,2,78.3,44.9,1,"Wednesday","North_America","Simple","No",27.7
280.7,71,19,49.2,10.3,15,"Friday","South_America","Complex","No",28
76.9,333,5,69.5,38.6,1,"Monday","South_America","Simple","No",51.6
8.1,186,4,94.9,37.6,11,"Tuesday","North_America","Moderate","Yes",47
536.8,269,8,32.4,49.2,1,"Tuesday","North_America","Complex","Yes",72.8
38.3,73,10,64.7,80.2,23,"Monday","North_America","Simple","No",25.6
25.2,3,17,88.5,65.9,8,"Monday","Europe","Simple","Yes",50
31.6,181,3,48.9,41.2,13,"Sunday","Europe","Moderate","Yes",57.7
132,169,10,54.7,77,4,"Monday","Asia_Pacific","Moderate","Yes",57.5
5.6,9,18,92.3,42.4,5,"Saturday","North_America","Simple","Yes",75.1
1155.9,310,20,35.5,90.2,3,"Friday","North_America","Moderate","No",26.4
124.2,116,19,64.9,75.6,14,"Thursday","Asia_Pacific","Simple","No",33.2
30.9,23,12,58.6,36,18,"Friday","North_America","Moderate","Yes",42.8
9.6,100,3,40.7,30.5,9,"Sunday","North_America","Simple","Yes",56.5
4,12,3,60.6,23.2,18,"Tuesday","Europe","Simple","Yes",34.9
125.8,116,3,41.5,85.5,7,"Tuesday","North_America","Simple","Yes",24.3
21.5,87,7,88.2,55.9,14,"Saturday","North_America","Moderate","Yes",63.3
81.5,223,12,76.8,87.1,2,"Saturday","North_America","Simple","Yes",77.8
227.7,167,19,38.3,94.9,6,"Thursday","North_America","Moderate","No",43.9
49,72,1,38.1,57.2,8,"Friday","North_America","Simple","Yes",45.2
62.3,100,15,49.6,38.4,2,"Thursday","North_America","Complex","No",40.8
105.9,74,7,93.9,66.8,3,"Monday","South_America","Moderate","Yes",85.6
155.5,3,8,93.4,84.3,18,"Wednesday","Asia_Pacific","Moderate","Yes",76.8
237.3,3,13,42.4,93.1,12,"Wednesday","North_America","Complex","Yes",56.2
34.3,191,8,92.1,44.3,6,"Friday","North_America","Simple","No",54.8
139.7,66,11,34.5,72.4,11,"Monday","Europe","Complex","No",87.8
19.1,39,4,89.7,36.9,6,"Wednesday","North_America","Complex","No",88.3
111.8,45,5,34,48.8,22,"Friday","South_America","Moderate","No",64.2
5.9,69,3,94.7,30.3,12,"Monday","North_America","Simple","Yes",21.7
368,174,2,40.9,68.8,6,"Friday","Africa","Moderate","No",49.7
68.9,77,19,69.5,45.4,15,"Thursday","North_America","Moderate","Yes",80.1
61.5,63,12,78.4,68.6,5,"Saturday","Europe","Moderate","Yes",79.1
172.7,137,2,49.1,90.7,7,"Sunday","North_America","Complex","Yes",60.9
78.8,51,3,31.8,14.3,20,"Monday","Europe","Complex","Yes",69.1
18,42,5,78.3,62.6,3,"Thursday","South_America","Moderate","Yes",27.7
185.5,166,6,51.3,73.5,3,"Thursday","South_America","Complex","No",40.2
128.6,336,14,88.1,68.4,8,"Friday","Europe","Moderate","Yes",60.4
79.4,72,3,62.1,84.3,17,"Friday","Europe","Simple","Yes",73.1
118.8,319,3,97.5,77.9,13,"Friday","Africa","Simple","Yes",61
41.9,36,10,35.3,85,1,"Sunday","North_America","Moderate","Yes",71.5
73,4,4,31.7,93.4,14,"Monday","North_America","Simple","Yes",49.1
25,9,7,69.1,56.6,6,"Saturday","Asia_Pacific","Simple","Yes",65.2
41.6,15,3,71.3,76.4,11,"Wednesday","Asia_Pacific","Simple","Yes",55.9
107.3,252,18,30.3,59.3,2,"Saturday","North_America","Simple","Yes",45.3
125.6,135,14,80.6,16.5,0,"Friday","Europe","Moderate","Yes",82.5
1315.9,462,7,33.2,49.8,11,"Sunday","Europe","Complex","No",53.6
52.6,84,8,62.5,22.8,8,"Saturday","North_America","Moderate","No",65.6
29.1,103,4,93.8,57.3,3,"Tuesday","North_America","Moderate","Yes",76.7
111.6,375,8,34.1,14.8,8,"Monday","South_America","Simple","Yes",29.9
9.6,95,1,94.8,72.6,0,"Sunday","North_America","Moderate","Yes",80.9
29.5,15,8,82.4,10.2,17,"Wednesday","South_America","Moderate","Yes",34.4
2.6,28,1,87.9,17.4,16,"Sunday","North_America","Moderate","Yes",63.2
15,60,8,44.8,86.6,8,"Sunday","North_America","Complex","Yes",21
9.9,4,4,97.6,92.8,18,"Monday","North_America","Simple","Yes",34.7
20.4,210,14,77.2,36.4,2,"Monday","North_America","Moderate","Yes",70.9
102.8,12,10,49.5,64.6,6,"Monday","South_America","Simple","Yes",74.2
41.8,34,2,85.6,65.6,23,"Tuesday","Europe","Simple","No",46
54.9,94,1,95.2,62,11,"Tuesday","North_America","Moderate","Yes",59.2
68.8,30,7,91.2,84.9,3,"Friday","Africa","Simple","No",64.4
58.8,45,1,38.6,76.4,15,"Friday","North_America","Simple","Yes",81.1
120.6,44,10,34.1,35.9,17,"Monday","South_America","Simple","No",61.3
116.5,65,20,85.7,14.6,12,"Friday","North_America","Simple","No",23.8
122,32,13,88.5,47.9,5,"Friday","North_America","Complex","No",38
33.2,145,2,33.1,46.2,16,"Tuesday","North_America","Simple","No",36
13.2,82,3,45.3,64.1,21,"Thursday","North_America","Simple","Yes",52.2
61.4,307,4,77.9,73.3,2,"Tuesday","Europe","Simple","Yes",69.2
58.8,41,4,36.7,60.1,18,"Thursday","Europe","Simple","Yes",78.1
645.5,211,14,31.1,49.3,14,"Friday","Asia_Pacific","Moderate","Yes",26.2
20.5,62,3,91.6,28.6,20,"Tuesday","South_America","Complex","No",42.9
172.2,46,16,33.3,48.5,10,"Monday","South_America","Simple","Yes",89.8
266.7,79,11,89.4,75.2,3,"Thursday","Europe","Complex","No",63.4
118.9,34,10,38.2,32,12,"Thursday","North_America","Complex","Yes",33.8
60.4,126,19,57.5,70.1,2,"Monday","North_America","Simple","Yes",56.4
19.6,6,2,45.6,76.2,4,"Sunday","Asia_Pacific","Simple","No",67.1
12.9,197,12,82.8,42.9,2,"Thursday","South_America","Moderate","Yes",21.1
10,89,19,69.2,36.2,22,"Thursday","Europe","Simple","Yes",22.9
22.1,47,3,43.2,19.4,2,"Wednesday","Africa","Simple","Yes",26.1
155.1,5,7,58.9,50.8,13,"Friday","Europe","Moderate","No",89
32.4,69,8,59.9,72.6,11,"Tuesday","Europe","Simple","Yes",30.8
7.2,43,7,91.8,54,18,"Wednesday","North_America","Simple","Yes",73.6
329.1,17,20,61.5,88.5,16,"Thursday","Europe","Moderate","Yes",80.4
14,190,1,93.3,11.2,3,"Tuesday","Europe","Moderate","No",41.3
54.7,21,10,56.5,87.9,21,"Sunday","Europe","Simple","Yes",34.6
78.2,193,9,84.8,59.3,10,"Saturday","North_America","Moderate","Yes",62.2
36.2,303,4,82.3,78.7,20,"Saturday","North_America","Moderate","No",41.9
60.7,71,19,53.2,46.9,9,"Sunday","Asia_Pacific","Simple","Yes",36.7
7.8,162,3,93.8,36.7,6,"Friday","North_America","Simple","No",75.5
9.3,54,10,64.3,44.8,1,"Saturday","North_America","Simple","Yes",23
102.2,108,5,52.1,35.3,12,"Thursday","North_America","Moderate","Yes",67.4
32,466,2,60.1,20.2,23,"Thursday","Europe","Moderate","Yes",29.7
11.8,256,13,63.1,33.7,0,"Wednesday","North_America","Simple","Yes",36.8
124.8,274,9,87.2,33.4,9,"Tuesday","North_America","Complex","Yes",32.7
9.5,51,4,94.5,38.9,20,"Friday","Asia_Pacific","Simple","Yes",20.5
45.8,57,19,62,11.6,11,"Wednesday","Europe","Simple","Yes",81.1
166.9,140,10,55.2,74.7,12,"Wednesday","Africa","Moderate","Yes",75.7
312.4,165,17,45.4,48,13,"Wednesday","South_America","Simple","No",67.6
30.4,2,19,30.3,61.1,10,"Saturday","Europe","Simple","Yes",20.2
27.1,74,1,78.2,18.9,14,"Saturday","Asia_Pacific","Moderate","Yes",44.9
13.1,99,14,77.4,12.7,17,"Thursday","Asia_Pacific","Simple","Yes",75.2
49.9,27,15,31,25.7,8,"Saturday","South_America","Simple","Yes",47.9
200.9,60,19,42.8,12.7,23,"Friday","Asia_Pacific","Simple","Yes",57.7
237.9,37,3,66.5,89.8,15,"Thursday","North_America","Complex","No",80.1
27.2,77,2,40.8,51.7,19,"Tuesday","Asia_Pacific","Simple","No",60.1
93,63,16,46.7,78.2,21,"Monday","Europe","Simple","No",31
53.7,453,1,92.7,57.6,12,"Tuesday","Europe","Simple","Yes",56.1
38.9,35,8,54.7,19.3,22,"Wednesday","Europe","Moderate","Yes",70.8
6.8,21,6,97.5,10.9,7,"Monday","Europe","Moderate","Yes",74.9
56.6,171,1,79.3,46.7,8,"Saturday","Asia_Pacific","Complex","No",32.3
43.9,8,14,40.1,27.6,8,"Thursday","Asia_Pacific","Simple","No",89.3
1138.8,2,20,70.2,78.5,6,"Tuesday","Europe","Moderate","No",73.4
37.8,21,3,87.7,53.4,1,"Tuesday","Europe","Moderate","No",65.1
121.2,19,1,79.9,55.8,5,"Monday","Europe","Complex","No",82.7
546.3,398,12,61.4,88.9,0,"Saturday","North_America","Complex","Yes",87.3
7.2,101,5,64.8,16.5,11,"Saturday","Africa","Simple","Yes",43.2
21.4,2,9,67.8,11.9,4,"Monday","North_America","Simple","Yes",79
97.1,236,1,43.7,57.4,7,"Saturday","South_America","Simple","Yes",67.3
17,17,9,90.5,18.9,23,"Monday","South_America","Simple","Yes",50
8.1,63,10,40.5,32.4,19,"Friday","North_America","Moderate","No",21
1,76,8,69.8,21.9,16,"Tuesday","North_America","Simple","Yes",35.2
55,73,15,62.7,23,8,"Tuesday","North_America","Simple","Yes",63.9
77.9,35,7,43.4,58.4,0,"Thursday","Europe","Moderate","Yes",58.8
4,101,1,96.5,15,1,"Monday","North_America","Simple","Yes",63.6
162.3,1,15,51.7,63.5,1,"Thursday","South_America","Moderate","Yes",83.4
215.1,59,6,33,72.6,19,"Saturday","Africa","Complex","Yes",66.5
74.9,46,14,81.3,41.8,9,"Wednesday","Asia_Pacific","Simple","No",45.5
165.9,106,11,68.5,69.9,0,"Saturday","North_America","Moderate","Yes",82.2
38.4,252,7,30.7,14.5,15,"Tuesday","North_America","Moderate","Yes",54.1
110.5,119,1,50.5,59.6,20,"Friday","South_America","Moderate","Yes",31.9
44.3,79,11,88.7,32.5,7,"Thursday","South_America","Simple","Yes",40
16.4,5,14,45.8,25.3,7,"Monday","Europe","Simple","No",84.3
145.9,107,9,34,34.4,1,"Monday","Europe","Moderate","Yes",43.5
8.7,92,8,78.4,61.3,6,"Wednesday","Europe","Simple","Yes",31.8
45.2,169,13,64.6,45.7,14,"Sunday","Europe","Moderate","Yes",35.3
18.2,12,4,57.5,64.1,6,"Friday","Asia_Pacific","Simple","No",23.6
225.5,251,4,58.9,90.6,15,"Monday","Asia_Pacific","Simple","No",37.8
26.1,55,5,92.1,54.7,11,"Monday","Europe","Simple","Yes",89
266.9,137,17,91.3,31.2,10,"Monday","Europe","Moderate","Yes",64
316.5,156,4,44.8,73.2,0,"Wednesday","Asia_Pacific","Moderate","No",75.5
3.8,7,6,69.1,55.1,0,"Saturday","Europe","Moderate","Yes",21.7
89.2,124,2,32.8,21.6,12,"Saturday","Asia_Pacific","Simple","No",74.4
26.9,30,15,66.8,30.4,19,"Thursday","Europe","Simple","Yes",88.7
13.1,3,1,37.7,20.1,0,"Friday","North_America","Simple","No",71.5
52.2,69,7,81.5,19.1,4,"Sunday","North_America","Simple","Yes",57
103.3,97,18,37.6,65.3,1,"Wednesday","North_America","Complex","Yes",49.2
23.4,199,1,43.9,72.7,18,"Friday","North_America","Simple","Yes",70.8
34.3,143,13,82.2,48,19,"Friday","North_America","Moderate","Yes",79
140.7,17,12,58.7,22.5,0,"Saturday","Asia_Pacific","Complex","No",66.6
337.5,65,5,67.2,81.4,16,"Wednesday","North_America","Moderate","No",84.7
19.3,4,2,89.9,94.7,3,"Thursday","Asia_Pacific","Simple","Yes",67.7
99.6,11,4,79.5,11.7,21,"Thursday","South_America","Moderate","Yes",24.1
124.3,248,8,81.2,55.6,3,"Tuesday","Europe","Moderate","Yes",64.8
138,138,13,70.9,77.7,21,"Saturday","South_America","Moderate","Yes",28.9
147,2,9,36.9,54.5,13,"Saturday","Asia_Pacific","Simple","Yes",83.5
24.8,11,18,86.2,31,19,"Friday","North_America","Simple","No",36.4
21.9,33,2,80.2,50.2,3,"Saturday","North_America","Simple","Yes",38.2
46.5,58,1,90,34.8,21,"Thursday","Asia_Pacific","Complex","No",69
10.6,18,9,35.7,92.2,9,"Wednesday","North_America","Simple","Yes",88.2
18.7,14,3,86.4,69.4,17,"Wednesday","North_America","Simple","Yes",20.7
53.3,121,2,48.7,73.5,13,"Thursday","Europe","Simple","Yes",61.3
6.4,116,3,52.7,11.2,23,"Sunday","North_America","Simple","Yes",50.6
45.5,162,13,90.3,44.1,0,"Wednesday","Europe","Moderate","Yes",43.6
38.3,38,11,43,48.6,23,"Friday","Europe","Moderate","No",25.1
28.3,129,4,30.8,20.4,20,"Monday","Asia_Pacific","Simple","Yes",83.9
8.6,96,4,78,31.9,3,"Tuesday","Europe","Moderate","Yes",45.5
24.4,53,5,32.6,22.7,7,"Saturday","North_America","Complex","No",60.5
48.5,59,17,85.9,45.4,15,"Saturday","North_America","Moderate","Yes",23.8
11.5,163,6,91.4,28.4,17,"Friday","North_America","Simple","Yes",29.8
79.9,1,8,41.3,54.4,21,"Monday","North_America","Moderate","Yes",81.5
103.7,110,18,44.1,85.5,1,"Sunday","Europe","Simple","Yes",20.4
15.5,141,9,84.1,53.9,13,"Thursday","North_America","Simple","Yes",47.4
11.1,29,4,90.7,46.1,0,"Friday","North_America","Simple","Yes",53.6
44.2,152,18,46.6,35.1,7,"Saturday","Europe","Simple","Yes",49.6
7.5,159,8,59.5,29.1,3,"Friday","Asia_Pacific","Simple","No",78.5
54.1,194,2,57.1,14.5,18,"Tuesday","Asia_Pacific","Simple","Yes",85.3
16.7,91,9,75.3,76.8,13,"Saturday","North_America","Simple","No",28.9
96.8,91,11,50.8,91.4,10,"Tuesday","North_America","Moderate","Yes",33.5
3.2,53,3,83.9,87.4,12,"Monday","North_America","Simple","Yes",20.3
9.8,42,17,53.2,34.8,22,"Monday","Asia_Pacific","Simple","Yes",24.3
16.4,38,2,47.5,30.7,17,"Monday","Europe","Simple","Yes",78.8
20.8,202,3,30.3,36.2,0,"Tuesday","North_America","Moderate","Yes",38.7
25.4,147,2,55.9,37.9,23,"Friday","North_America","Moderate","Yes",42.5
192.5,239,1,70.8,62.2,13,"Sunday","North_America","Complex","No",38
120.5,96,8,53.1,64,16,"Tuesday","Africa","Simple","Yes",23.9
27,82,9,42,19.2,4,"Saturday","Asia_Pacific","Simple","Yes",64.6
15.9,44,6,97.8,52.3,22,"Sunday","North_America","Simple","No",54.7
12.4,148,2,48,14,1,"Wednesday","North_America","Moderate","Yes",46.3
64.8,90,17,67.4,65.9,21,"Wednesday","Europe","Moderate","Yes",38.3
62.5,77,10,39.2,91.1,23,"Thursday","North_America","Simple","Yes",25.5
17.4,23,14,76.4,91.3,11,"Monday","Europe","Simple","Yes",39.9
184.6,230,4,60.6,87.4,18,"Thursday","Europe","Moderate","Yes",49.9
57.5,63,15,54.9,50.5,20,"Friday","Asia_Pacific","Simple","Yes",23.4
103,80,9,56.3,41.4,7,"Monday","Europe","Moderate","Yes",70.7
34.2,133,19,57.5,43.1,20,"Thursday","North_America","Moderate","Yes",83.7
39.5,24,1,86.3,90,5,"Monday","Asia_Pacific","Simple","Yes",26.3
29.2,61,4,92.3,68.3,22,"Thursday","South_America","Simple","No",42.9
133.8,56,14,81.8,45.4,13,"Wednesday","Europe","Moderate","Yes",78.9
314.3,477,8,55,50.8,0,"Tuesday","North_America","Complex","No",68.3
17.2,10,7,77,73.5,16,"Sunday","North_America","Moderate","Yes",73.2
140,189,15,64.5,72.5,9,"Tuesday","Asia_Pacific","Moderate","Yes",84.3
8,100,4,31.3,50.1,8,"Thursday","North_America","Simple","Yes",85.3
142,161,18,74,45,7,"Wednesday","Asia_Pacific","Simple","No",27.1
35.5,29,9,72.4,44.2,9,"Wednesday","North_America","Moderate","Yes",46
48.8,122,12,52.6,67.1,18,"Sunday","North_America","Moderate","Yes",48.2
178.8,38,14,31.8,68.7,1,"Tuesday","North_America","Complex","Yes",66.5
4.1,101,8,96.3,15,18,"Saturday","Europe","Simple","Yes",79.1
15.3,104,8,97.4,49.1,6,"Friday","Europe","Simple","Yes",33.4
68.5,33,5,35.2,53,5,"Thursday","South_America","Moderate","Yes",23.1
29.6,36,10,66.6,23.4,1,"Monday","Africa","Simple","Yes",47.9
26.3,101,13,96.5,35.7,6,"Wednesday","North_America","Complex","Yes",81.6
62,81,5,37.5,27,0,"Sunday","Asia_Pacific","Complex","Yes",30.2
33.1,76,8,54.7,19.9,9,"Wednesday","North_America","Simple","No",70
18.9,184,3,64,82.4,15,"Saturday","Europe","Simple","Yes",80.1
28.1,5,14,92.1,38.9,7,"Tuesday","South_America","Moderate","Yes",28.9
127.3,8,17,68.9,15.3,5,"Tuesday","Asia_Pacific","Complex","Yes",25.2
59.1,40,8,31.6,64.8,9,"Monday","North_America","Simple","Yes",20.6
110.5,117,8,88.2,74.9,10,"Sunday","South_America","Simple","Yes",71.1
6.8,96,1,86.5,55.6,14,"Thursday","Europe","Simple","Yes",24.5
17.8,262,3,89.7,52.7,21,"Monday","North_America","Simple","Yes",37.3
62.5,241,7,85.1,74.3,17,"Tuesday","Asia_Pacific","Simple","Yes",54.9
241.3,254,3,30,85.3,12,"Thursday","Asia_Pacific","Simple","No",30.3
384.5,26,13,36.9,80.3,9,"Saturday","Europe","Moderate","Yes",53.6
321.4,229,1,86.8,52.6,18,"Sunday","Asia_Pacific","Complex","No",85
75.8,14,10,45,77.7,1,"Friday","North_America","Simple","No",20.6
80.3,69,1,32.1,26.4,2,"Sunday","Europe","Complex","Yes",58
71.7,120,5,69.2,41.7,22,"Sunday","South_America","Simple","Yes",86.9
8.1,76,6,81.5,44.6,21,"Monday","Europe","Moderate","Yes",64.1
31.8,116,1,89.4,17.8,20,"Monday","North_America","Complex","No",59.2
90.8,68,20,34.1,10.2,16,"Wednesday","Asia_Pacific","Moderate","Yes",60.4
61.5,10,3,45.1,43.1,8,"Monday","Asia_Pacific","Moderate","No",25.7
8.2,23,2,58.2,23.5,3,"Thursday","Europe","Simple","Yes",72
107.5,70,3,58,84.7,4,"Monday","Asia_Pacific","Moderate","No",29.2
423.7,276,18,69.4,60.2,17,"Saturday","North_America","Moderate","Yes",85.1
24.8,24,7,94.1,48.4,13,"Sunday","North_America","Simple","Yes",75.7
22.7,87,8,97.2,55.3,11,"Tuesday","North_America","Simple","No",56.7
378.7,229,2,38.8,14.3,17,"Wednesday","Africa","Complex","Yes",42.5
21.7,7,7,48.7,74,17,"Sunday","Europe","Simple","Yes",82.2
23,299,2,86.3,68.5,0,"Friday","North_America","Simple","Yes",84.6
10.6,162,9,97.4,20.9,22,"Saturday","Europe","Complex","No",20.7
192.9,45,20,75.8,61.9,11,"Thursday","North_America","Moderate","Yes",31.1
91.7,83,5,35.3,65.2,14,"Tuesday","North_America","Simple","Yes",71.5
136.9,107,4,39.1,39.3,8,"Sunday","Europe","Moderate","Yes",67.4
137.2,132,20,53,68.6,6,"Wednesday","Europe","Simple","Yes",66.5
79.2,218,2,47.1,58.3,16,"Thursday","Europe","Simple","No",80.2
98.5,217,12,47.1,33.5,6,"Thursday","North_America","Moderate","Yes",60
73.2,81,7,83.3,87.7,18,"Monday","Asia_Pacific","Simple","Yes",34.6
26.1,36,2,41.8,13.9,15,"Friday","North_America","Simple","Yes",58.5
157.9,37,19,70.7,86.8,0,"Monday","Asia_Pacific","Simple","Yes",64.6
71.2,7,5,77,79.5,16,"Thursday","South_America","Moderate","Yes",42.7
7.2,221,13,92.8,37.5,17,"Thursday","North_America","Simple","No",36.5
10.2,287,7,76.9,45.5,12,"Sunday","North_America","Simple","Yes",38.7
261.4,86,8,48.6,52.9,17,"Tuesday","Africa","Simple","No",85.3
5.7,35,5,30.7,56.9,18,"Sunday","Europe","Simple","Yes",80.4
417.9,82,20,32.9,16.2,5,"Saturday","Africa","Simple","No",69
3.4,109,2,41.4,37.1,4,"Wednesday","North_America","Simple","No",49.8
6.1,82,5,88,29.8,22,"Tuesday","North_America","Simple","Yes",64.8
38.3,333,4,33.1,18.3,22,"Friday","Europe","Moderate","Yes",81.7
301.9,175,13,48.5,93.1,20,"Monday","North_America","Moderate","Yes",64.9
14.2,118,1,90.4,39.1,17,"Thursday","Asia_Pacific","Moderate","Yes",44.5
106.4,272,4,67.3,89.3,20,"Monday","North_America","Complex","Yes",29.8
1.4,19,2,84.7,78.9,7,"Thursday","North_America","Simple","Yes",30.9
7.7,62,6,95.1,44.8,13,"Wednesday","Asia_Pacific","Moderate","Yes",65.5
122.5,15,7,76.9,77.8,4,"Thursday","Asia_Pacific","Moderate","No",84.8
23.3,27,16,57.3,30.8,13,"Wednesday","North_America","Simple","No",87.4
261.6,214,3,96,76.2,14,"Friday","Europe","Complex","No",52.3
5.7,104,11,93.9,17.3,19,"Wednesday","Asia_Pacific","Simple","Yes",46.8
13.9,9,2,65.2,28,13,"Monday","North_America","Simple","Yes",82.2
647.9,490,12,39.3,93.6,17,"Sunday","North_America","Simple","No",81.5
4.5,425,5,72.6,13.8,5,"Wednesday","Europe","Moderate","Yes",27.6
27,80,3,85.9,56.4,18,"Monday","North_America","Simple","No",35
158.8,82,5,39.3,67.3,11,"Monday","Europe","Simple","No",64.8
11.5,78,5,70.6,33.5,21,"Friday","Asia_Pacific","Simple","Yes",21.8
0.7,12,18,96.8,51.9,0,"Tuesday","North_America","Simple","Yes",46.3
379.4,88,16,45.7,83.1,12,"Thursday","Europe","Moderate","Yes",35.4
50.2,166,4,58.4,51.2,6,"Wednesday","North_America","Moderate","Yes",88.2
30.3,132,3,36.8,21.5,2,"Monday","North_America","Simple","No",22
173.9,130,8,48.9,37,0,"Wednesday","Europe","Moderate","No",83.3
142.4,70,10,66.1,75.1,13,"Friday","Europe","Complex","No",37.3
35.9,39,1,51.4,13.8,13,"Sunday","North_America","Moderate","Yes",69.9
130.3,41,15,70.8,88.6,17,"Monday","North_America","Moderate","Yes",35.4
11.5,231,4,97.1,68,15,"Sunday","Europe","Simple","Yes",41.4
215.4,69,11,71.4,45.4,0,"Saturday","North_America","Complex","No",46.4
43.4,60,3,39.9,21.5,3,"Friday","North_America","Complex","Yes",78.6
67.2,71,20,77.9,88.8,10,"Saturday","North_America","Simple","Yes",27
31.4,380,2,76.2,29.7,12,"Sunday","North_America","Moderate","Yes",73.5
151.9,68,7,51.9,72.9,1,"Saturday","Asia_Pacific","Simple","Yes",85.9
25.1,15,8,58.8,10.7,7,"Monday","Europe","Simple","No",25.2
90.7,39,5,50.7,31.1,15,"Sunday","Asia_Pacific","Moderate","Yes",46.9
234.3,131,18,86.6,94.1,19,"Tuesday","South_America","Moderate","Yes",81.8
83,95,1,70.4,71,4,"Monday","Africa","Moderate","Yes",38.6
97.7,52,9,84.9,65.4,11,"Tuesday","Europe","Simple","No",76.3
39.6,3,5,50,30.4,5,"Wednesday","North_America","Simple","No",53.9
69.8,49,8,39.6,17.4,4,"Friday","North_America","Complex","Yes",49.8
17.6,225,14,90.4,35.2,3,"Sunday","North_America","Simple","No",85.2
48.2,98,6,30.6,56.1,15,"Wednesday","North_America","Moderate","No",89.3
204.4,52,20,68.7,76.4,20,"Sunday","Europe","Simple","Yes",69.4
60,211,11,95.8,33.1,22,"Sunday","South_America","Complex","No",78.1
172.4,41,16,48.3,37,15,"Sunday","Asia_Pacific","Simple","No",67.9
102.3,157,8,96.9,90.6,22,"Saturday","Asia_Pacific","Moderate","Yes",41.3
36.3,112,9,32.4,51.7,1,"Friday","North_America","Simple","Yes",24.8
188.3,208,2,47.5,92.7,14,"Wednesday","Asia_Pacific","Simple","Yes",77.7
201.2,225,5,47.7,81.9,13,"Monday","Europe","Simple","Yes",59.5
24.5,5,2,94.5,93.3,17,"Thursday","Asia_Pacific","Moderate","Yes",66.1
51.5,4,11,96.6,19.7,11,"Sunday","North_America","Complex","Yes",26
6.1,139,1,79.9,36.7,15,"Monday","Europe","Simple","Yes",50.1
200.1,60,15,49.5,90.3,11,"Sunday","Europe","Moderate","Yes",84.5
44.6,22,3,57.8,64.5,17,"Wednesday","South_America","Simple","Yes",20
438.2,76,1,43.7,93.3,12,"Monday","North_America","Complex","Yes",80.2
67.2,114,14,82.1,92.6,15,"Friday","North_America","Simple","Yes",43.3
29.3,14,2,80.5,72.1,14,"Sunday","North_America","Moderate","No",66.9
20.1,119,4,63.9,43.3,20,"Thursday","Europe","Moderate","Yes",55.7
240.5,4,12,75.6,66.4,15,"Monday","North_America","Complex","Yes",70.2
17.1,93,11,81.2,31.9,0,"Monday","North_America","Simple","No",73.6
73.1,5,20,82.6,36.3,5,"Thursday","Asia_Pacific","Moderate","Yes",33
