"transport_mode","commute_distance","household_vehicles","public_transit_access","parking_cost","transit_pass_subsidy","weather_sensitivity","environmental_concern","physical_fitness","time_flexibility","neighborhood_walkability","safety_perception"
"Car",22.9,0,1980,82,"No","High",6,"Very Good","Yes",54,"Neutral"
"Car",23.5,2,905,283,"Yes","Low",4,"Excellent","Yes",86,"Unsafe"
"Car",7.5,0,1415,134,"No","Low",6,"Good","Yes",29,"Very Safe"
"Car",20.8,1,1784,163,"Yes","Very High",7,"Good","Yes",36,"Neutral"
"Car",16.2,1,1677,49,"No","Low",5,"Fair","Yes",59,"Unsafe"
"Public_Transit",13.2,2,1482,208,"No","Moderate",5,"Very Good","No",81,"Unsafe"
"Car",18.5,1,1311,239,"No","High",7,"Fair","No",38,"Neutral"
"Car",3.8,3,1694,232,"No","Very Low",10,"Fair","No",77,"Unsafe"
"Public_Transit",16.6,2,361,64,"No","High",9,"Fair","Yes",91,"Neutral"
"Public_Transit",17.8,0,759,61,"Yes","Moderate",6,"Good","Yes",35,"Safe"
"Bicycle",11.7,1,586,190,"Yes","Low",6,"Good","Yes",95,"Neutral"
"Car",18.1,1,293,228,"No","Moderate",6,"Good","No",66,"Very Safe"
"Car",23.4,2,1153,242,"No","High",9,"Very Good","No",30,"Very Safe"
"Car",6.8,2,1363,249,"No","Moderate",2,"Very Good","Yes",33,"Safe"
"Public_Transit",11.8,2,53,36,"No","High",7,"Very Good","Yes",28,"Neutral"
"Car",23.5,0,1612,84,"Yes","Moderate",5,"Very Good","No",87,"Very Safe"
"Car",24.5,2,437,254,"No","High",10,"Good","No",45,"Neutral"
"Car",3.4,2,1350,33,"Yes","Moderate",6,"Fair","Yes",86,"Safe"
"Car",12.1,3,1586,5,"Yes","Very Low",6,"Very Good","Yes",58,"Neutral"
"Car",14.2,2,1907,124,"No","Moderate",7,"Good","Yes",47,"Safe"
"Car",22.6,0,796,177,"No","Moderate",4,"Good","Yes",64,"Safe"
"Walking",3.9,2,1076,155,"Yes","Moderate",8,"Fair","Yes",99,"Very Unsafe"
"Public_Transit",24.7,2,807,280,"Yes","High",8,"Fair","Yes",83,"Unsafe"
"Car",23.7,2,307,78,"No","Very Low",5,"Fair","No",65,"Unsafe"
"Walking",2.5,2,1625,213,"Yes","Low",6,"Very Good","Yes",32,"Very Safe"
"Car",13.1,1,1388,50,"No","Low",3,"Very Good","Yes",77,"Very Unsafe"
"Car",10.1,1,622,246,"No","Moderate",4,"Fair","Yes",68,"Safe"
"Car",22.7,2,869,225,"Yes","Very Low",5,"Poor","No",72,"Neutral"
"Car",11.5,4,1484,87,"No","Moderate",4,"Fair","No",41,"Neutral"
"Car",21,0,1707,54,"No","Moderate",4,"Very Good","Yes",84,"Safe"
"Car",18.6,4,201,185,"Yes","High",7,"Poor","No",42,"Neutral"
"Car",20.4,2,604,184,"Yes","Moderate",8,"Very Good","No",24,"Safe"
"Car",10,2,264,260,"Yes","Moderate",8,"Good","Yes",77,"Safe"
"Car",17.3,2,483,192,"Yes","Moderate",7,"Very Good","No",72,"Unsafe"
"Car",0.6,1,142,28,"Yes","Moderate",7,"Very Good","No",64,"Neutral"
"Car",20.9,1,169,260,"No","Very Low",7,"Good","No",26,"Unsafe"
"Car",0.7,0,1091,253,"Yes","High",2,"Fair","No",81,"Safe"
"Car",5.6,3,242,149,"No","Moderate",5,"Good","Yes",78,"Very Safe"
"Car",22.7,1,866,24,"No","Very High",9,"Good","Yes",36,"Neutral"
"Car",15.5,2,285,6,"No","High",6,"Very Good","Yes",56,"Unsafe"
"Car",9.8,0,1854,93,"Yes","Very Low",5,"Fair","Yes",63,"Very Unsafe"
"Bicycle",11.2,2,69,220,"No","High",9,"Very Good","No",94,"Safe"
"Car",1.4,1,993,299,"No","High",5,"Good","Yes",54,"Safe"
"Car",24.4,3,1527,137,"No","Low",4,"Good","Yes",88,"Safe"
"Car",11.1,3,1829,209,"No","Very Low",3,"Very Good","Yes",88,"Safe"
"Car",24,2,1566,283,"No","Moderate",7,"Very Good","Yes",88,"Very Safe"
"Car",22.2,1,1950,139,"Yes","Very High",5,"Very Good","No",59,"Neutral"
"Car",16.2,0,366,212,"No","High",7,"Excellent","Yes",71,"Very Safe"
"Car",24.3,4,658,251,"Yes","High",5,"Good","No",37,"Very Safe"
"Car",15.7,2,908,15,"Yes","High",5,"Fair","Yes",38,"Safe"
"Walking",8.7,0,1320,121,"Yes","High",4,"Poor","No",81,"Very Safe"
"Car",9,2,1397,162,"No","Moderate",1,"Fair","No",69,"Safe"
"Car",10.3,2,438,220,"Yes","Very Low",4,"Good","No",76,"Neutral"
"Car",19.7,3,1609,44,"Yes","Low",5,"Very Good","No",100,"Very Safe"
"Car",1.5,2,1551,110,"Yes","Moderate",1,"Very Good","No",83,"Safe"
"Car",18.8,0,1336,6,"No","Moderate",6,"Excellent","No",61,"Very Safe"
"Public_Transit",17.1,3,323,3,"Yes","Low",5,"Good","Yes",65,"Unsafe"
"Car",4.7,1,1353,239,"No","High",5,"Good","Yes",81,"Very Unsafe"
"Car",6.9,2,347,205,"No","Low",6,"Excellent","Yes",36,"Neutral"
"Car",13.1,2,1177,8,"Yes","Moderate",6,"Excellent","Yes",56,"Neutral"
"Car",17.1,2,1247,91,"No","Moderate",7,"Very Good","No",25,"Unsafe"
"Car",24.6,0,344,285,"Yes","Moderate",8,"Very Good","Yes",94,"Very Safe"
"Car",19.1,2,1096,85,"No","Moderate",6,"Poor","No",89,"Neutral"
"Car",14.4,2,1164,108,"No","High",6,"Very Good","Yes",55,"Very Safe"
"Car",21.3,1,1227,150,"No","High",6,"Fair","Yes",86,"Safe"
"Car",5.1,3,1691,80,"No","Moderate",7,"Excellent","No",42,"Unsafe"
"Car",7.1,0,1079,273,"No","Moderate",10,"Good","No",61,"Neutral"
"Car",20.8,2,529,54,"No","Very High",5,"Fair","Yes",96,"Safe"
"Car",17.5,1,632,185,"Yes","High",4,"Fair","Yes",21,"Very Unsafe"
"Walking",6.4,3,1700,14,"Yes","Moderate",6,"Good","Yes",77,"Very Unsafe"
"Car",1.6,1,924,240,"Yes","Moderate",4,"Fair","Yes",57,"Safe"
"Car",3.9,2,1410,198,"Yes","Moderate",4,"Very Good","No",94,"Unsafe"
"Car",5.8,1,1897,221,"No","High",4,"Excellent","Yes",83,"Neutral"
"Car",12.2,0,1168,13,"No","Moderate",8,"Fair","No",54,"Neutral"
"Car",5.3,2,1011,162,"Yes","High",6,"Good","No",45,"Very Unsafe"
"Car",18.1,3,1020,188,"Yes","High",4,"Very Good","Yes",72,"Neutral"
"Car",0.7,0,233,225,"Yes","Very Low",1,"Good","Yes",70,"Neutral"
"Car",9.7,2,1919,45,"Yes","Low",8,"Very Good","Yes",95,"Neutral"
"Car",13.1,2,438,133,"Yes","Moderate",8,"Good","Yes",32,"Unsafe"
"Car",0.5,2,1089,210,"Yes","High",6,"Good","No",34,"Very Safe"
"Car",14.7,1,314,32,"No","Low",8,"Poor","No",76,"Neutral"
"Car",4.4,4,519,232,"No","Moderate",6,"Good","Yes",65,"Safe"
"Car",9.3,1,409,191,"No","Moderate",4,"Good","Yes",27,"Unsafe"
"Car",16.3,3,1338,178,"Yes","Moderate",5,"Fair","Yes",21,"Safe"
"Car",19.5,3,252,3,"No","Low",4,"Excellent","Yes",43,"Safe"
"Bicycle",14.3,2,596,6,"Yes","High",4,"Good","No",65,"Very Unsafe"
"Bicycle",6.2,0,58,49,"No","Low",8,"Excellent","Yes",91,"Safe"
"Car",2.7,1,490,20,"No","Moderate",5,"Fair","Yes",32,"Neutral"
"Car",2.6,3,1509,143,"No","Moderate",3,"Fair","No",53,"Very Safe"
"Car",8,2,106,295,"No","Very Low",5,"Good","Yes",44,"Safe"
"Car",16.9,0,1504,131,"No","Moderate",8,"Excellent","No",94,"Very Unsafe"
"Car",0.5,2,1261,284,"No","Low",8,"Very Good","Yes",24,"Very Safe"
"Car",5.6,3,832,101,"No","Very Low",5,"Very Good","Yes",71,"Neutral"
"Public_Transit",23.4,1,718,148,"No","Very High",8,"Very Good","Yes",71,"Unsafe"
"Car",23.2,2,507,252,"No","Moderate",9,"Good","No",91,"Unsafe"
"Car",18.5,1,1540,248,"No","Moderate",8,"Good","Yes",86,"Safe"
"Car",8.7,1,456,43,"No","High",7,"Good","Yes",58,"Very Safe"
"Car",13.1,2,488,35,"Yes","Low",3,"Very Good","No",71,"Unsafe"
"Car",18.7,0,1327,1,"No","Moderate",1,"Good","Yes",80,"Neutral"
"Car",15.7,1,1019,222,"No","Very Low",9,"Good","Yes",63,"Neutral"
"Car",15.8,2,1200,235,"Yes","Very Low",4,"Poor","Yes",76,"Neutral"
"Car",5.8,3,894,64,"No","Moderate",8,"Poor","No",26,"Safe"
"Car",5.8,3,1344,155,"Yes","Moderate",4,"Poor","No",48,"Very Safe"
"Car",10,2,1267,58,"Yes","High",5,"Good","No",27,"Unsafe"
"Car",23.6,1,1029,137,"No","Moderate",4,"Excellent","No",96,"Safe"
"Car",24.1,3,631,158,"No","High",2,"Fair","Yes",71,"Very Unsafe"
"Car",18.6,0,1477,104,"No","Moderate",6,"Fair","Yes",85,"Unsafe"
"Car",18.5,1,1695,222,"Yes","High",5,"Very Good","Yes",99,"Safe"
"Car",13.6,3,1350,14,"Yes","Low",5,"Good","Yes",36,"Safe"
"Car",0.6,0,1034,85,"No","Moderate",3,"Good","Yes",50,"Safe"
"Car",15.4,3,1438,51,"No","Moderate",2,"Good","No",91,"Neutral"
"Car",21,1,1953,83,"Yes","Moderate",5,"Very Good","Yes",99,"Safe"
"Car",18.9,0,1396,208,"Yes","Very Low",1,"Good","Yes",45,"Neutral"
"Car",11.6,3,1991,254,"No","Moderate",7,"Good","No",45,"Very Safe"
"Car",13.6,2,1906,152,"No","Low",7,"Good","Yes",20,"Neutral"
"Car",13.7,2,1535,286,"No","Very Low",3,"Very Good","No",53,"Safe"
"Car",0.5,0,334,23,"Yes","Very Low",3,"Good","No",53,"Very Safe"
"Car",9.2,3,392,157,"No","High",7,"Poor","Yes",65,"Very Unsafe"
"Car",15.5,2,1872,218,"Yes","High",6,"Very Good","No",34,"Unsafe"
"Public_Transit",20.8,0,986,30,"No","Moderate",9,"Excellent","No",87,"Neutral"
"Car",9.2,3,770,235,"No","High",4,"Good","Yes",47,"Neutral"
"Car",10.6,0,685,135,"No","Low",3,"Excellent","Yes",99,"Safe"
"Car",14.6,1,974,134,"Yes","High",3,"Very Good","Yes",42,"Neutral"
"Car",14.9,2,1865,219,"Yes","Low",3,"Good","No",82,"Unsafe"
"Public_Transit",18.1,0,1088,148,"Yes","High",5,"Good","Yes",21,"Very Safe"
"Car",10.2,3,1837,32,"Yes","Moderate",5,"Very Good","Yes",45,"Safe"
"Car",23,1,688,276,"Yes","Moderate",3,"Poor","Yes",45,"Unsafe"
"Car",24.1,3,643,72,"Yes","High",6,"Good","No",42,"Neutral"
"Car",6.2,2,60,196,"No","Moderate",1,"Poor","Yes",87,"Safe"
"Car",18.3,1,991,265,"No","Very High",9,"Fair","Yes",77,"Neutral"
"Car",22.6,2,785,267,"No","High",7,"Poor","Yes",24,"Safe"
"Car",15.3,3,318,293,"No","Very Low",4,"Good","Yes",34,"Unsafe"
"Car",16,3,1057,145,"Yes","Moderate",5,"Fair","No",94,"Unsafe"
"Car",23.5,2,1616,29,"Yes","High",1,"Fair","No",43,"Unsafe"
"Car",21.3,1,130,279,"No","Moderate",3,"Very Good","Yes",95,"Neutral"
"Car",14.7,1,1441,95,"Yes","Moderate",3,"Good","Yes",61,"Neutral"
"Car",20.6,2,1432,141,"No","Moderate",3,"Good","No",34,"Unsafe"
"Car",3.3,2,1796,167,"No","High",1,"Good","Yes",28,"Neutral"
"Car",19.2,1,587,246,"No","Moderate",4,"Good","No",99,"Unsafe"
"Car",15.8,1,313,191,"No","Very High",4,"Fair","Yes",91,"Very Safe"
"Car",4.1,2,1856,110,"No","Low",3,"Good","Yes",31,"Neutral"
"Car",2.5,0,1304,144,"No","High",6,"Fair","No",67,"Safe"
"Car",11.9,1,1229,42,"No","High",5,"Poor","Yes",65,"Unsafe"
"Car",19.6,3,641,71,"Yes","Low",2,"Fair","No",30,"Unsafe"
"Car",18.5,2,469,253,"No","Very High",4,"Fair","Yes",48,"Unsafe"
"Car",20.5,2,1648,244,"No","Very High",2,"Fair","No",38,"Neutral"
"Car",4.7,2,1155,297,"Yes","Very High",4,"Excellent","No",92,"Very Safe"
"Car",23.6,2,1814,219,"Yes","Low",6,"Fair","Yes",50,"Neutral"
"Car",7.7,1,1223,112,"No","High",10,"Fair","Yes",28,"Neutral"
"Car",4.2,2,441,153,"Yes","High",4,"Good","No",52,"Safe"
"Car",18.1,0,1647,279,"Yes","High",8,"Good","No",46,"Safe"
"Car",8.4,2,1330,174,"Yes","Moderate",6,"Good","No",76,"Safe"
"Car",19.6,4,903,122,"No","Low",4,"Fair","No",25,"Neutral"
"Car",10.2,0,319,64,"Yes","Moderate",5,"Good","Yes",78,"Very Safe"
"Car",17.1,1,91,247,"Yes","Low",2,"Fair","No",84,"Safe"
"Car",19.5,0,1431,147,"No","Low",7,"Fair","Yes",63,"Very Unsafe"
"Car",5.1,1,239,48,"Yes","Moderate",4,"Poor","Yes",77,"Neutral"
"Car",1.2,1,214,213,"Yes","Very Low",10,"Excellent","Yes",31,"Very Unsafe"
"Car",3.8,0,432,183,"Yes","Very Low",8,"Good","Yes",56,"Safe"
"Car",17.2,2,1971,33,"No","Very Low",10,"Fair","Yes",69,"Neutral"
"Car",23.4,1,1347,67,"No","Moderate",4,"Fair","No",37,"Very Unsafe"
"Car",14,1,1977,164,"Yes","Moderate",7,"Good","No",42,"Very Safe"
"Car",15.2,2,806,26,"Yes","Very Low",6,"Fair","Yes",33,"Safe"
"Car",5.3,1,1637,39,"No","Low",5,"Good","No",42,"Very Safe"
"Car",13.6,2,575,223,"No","Very High",8,"Fair","No",63,"Neutral"
"Car",4.9,2,981,265,"Yes","Very High",4,"Good","Yes",32,"Safe"
"Car",11.6,2,438,284,"No","Very Low",7,"Good","Yes",26,"Very Unsafe"
"Car",8.3,1,1505,77,"No","Low",6,"Excellent","No",94,"Safe"
"Car",3.3,3,1144,65,"No","High",6,"Very Good","Yes",98,"Safe"
"Car",5.1,1,471,63,"No","Moderate",4,"Fair","No",44,"Very Safe"
"Car",18.4,2,435,57,"No","Moderate",8,"Good","No",31,"Safe"
"Car",10.6,3,163,59,"Yes","Very Low",4,"Excellent","Yes",97,"Neutral"
"Car",10.6,0,723,43,"No","Moderate",9,"Very Good","No",58,"Safe"
"Car",12.3,0,1263,209,"Yes","Low",3,"Very Good","No",21,"Safe"
"Car",11,2,389,97,"No","Moderate",7,"Good","Yes",42,"Safe"
"Public_Transit",3.8,2,61,114,"No","Moderate",6,"Good","Yes",68,"Safe"
"Car",20.7,1,211,224,"Yes","Very High",9,"Poor","No",52,"Safe"
"Car",15,4,421,84,"No","Moderate",5,"Poor","Yes",83,"Safe"
"Car",20,1,1669,229,"Yes","Low",7,"Very Good","Yes",57,"Safe"
"Car",19.3,4,825,22,"Yes","High",6,"Good","Yes",77,"Neutral"
"Car",23,1,233,201,"Yes","Low",6,"Fair","Yes",76,"Unsafe"
"Car",21.6,2,1785,276,"Yes","Low",5,"Excellent","Yes",65,"Neutral"
"Car",8.3,1,1082,233,"Yes","Low",7,"Good","No",36,"Very Unsafe"
"Car",6.9,2,1660,222,"Yes","Very High",6,"Very Good","Yes",21,"Safe"
"Car",18.7,3,606,96,"No","Moderate",5,"Fair","No",33,"Safe"
"Car",18.8,3,1567,190,"Yes","High",4,"Very Good","Yes",65,"Neutral"
"Car",23,1,333,129,"Yes","Moderate",4,"Good","Yes",83,"Safe"
"Car",19.9,1,493,100,"No","High",7,"Very Good","Yes",84,"Neutral"
"Bicycle",3.8,1,1224,226,"No","High",3,"Excellent","Yes",98,"Very Safe"
"Car",7.5,0,1790,6,"Yes","Moderate",3,"Good","Yes",87,"Safe"
"Walking",5.3,1,1309,117,"No","Very Low",5,"Good","No",81,"Safe"
"Car",19.7,3,894,91,"Yes","Very High",8,"Very Good","Yes",39,"Very Safe"
"Car",3.7,2,1799,50,"No","Low",4,"Good","Yes",74,"Unsafe"
"Walking",3.7,2,1894,185,"Yes","Moderate",7,"Very Good","Yes",66,"Safe"
"Walking",2.3,0,1274,25,"No","Low",3,"Fair","Yes",66,"Very Safe"
"Bicycle",1.8,3,212,65,"Yes","Low",2,"Good","Yes",34,"Neutral"
"Car",13.5,2,918,299,"No","Low",6,"Fair","No",62,"Very Unsafe"
"Car",3.3,2,755,38,"No","Moderate",10,"Good","No",55,"Neutral"
"Car",18.7,0,1991,13,"No","Low",6,"Good","Yes",22,"Unsafe"
"Car",18.4,1,1024,270,"No","Low",2,"Excellent","Yes",48,"Neutral"
"Car",22.2,1,553,154,"No","Low",2,"Fair","Yes",77,"Safe"
"Public_Transit",13.2,1,1463,15,"No","Moderate",4,"Very Good","No",44,"Safe"
"Car",21.4,3,358,292,"Yes","High",7,"Good","Yes",45,"Very Unsafe"
"Car",11.3,2,665,47,"Yes","Moderate",1,"Poor","No",75,"Safe"
"Car",4.4,0,628,240,"No","High",10,"Good","No",69,"Safe"
"Car",11.3,0,1375,47,"No","Very Low",8,"Fair","No",80,"Neutral"
"Car",24.2,3,939,128,"No","Low",9,"Good","Yes",95,"Unsafe"
"Car",12.4,1,88,58,"Yes","Moderate",4,"Poor","No",70,"Unsafe"
"Car",6.7,2,1465,211,"No","High",2,"Fair","No",56,"Neutral"
"Car",6.9,3,688,240,"Yes","Moderate",4,"Good","Yes",48,"Safe"
"Car",13.8,0,1339,289,"No","Moderate",5,"Excellent","Yes",78,"Safe"
"Car",16.4,4,742,14,"Yes","Very High",7,"Poor","Yes",72,"Safe"
"Car",8.7,2,943,173,"No","Low",8,"Poor","Yes",39,"Neutral"
"Car",2,1,1191,126,"Yes","Low",8,"Good","Yes",45,"Neutral"
"Car",11.6,0,432,85,"Yes","High",4,"Excellent","No",94,"Unsafe"
"Car",21,1,555,104,"No","Low",4,"Good","Yes",96,"Safe"
"Car",14.6,2,1747,278,"No","Low",6,"Fair","No",94,"Neutral"
"Car",9.2,1,283,272,"No","Moderate",2,"Good","No",57,"Very Safe"
"Car",13.9,2,1649,291,"No","Low",8,"Good","Yes",82,"Very Unsafe"
"Car",22.4,0,1166,240,"No","Moderate",8,"Good","No",41,"Safe"
"Car",12.5,2,507,49,"Yes","Moderate",3,"Excellent","Yes",83,"Neutral"
"Car",4.7,3,1169,82,"No","Very Low",6,"Good","No",35,"Neutral"
"Car",13.8,1,1520,229,"No","High",5,"Poor","No",69,"Safe"
"Public_Transit",24.1,2,251,247,"No","Moderate",6,"Good","Yes",62,"Very Safe"
"Bicycle",8.2,4,1364,165,"No","High",5,"Fair","No",72,"Neutral"
"Public_Transit",20.6,0,271,43,"Yes","Moderate",9,"Fair","Yes",71,"Very Unsafe"
"Car",8,3,1711,228,"No","Very Low",5,"Fair","No",75,"Neutral"
"Car",5,2,828,26,"No","Moderate",3,"Good","Yes",77,"Very Safe"
"Walking",1.7,0,1141,210,"No","Low",3,"Excellent","Yes",55,"Safe"
"Car",6.5,1,997,249,"Yes","Very High",5,"Very Good","Yes",62,"Neutral"
"Car",9.1,3,297,148,"No","Low",4,"Fair","Yes",43,"Neutral"
"Car",4.4,2,1685,164,"No","Moderate",6,"Poor","Yes",35,"Very Safe"
"Car",8,2,1588,201,"No","Moderate",7,"Poor","Yes",50,"Unsafe"
"Car",0.9,3,1344,11,"Yes","Low",7,"Good","Yes",67,"Unsafe"
"Public_Transit",24.9,0,505,34,"No","Very High",3,"Fair","Yes",76,"Neutral"
"Car",20.2,1,1910,206,"No","Low",3,"Very Good","Yes",82,"Unsafe"
"Walking",2.6,3,1417,24,"No","Moderate",5,"Good","Yes",48,"Unsafe"
"Car",21.8,1,1191,95,"Yes","Moderate",3,"Fair","Yes",77,"Unsafe"
"Car",14.1,1,1908,229,"No","Low",8,"Excellent","Yes",22,"Very Unsafe"
"Car",10.8,2,1828,105,"No","High",2,"Very Good","No",73,"Very Safe"
"Bicycle",2.2,0,202,160,"Yes","Very High",7,"Very Good","Yes",82,"Safe"
"Car",14.3,1,182,268,"No","Low",1,"Good","Yes",72,"Safe"
"Car",2.2,3,1885,134,"No","Very Low",7,"Good","No",67,"Very Unsafe"
"Car",5.7,4,376,98,"No","Moderate",7,"Good","Yes",35,"Unsafe"
"Car",14,2,1828,14,"Yes","Low",5,"Good","Yes",40,"Very Safe"
"Motorcycle",12.3,0,378,117,"No","Very Low",5,"Very Good","Yes",82,"Safe"
"Car",4.4,3,632,85,"Yes","Moderate",6,"Excellent","Yes",53,"Very Unsafe"
"Car",4.2,3,125,81,"Yes","Moderate",6,"Good","No",44,"Safe"
"Car",12.7,2,832,173,"No","Low",8,"Very Good","Yes",73,"Unsafe"
"Car",23.5,3,1245,189,"Yes","Moderate",4,"Very Good","Yes",100,"Unsafe"
"Car",8.7,3,530,94,"No","Very High",7,"Very Good","Yes",96,"Neutral"
"Car",5.1,3,95,207,"No","High",2,"Good","No",29,"Safe"
"Car",7.1,2,604,160,"Yes","Low",7,"Poor","Yes",89,"Very Unsafe"
"Car",13.5,2,1635,228,"No","Moderate",5,"Very Good","Yes",42,"Unsafe"
"Car",1,3,1452,195,"Yes","Low",5,"Good","No",42,"Neutral"
"Car",20.1,2,1083,149,"No","Moderate",3,"Good","No",77,"Neutral"
"Walking",3.2,3,409,134,"Yes","High",6,"Fair","Yes",99,"Safe"
"Car",13.7,2,1360,96,"No","Low",1,"Poor","No",57,"Safe"
"Car",14.5,1,878,200,"Yes","High",5,"Fair","Yes",92,"Neutral"
"Car",15.7,0,1145,2,"Yes","High",6,"Good","Yes",40,"Unsafe"
"Car",18,3,913,121,"No","Very High",7,"Very Good","No",75,"Safe"
"Walking",3.5,3,1869,254,"Yes","Moderate",4,"Poor","Yes",87,"Safe"
"Car",8.1,3,950,113,"No","Moderate",6,"Very Good","No",72,"Very Unsafe"
"Car",23.7,2,1277,253,"No","Very Low",7,"Excellent","Yes",90,"Unsafe"
"Car",12.8,1,1165,120,"No","Moderate",6,"Fair","Yes",45,"Safe"
"Car",3.8,1,1384,220,"Yes","Low",7,"Good","Yes",97,"Neutral"
"Car",21.8,0,1892,222,"No","Moderate",7,"Good","No",76,"Very Safe"
"Car",5.5,1,116,98,"Yes","Moderate",7,"Fair","No",41,"Safe"
"Car",23.2,0,685,238,"No","High",3,"Fair","No",80,"Safe"
"Car",22.2,1,1619,243,"Yes","Moderate",2,"Good","Yes",21,"Neutral"
"Car",3.8,2,466,297,"No","Moderate",6,"Poor","Yes",56,"Neutral"
"Car",19.7,3,819,260,"Yes","Very High",6,"Fair","No",85,"Unsafe"
"Car",11.6,2,1583,49,"No","Low",6,"Good","Yes",74,"Very Unsafe"
"Car",3.8,1,93,177,"Yes","Very Low",9,"Fair","Yes",74,"Very Safe"
"Car",22.2,3,1314,72,"No","High",9,"Good","Yes",36,"Unsafe"
"Car",8.7,3,1171,145,"Yes","Moderate",8,"Good","Yes",88,"Neutral"
"Car",8.3,2,1207,222,"Yes","Very Low",8,"Very Good","Yes",90,"Safe"
"Bicycle",10.4,3,1206,8,"No","Low",3,"Very Good","Yes",75,"Safe"
"Car",12.2,2,1459,285,"Yes","Low",6,"Good","Yes",57,"Neutral"
"Car",9.5,1,1517,281,"Yes","Very High",4,"Excellent","No",34,"Safe"
"Car",11.9,3,204,267,"No","Low",10,"Good","Yes",23,"Neutral"
"Car",1.7,1,1472,180,"Yes","Moderate",4,"Poor","No",44,"Very Unsafe"
"Car",5.1,2,1720,96,"No","Low",5,"Good","No",46,"Safe"
"Car",24.6,2,1439,196,"No","Low",8,"Good","Yes",73,"Neutral"
"Car",8.5,2,1366,75,"No","Moderate",5,"Good","Yes",69,"Unsafe"
"Public_Transit",4.7,3,1954,253,"Yes","Moderate",3,"Fair","Yes",92,"Safe"
"Car",12.5,3,1667,287,"No","Moderate",4,"Very Good","No",78,"Very Unsafe"
"Car",1,3,1897,136,"No","Low",7,"Good","No",85,"Very Safe"
"Car",8.8,2,586,282,"Yes","Very Low",4,"Poor","Yes",30,"Safe"
"Car",1.2,1,1170,55,"No","Very Low",4,"Fair","Yes",40,"Unsafe"
"Car",21.7,2,114,175,"Yes","Moderate",4,"Very Good","No",62,"Neutral"
"Car",18.4,2,915,120,"Yes","Very Low",10,"Fair","Yes",49,"Neutral"
"Car",8.2,2,662,287,"No","Moderate",5,"Good","No",57,"Very Unsafe"
"Car",10,3,494,46,"Yes","Moderate",4,"Good","Yes",92,"Unsafe"
"Car",8.6,3,405,149,"Yes","High",3,"Good","Yes",45,"Neutral"
"Walking",2.7,2,1674,223,"No","High",3,"Fair","Yes",36,"Safe"
"Car",19,1,1974,62,"Yes","Moderate",10,"Good","No",34,"Neutral"
"Public_Transit",15.3,1,420,122,"No","Very Low",5,"Excellent","Yes",22,"Unsafe"
"Car",4.1,3,712,144,"Yes","Very High",5,"Good","No",27,"Neutral"
"Car",1.3,1,949,135,"Yes","High",2,"Fair","Yes",73,"Neutral"
"Car",12.4,0,859,160,"Yes","Moderate",2,"Good","Yes",67,"Safe"
"Car",11.4,4,1700,112,"No","Moderate",7,"Good","Yes",44,"Very Safe"
"Car",2,1,1719,18,"No","Very High",6,"Poor","No",31,"Neutral"
"Car",8.5,2,931,260,"No","High",6,"Very Good","Yes",65,"Neutral"
"Car",22,2,1478,130,"No","Low",1,"Very Good","No",37,"Safe"
"Car",23.3,0,1368,32,"No","Moderate",2,"Fair","Yes",37,"Unsafe"
"Car",10.1,3,1512,101,"Yes","Moderate",8,"Good","Yes",82,"Safe"
"Car",4.4,0,1920,129,"Yes","High",6,"Very Good","No",58,"Neutral"
"Car",8.3,0,1992,207,"Yes","High",5,"Very Good","Yes",44,"Neutral"
"Car",8,1,1962,19,"No","Very High",10,"Very Good","No",27,"Neutral"
"Car",3.1,2,1154,89,"Yes","Very Low",7,"Excellent","No",70,"Safe"
"Car",24.5,3,1836,147,"Yes","Moderate",1,"Good","Yes",40,"Safe"
"Car",12.7,2,1945,206,"Yes","Moderate",5,"Fair","Yes",88,"Unsafe"
"Car",2.8,2,1929,149,"Yes","Moderate",6,"Good","No",34,"Unsafe"
"Car",5.7,1,1220,211,"No","Moderate",5,"Poor","Yes",67,"Unsafe"
"Car",23.3,2,432,193,"No","Moderate",3,"Good","Yes",89,"Very Unsafe"
"Car",7.8,2,191,117,"Yes","Moderate",2,"Very Good","No",62,"Unsafe"
"Car",16.5,1,845,152,"No","Low",2,"Good","No",96,"Very Unsafe"
"Public_Transit",22.6,3,75,145,"Yes","Very Low",3,"Very Good","Yes",42,"Neutral"
"Car",24.8,1,1979,223,"Yes","Very Low",4,"Very Good","No",30,"Very Safe"
"Car",11,2,1497,297,"Yes","Low",7,"Good","Yes",38,"Unsafe"
"Car",10.1,1,1618,149,"No","Moderate",8,"Good","Yes",51,"Very Unsafe"
"Car",4,0,360,282,"No","Moderate",3,"Poor","Yes",35,"Safe"
"Car",7.4,0,1645,162,"Yes","Very Low",7,"Fair","Yes",29,"Very Unsafe"
"Car",14.3,1,1058,282,"Yes","Moderate",6,"Fair","Yes",71,"Safe"
"Car",23.4,3,1795,275,"No","Moderate",1,"Good","No",94,"Neutral"
"Car",9.3,3,1926,157,"No","Very High",7,"Good","Yes",23,"Safe"
"Car",21.1,0,1543,240,"No","Low",7,"Good","Yes",69,"Unsafe"
"Car",18.2,0,1290,60,"No","High",10,"Very Good","No",73,"Very Safe"
"Car",18.9,1,1909,279,"Yes","Moderate",5,"Very Good","Yes",59,"Very Unsafe"
"Car",23.1,3,805,215,"No","Moderate",8,"Fair","No",30,"Neutral"
"Car",0.6,2,536,229,"No","High",7,"Good","No",83,"Neutral"
"Car",4.4,0,103,158,"No","Moderate",5,"Good","No",65,"Neutral"
"Car",10.3,0,735,92,"No","High",8,"Good","No",41,"Safe"
"Car",17,1,463,300,"Yes","High",2,"Very Good","Yes",92,"Neutral"
"Car",12.3,3,663,160,"No","Low",9,"Good","Yes",61,"Neutral"
"Public_Transit",13.6,2,601,8,"Yes","Low",5,"Fair","Yes",76,"Neutral"
"Car",8.3,2,624,14,"No","Moderate",1,"Very Good","Yes",56,"Neutral"
"Car",20.5,1,1519,126,"Yes","Moderate",7,"Good","No",51,"Unsafe"
"Car",7.7,1,871,175,"No","Very High",7,"Good","No",42,"Neutral"
"Car",10.5,3,1387,279,"Yes","High",10,"Good","Yes",70,"Neutral"
"Car",2.7,2,1903,135,"Yes","Moderate",1,"Very Good","No",28,"Very Safe"
"Car",20.1,3,1036,5,"No","Moderate",6,"Good","Yes",24,"Very Safe"
"Car",9.3,1,420,254,"No","Low",3,"Good","Yes",49,"Neutral"
"Car",1.5,1,1164,119,"No","Very High",4,"Poor","Yes",43,"Very Safe"
"Car",1.5,0,1363,211,"No","Moderate",6,"Good","Yes",94,"Unsafe"
"Car",23.9,2,804,189,"No","High",6,"Good","No",52,"Very Safe"
"Car",9.6,2,1935,261,"No","High",10,"Good","No",91,"Very Safe"
"Car",20.3,3,1049,124,"Yes","Very High",7,"Good","Yes",20,"Neutral"
"Car",22.8,1,122,297,"No","Moderate",9,"Poor","No",92,"Unsafe"
"Car",11.3,2,1234,53,"No","Moderate",3,"Fair","No",97,"Very Unsafe"
"Car",14.6,3,1642,60,"Yes","Low",7,"Very Good","Yes",94,"Safe"
"Car",2.3,2,1363,135,"Yes","High",6,"Good","Yes",70,"Neutral"
"Walking",4.5,2,355,138,"Yes","Very High",7,"Very Good","No",28,"Unsafe"
"Car",18.6,3,1934,273,"No","Very High",6,"Good","Yes",88,"Neutral"
"Car",12.2,2,1852,143,"No","Very Low",4,"Excellent","No",38,"Very Safe"
"Car",17.3,2,309,27,"No","High",8,"Very Good","Yes",59,"Neutral"
"Car",23.8,1,1588,84,"No","Moderate",3,"Poor","Yes",47,"Neutral"
"Car",12.7,1,1863,276,"No","Moderate",7,"Very Good","No",75,"Very Safe"
"Car",12,2,1308,288,"No","High",5,"Good","Yes",75,"Neutral"
"Walking",14.2,1,1511,246,"No","Low",6,"Fair","Yes",98,"Safe"
"Car",16.5,0,944,52,"Yes","Very High",6,"Good","Yes",33,"Neutral"
"Public_Transit",7.3,2,169,32,"Yes","Moderate",2,"Good","Yes",61,"Safe"
"Public_Transit",24.5,1,115,126,"Yes","Moderate",9,"Very Good","Yes",66,"Neutral"
"Car",16.3,0,812,20,"No","Moderate",4,"Good","Yes",70,"Very Unsafe"
"Car",14.8,1,417,191,"No","Very High",2,"Good","No",21,"Safe"
"Car",15.6,2,566,154,"No","Moderate",7,"Poor","No",77,"Safe"
"Car",23.2,2,441,171,"No","Moderate",5,"Very Good","Yes",52,"Neutral"
"Car",10.1,0,392,184,"No","High",4,"Good","No",72,"Very Unsafe"
"Car",7.6,2,1798,139,"No","Low",9,"Very Good","Yes",29,"Neutral"
"Car",2.7,2,171,265,"No","Very Low",4,"Fair","No",79,"Safe"
"Car",8.4,3,852,121,"Yes","Moderate",6,"Fair","No",35,"Unsafe"
"Car",19.1,2,656,146,"Yes","High",6,"Fair","Yes",53,"Very Unsafe"
"Car",3.1,1,890,152,"No","High",5,"Poor","No",33,"Safe"
"Car",17.9,1,697,199,"No","Moderate",6,"Fair","No",50,"Neutral"
"Car",24.2,2,515,87,"No","Moderate",8,"Fair","No",78,"Neutral"
"Car",5.4,1,778,270,"No","Very High",4,"Poor","No",30,"Very Unsafe"
"Car",3.2,2,1007,94,"Yes","Very High",4,"Fair","Yes",33,"Neutral"
"Car",1.9,1,88,264,"Yes","High",8,"Fair","Yes",50,"Unsafe"
"Car",20.8,4,108,245,"Yes","Very Low",4,"Very Good","Yes",80,"Neutral"
"Car",14.7,2,1358,239,"No","Low",6,"Good","No",47,"Safe"
"Car",12,0,1658,279,"No","Moderate",7,"Fair","No",54,"Safe"
"Car",9.4,2,1556,188,"No","Moderate",8,"Very Good","No",43,"Very Safe"
"Car",7.4,2,1545,50,"No","Very Low",4,"Good","Yes",74,"Unsafe"
"Car",15.2,3,1581,195,"No","High",7,"Excellent","Yes",76,"Unsafe"
"Car",20.6,2,1840,141,"No","Moderate",6,"Fair","Yes",42,"Neutral"
"Car",2.9,2,1570,266,"No","High",1,"Good","No",69,"Very Safe"
"Car",24.1,1,870,229,"Yes","High",6,"Good","Yes",52,"Neutral"
"Car",4.6,2,1180,259,"Yes","High",8,"Poor","Yes",31,"Neutral"
"Car",2.6,1,1606,187,"No","Moderate",2,"Fair","No",48,"Very Safe"
"Car",21.6,2,1862,143,"No","Very Low",6,"Very Good","No",47,"Very Unsafe"
"Car",13.4,0,271,280,"No","High",7,"Good","Yes",53,"Unsafe"
"Car",16.6,2,421,193,"No","Very Low",4,"Fair","Yes",68,"Very Safe"
"Walking",6.1,1,1554,84,"No","Very Low",6,"Good","Yes",59,"Very Unsafe"
"Car",18.2,2,264,286,"No","Moderate",7,"Excellent","Yes",71,"Neutral"
"Car",12.5,1,1272,99,"Yes","Moderate",7,"Good","Yes",89,"Unsafe"
"Car",24.1,1,1283,279,"No","High",6,"Good","No",64,"Neutral"
"Car",22.7,2,1740,207,"No","Moderate",6,"Fair","Yes",35,"Very Safe"
"Car",14,1,1357,49,"No","Moderate",3,"Poor","No",42,"Very Unsafe"
"Car",2.4,1,1701,107,"Yes","Very High",6,"Poor","No",42,"Safe"
"Car",1.1,3,494,278,"No","Moderate",7,"Good","Yes",96,"Neutral"
"Car",13.1,2,310,293,"Yes","Very High",10,"Very Good","No",29,"Unsafe"
"Car",16,3,1053,140,"No","Moderate",8,"Good","Yes",74,"Very Safe"
"Car",10.8,2,1381,92,"Yes","Moderate",5,"Very Good","Yes",71,"Neutral"
"Car",22,2,1272,17,"No","Low",8,"Good","No",42,"Very Safe"
"Walking",3.1,2,1946,192,"No","Low",9,"Very Good","Yes",68,"Neutral"
"Car",24.5,1,1313,271,"No","Very Low",4,"Fair","Yes",91,"Neutral"
"Car",7,3,621,248,"Yes","Moderate",1,"Good","No",43,"Neutral"
"Car",2.6,2,1629,160,"Yes","Moderate",6,"Good","Yes",47,"Very Safe"
"Car",10,1,1562,45,"No","Moderate",5,"Very Good","No",47,"Very Unsafe"
"Car",3.6,2,1658,250,"No","High",8,"Good","No",96,"Safe"
"Car",14.7,2,1136,260,"No","Low",4,"Very Good","Yes",44,"Safe"
"Car",6.4,2,65,292,"Yes","High",5,"Fair","Yes",61,"Neutral"
"Car",18.2,2,957,24,"Yes","Very Low",5,"Good","No",43,"Very Unsafe"
"Car",4.1,2,1918,258,"Yes","Low",1,"Excellent","Yes",32,"Very Unsafe"
"Bicycle",4.2,1,1541,54,"No","High",9,"Good","No",100,"Safe"
"Car",6.9,3,1368,109,"Yes","High",3,"Fair","Yes",74,"Unsafe"
"Car",19.6,2,1681,295,"No","Low",5,"Good","Yes",21,"Safe"
"Car",10.9,1,604,134,"No","Moderate",1,"Very Good","Yes",91,"Very Safe"
"Car",2,0,656,257,"No","Very High",7,"Very Good","Yes",65,"Neutral"
"Car",3.3,1,308,49,"Yes","Moderate",6,"Very Good","Yes",37,"Neutral"
"Car",12.3,1,1212,56,"Yes","High",5,"Fair","Yes",83,"Unsafe"
"Car",24.5,4,1644,62,"No","Moderate",9,"Good","Yes",32,"Safe"
"Car",20.4,3,1558,7,"Yes","High",3,"Excellent","No",37,"Very Safe"
"Car",13.8,1,1276,206,"No","Moderate",10,"Poor","No",69,"Safe"
"Car",2.3,4,258,1,"No","Moderate",7,"Fair","No",68,"Unsafe"
"Car",11.9,2,1726,115,"Yes","High",8,"Good","No",23,"Neutral"
"Car",8.8,2,1859,292,"No","Very High",8,"Very Good","No",48,"Neutral"
"Car",17.4,3,978,223,"Yes","Moderate",1,"Fair","Yes",50,"Safe"
"Car",13.1,0,398,272,"No","High",10,"Good","Yes",93,"Unsafe"
"Car",13.1,2,837,239,"No","Low",9,"Poor","No",43,"Very Safe"
"Car",13.9,0,1949,64,"No","Very High",5,"Very Good","Yes",69,"Very Safe"
"Car",11.5,0,1976,193,"No","High",9,"Fair","No",80,"Neutral"
"Car",2.6,0,1092,26,"Yes","Low",5,"Good","Yes",87,"Unsafe"
"Public_Transit",23.3,1,91,104,"Yes","Low",2,"Fair","Yes",23,"Safe"
"Car",0.9,3,600,293,"Yes","Very High",7,"Good","No",48,"Very Safe"
"Car",10.6,2,1322,20,"No","Low",6,"Good","Yes",25,"Very Safe"
"Car",6.1,4,1859,244,"Yes","Moderate",6,"Good","Yes",77,"Very Unsafe"
"Car",2.9,2,1317,164,"No","Moderate",8,"Good","Yes",52,"Neutral"
"Car",12.3,2,1108,74,"No","Moderate",9,"Very Good","Yes",64,"Unsafe"
"Car",16.4,3,1356,45,"Yes","Very Low",9,"Good","Yes",35,"Safe"
"Car",23.1,2,1913,132,"No","Moderate",4,"Excellent","No",89,"Very Safe"
"Car",9.4,0,1438,222,"No","Low",7,"Good","No",72,"Neutral"
"Car",21.5,1,713,282,"Yes","Very High",5,"Good","No",88,"Very Unsafe"
"Car",7.9,1,813,234,"Yes","Low",9,"Poor","No",51,"Neutral"
"Car",11.9,3,637,251,"No","Very High",7,"Good","Yes",32,"Unsafe"
"Car",4,3,1763,187,"Yes","Very High",7,"Good","Yes",43,"Very Unsafe"
"Public_Transit",20.3,0,857,39,"No","Very High",8,"Good","No",86,"Very Safe"
"Car",16.8,3,64,45,"No","High",7,"Good","Yes",94,"Unsafe"
"Car",2,0,209,186,"Yes","Moderate",4,"Excellent","Yes",72,"Very Safe"
"Car",11.1,0,460,68,"Yes","Moderate",4,"Very Good","No",22,"Neutral"
"Car",10.2,1,1358,255,"No","Very High",5,"Very Good","Yes",37,"Unsafe"
"Car",17.6,3,933,93,"No","Moderate",7,"Fair","No",99,"Safe"
"Car",16.7,1,885,236,"Yes","Low",6,"Good","No",66,"Neutral"
"Car",10.5,2,1151,168,"Yes","Moderate",6,"Fair","Yes",67,"Neutral"
"Public_Transit",8,0,141,243,"No","Moderate",7,"Good","Yes",42,"Unsafe"
"Car",6.8,2,1333,297,"No","Moderate",10,"Poor","No",39,"Neutral"
"Car",17,2,1422,84,"Yes","Moderate",7,"Excellent","No",85,"Safe"
"Car",22.4,2,1490,54,"Yes","Low",4,"Excellent","No",31,"Very Safe"
"Car",21.2,2,1132,216,"Yes","Low",5,"Very Good","Yes",98,"Neutral"
"Car",10.1,1,178,5,"No","High",2,"Excellent","Yes",31,"Unsafe"
"Car",2.4,3,1166,292,"No","Very Low",7,"Poor","No",82,"Safe"
"Car",20.8,1,1031,136,"No","Moderate",3,"Fair","Yes",81,"Very Unsafe"
"Car",2.3,2,937,15,"Yes","High",4,"Good","No",28,"Very Safe"
"Car",3.3,3,1415,60,"No","High",7,"Fair","Yes",88,"Neutral"
"Car",16.2,3,846,32,"No","Low",5,"Fair","Yes",31,"Neutral"
"Car",8.4,2,1820,4,"No","High",7,"Fair","Yes",39,"Safe"
"Car",5.1,2,501,280,"Yes","Moderate",8,"Good","No",99,"Very Unsafe"
"Car",10.1,1,937,57,"Yes","Low",4,"Good","Yes",89,"Safe"
"Car",21.6,2,1593,291,"Yes","Moderate",4,"Fair","Yes",77,"Very Safe"
"Car",9,3,1893,106,"No","Moderate",5,"Good","No",67,"Neutral"
"Car",0.5,2,1566,280,"No","Moderate",3,"Poor","Yes",44,"Very Safe"
"Car",22.8,1,809,41,"No","Moderate",10,"Very Good","Yes",41,"Unsafe"
"Car",23.8,0,1719,256,"No","High",7,"Fair","Yes",75,"Unsafe"
"Car",12.5,2,986,229,"No","Moderate",4,"Fair","No",93,"Very Unsafe"
"Car",11.9,1,336,192,"Yes","Moderate",4,"Good","No",35,"Safe"
"Car",15.1,0,1149,245,"No","Very Low",7,"Fair","Yes",82,"Unsafe"
"Car",22.7,2,362,151,"No","Very Low",3,"Good","No",30,"Unsafe"
"Car",4.7,1,650,112,"No","Low",6,"Excellent","Yes",29,"Unsafe"
"Car",19.8,3,1591,267,"Yes","Low",3,"Poor","No",33,"Safe"
"Car",6.2,2,1538,21,"Yes","Moderate",10,"Good","No",84,"Safe"
"Car",14.6,4,1690,22,"Yes","Low",4,"Good","Yes",90,"Unsafe"
"Car",21.1,4,224,217,"Yes","Moderate",6,"Poor","No",93,"Unsafe"
"Car",3.7,1,679,286,"Yes","Low",7,"Good","Yes",68,"Safe"
"Car",22.4,2,1021,59,"No","Low",7,"Good","Yes",53,"Safe"
"Bicycle",11.5,1,413,131,"Yes","Very High",5,"Very Good","Yes",20,"Neutral"
"Car",22.4,2,624,61,"No","Low",8,"Very Good","Yes",42,"Safe"
"Car",6.6,4,1263,278,"Yes","High",7,"Good","No",57,"Unsafe"
"Walking",2.6,2,620,168,"No","Very Low",4,"Good","No",83,"Very Safe"
"Walking",1.7,1,263,113,"Yes","Low",6,"Poor","Yes",82,"Very Safe"
"Car",24.5,3,1757,49,"Yes","Moderate",6,"Very Good","No",95,"Very Safe"
"Car",12.4,2,1400,291,"No","Very Low",4,"Fair","Yes",41,"Unsafe"
"Car",21.2,2,1715,115,"No","Very High",4,"Good","Yes",46,"Neutral"
"Car",10.7,1,1910,146,"Yes","Very High",8,"Excellent","Yes",42,"Neutral"
"Car",12.5,1,1893,66,"Yes","Moderate",4,"Good","Yes",74,"Safe"
"Car",5,3,89,100,"No","Low",3,"Fair","Yes",26,"Very Unsafe"
"Car",19.1,3,822,196,"No","Low",6,"Good","Yes",97,"Neutral"
"Car",8,3,566,226,"Yes","Moderate",6,"Good","No",87,"Very Safe"
"Public_Transit",4.6,2,1050,60,"Yes","Moderate",3,"Fair","No",52,"Very Unsafe"
"Car",1.3,2,1535,86,"No","Very High",3,"Very Good","No",82,"Neutral"
"Car",3.8,2,168,60,"No","Very High",6,"Very Good","No",49,"Safe"
"Car",4.8,4,1869,170,"No","High",9,"Good","No",60,"Neutral"
"Car",13.2,2,730,50,"Yes","Very Low",5,"Fair","Yes",40,"Neutral"
"Car",20.4,0,853,283,"No","Moderate",6,"Good","Yes",82,"Neutral"
"Bicycle",3.3,1,1924,151,"Yes","Very Low",8,"Good","Yes",31,"Very Safe"
"Car",22.4,3,1086,14,"No","Low",5,"Good","No",45,"Safe"
"Car",14.6,1,710,266,"No","High",5,"Good","No",27,"Neutral"
"Car",4.1,2,1280,59,"No","Moderate",4,"Very Good","No",82,"Very Safe"
"Car",22.6,2,287,56,"No","Moderate",7,"Very Good","Yes",78,"Safe"
"Car",6.7,1,1800,170,"No","Very High",5,"Poor","Yes",25,"Safe"
"Car",4.2,3,1058,176,"No","Low",5,"Excellent","Yes",51,"Unsafe"
"Car",19.3,2,1628,291,"No","Moderate",5,"Fair","Yes",89,"Neutral"
"Car",6.1,3,1793,77,"No","High",7,"Good","Yes",26,"Very Safe"
"Car",8,2,790,240,"Yes","High",10,"Very Good","Yes",31,"Very Safe"
"Car",13.2,0,162,41,"No","Moderate",6,"Good","Yes",76,"Safe"
"Car",8.7,2,724,73,"No","Low",9,"Fair","Yes",57,"Safe"
"Car",4.3,1,830,259,"No","Very Low",6,"Excellent","No",42,"Neutral"
"Car",7,2,1233,185,"No","High",5,"Poor","No",60,"Safe"
"Car",9.1,1,1376,85,"Yes","Moderate",1,"Poor","No",23,"Unsafe"
"Car",14.7,4,454,196,"Yes","Moderate",9,"Good","Yes",83,"Safe"
"Car",20.3,3,1953,284,"No","Moderate",3,"Very Good","No",40,"Safe"
"Car",23.4,1,104,138,"No","High",7,"Good","Yes",77,"Safe"
"Public_Transit",20.9,1,575,74,"Yes","Very Low",3,"Fair","No",31,"Neutral"
"Bicycle",3.6,3,640,160,"Yes","Very High",7,"Very Good","No",91,"Unsafe"
"Car",16.4,1,1875,223,"Yes","High",4,"Very Good","Yes",57,"Neutral"
"Car",17.4,2,1232,46,"No","Moderate",4,"Excellent","Yes",79,"Unsafe"
"Walking",1.3,1,698,260,"No","High",6,"Fair","Yes",82,"Neutral"
"Car",23.1,3,1141,193,"No","Moderate",5,"Good","No",47,"Unsafe"
"Car",12.2,3,345,295,"No","Moderate",7,"Very Good","Yes",87,"Neutral"
"Car",7,0,942,48,"No","Low",4,"Fair","No",52,"Neutral"
"Car",21.5,2,300,61,"Yes","Moderate",1,"Very Good","No",75,"Very Unsafe"
"Car",6.1,0,170,252,"No","Moderate",5,"Fair","Yes",60,"Unsafe"
"Car",19.9,2,854,159,"Yes","Moderate",5,"Poor","Yes",38,"Very Safe"
"Car",16.3,3,1116,35,"No","Moderate",7,"Good","No",73,"Neutral"
"Car",10.9,2,1008,248,"No","High",6,"Very Good","Yes",75,"Unsafe"
"Car",2.8,4,1230,253,"No","Very Low",3,"Fair","Yes",44,"Safe"
"Car",0.6,2,778,92,"No","High",6,"Good","Yes",31,"Neutral"
"Car",13.5,2,1959,271,"No","Moderate",5,"Good","No",48,"Neutral"
"Car",13.3,3,1715,217,"No","Low",9,"Excellent","Yes",81,"Safe"
"Car",5.7,3,66,265,"Yes","Moderate",9,"Fair","Yes",37,"Safe"
"Car",18.1,0,1172,100,"Yes","Moderate",8,"Good","No",55,"Safe"
"Car",24.1,3,350,299,"No","Moderate",2,"Fair","Yes",25,"Neutral"
"Car",13.2,2,943,39,"No","High",2,"Good","Yes",47,"Very Safe"
"Walking",4.8,2,1278,8,"No","Moderate",5,"Good","Yes",96,"Unsafe"
"Car",14.3,1,583,4,"Yes","Moderate",3,"Good","Yes",78,"Safe"
"Car",19.1,0,257,66,"No","Moderate",2,"Very Good","Yes",79,"Unsafe"
"Public_Transit",16.8,2,240,209,"Yes","High",4,"Fair","Yes",71,"Neutral"
"Car",6,3,1932,10,"Yes","Moderate",2,"Very Good","Yes",52,"Neutral"
"Public_Transit",9,0,99,110,"Yes","Moderate",5,"Very Good","No",22,"Very Safe"
"Car",8.3,3,1798,154,"Yes","Moderate",7,"Very Good","No",77,"Neutral"
"Car",22.7,1,1190,287,"Yes","Very Low",7,"Good","No",22,"Safe"
"Car",5.4,0,1342,31,"No","High",8,"Very Good","Yes",92,"Unsafe"
"Car",17.2,1,1045,40,"No","Moderate",3,"Poor","No",98,"Very Unsafe"
"Car",3.9,1,532,186,"No","Moderate",7,"Poor","No",30,"Safe"
"Car",3.1,3,1832,94,"No","Very Low",5,"Good","Yes",66,"Neutral"
"Walking",2.8,3,1166,147,"No","Very High",3,"Good","Yes",85,"Unsafe"
"Car",23,2,1248,237,"Yes","Moderate",5,"Good","No",93,"Safe"
"Car",7.3,1,1093,5,"No","Low",5,"Very Good","Yes",29,"Neutral"
"Car",22.2,1,1585,119,"Yes","Very High",9,"Good","No",94,"Safe"
"Car",19.4,1,1541,202,"No","Very Low",5,"Poor","No",76,"Very Safe"
"Car",20,1,1057,206,"No","Moderate",9,"Very Good","Yes",58,"Neutral"
"Car",5.5,4,642,271,"Yes","High",10,"Fair","Yes",70,"Safe"
"Car",1.7,3,453,274,"Yes","Moderate",1,"Good","No",28,"Very Unsafe"
"Bicycle",1.5,2,912,79,"Yes","Very Low",5,"Good","No",59,"Safe"
"Car",7.5,2,1247,296,"No","Low",3,"Very Good","Yes",26,"Very Safe"
"Car",9,3,1321,20,"Yes","Low",7,"Fair","No",27,"Safe"
"Car",18.6,2,1284,156,"No","Moderate",4,"Good","Yes",21,"Very Safe"
"Car",6.7,4,1457,265,"Yes","High",9,"Good","Yes",50,"Unsafe"
"Car",13.2,3,453,60,"Yes","Moderate",6,"Very Good","No",95,"Unsafe"
"Car",19.1,1,805,177,"No","Moderate",7,"Good","No",74,"Neutral"
"Car",16.1,2,1003,42,"Yes","High",4,"Fair","No",58,"Neutral"
"Car",5.5,4,654,280,"No","Low",2,"Good","Yes",98,"Safe"
"Car",24.8,2,1956,88,"No","High",1,"Poor","Yes",85,"Neutral"
"Car",0.5,2,1654,81,"Yes","Moderate",8,"Poor","Yes",30,"Neutral"
"Car",5.6,1,302,100,"Yes","Moderate",5,"Very Good","Yes",54,"Safe"
"Car",16,3,969,65,"No","Very High",3,"Poor","Yes",24,"Safe"
"Car",0.9,1,1863,34,"No","Moderate",1,"Fair","Yes",92,"Very Safe"
"Car",1.2,2,334,260,"No","Low",7,"Fair","Yes",31,"Safe"
"Car",15.4,4,850,218,"Yes","Low",5,"Fair","No",69,"Neutral"
"Car",14.5,2,210,281,"No","Moderate",7,"Good","No",49,"Safe"
"Car",6.5,3,1865,277,"Yes","Very Low",4,"Very Good","No",70,"Very Safe"
"Car",23,2,1646,33,"No","High",7,"Good","Yes",41,"Neutral"
"Car",17,1,439,99,"Yes","High",1,"Good","Yes",51,"Very Unsafe"
"Car",16.3,2,1272,220,"Yes","High",7,"Good","Yes",26,"Very Safe"
"Car",5.6,0,974,45,"Yes","Moderate",4,"Good","No",57,"Unsafe"
"Public_Transit",12.3,2,1286,211,"Yes","High",7,"Good","No",22,"Unsafe"
"Car",24.7,1,1263,30,"No","Moderate",7,"Excellent","Yes",86,"Neutral"
"Car",24.8,2,1783,185,"No","Very Low",3,"Fair","Yes",97,"Unsafe"
"Car",11.5,1,938,234,"No","Moderate",6,"Fair","No",20,"Very Safe"
"Car",18,1,1823,174,"Yes","High",4,"Good","No",59,"Safe"
"Car",8.3,2,1503,154,"Yes","High",7,"Good","Yes",36,"Neutral"
"Car",20.9,3,1528,86,"No","Very High",6,"Good","No",38,"Safe"
"Car",11.1,2,896,9,"No","Moderate",4,"Good","Yes",31,"Unsafe"
"Car",24.9,2,118,93,"No","Low",9,"Fair","No",41,"Safe"
"Car",20.2,2,1779,135,"No","Low",6,"Fair","Yes",48,"Very Unsafe"
"Car",12.4,1,713,26,"No","Moderate",6,"Very Good","Yes",98,"Safe"
"Car",13.7,1,1157,150,"No","High",3,"Excellent","No",33,"Safe"
"Car",8.9,2,123,300,"Yes","High",5,"Good","No",92,"Unsafe"
"Car",1.8,2,1524,60,"Yes","Low",2,"Fair","Yes",80,"Safe"
"Car",11.7,1,1755,271,"No","Very High",6,"Poor","Yes",39,"Very Safe"
"Public_Transit",12.7,3,280,33,"Yes","Moderate",6,"Fair","No",92,"Safe"
"Car",7.4,3,531,182,"No","Moderate",7,"Fair","Yes",94,"Very Safe"
"Car",19.5,3,548,98,"Yes","Low",6,"Good","Yes",86,"Very Safe"
"Car",7.9,2,66,258,"No","Very High",1,"Good","No",92,"Neutral"
"Car",13.1,1,1731,72,"No","Moderate",5,"Good","Yes",89,"Unsafe"
"Car",12.2,3,852,90,"No","Moderate",2,"Fair","Yes",74,"Safe"
"Car",19.3,1,1404,75,"Yes","Very Low",10,"Good","Yes",84,"Very Safe"
"Car",4.5,4,672,214,"Yes","Moderate",7,"Good","Yes",68,"Very Safe"
"Car",11.3,2,920,3,"No","Moderate",3,"Very Good","No",85,"Very Safe"
"Car",13.3,1,1625,128,"Yes","Low",5,"Fair","No",20,"Unsafe"
"Car",12.2,1,941,132,"No","Very Low",4,"Good","Yes",33,"Neutral"
"Car",13.4,1,711,195,"No","Low",7,"Good","Yes",59,"Safe"
"Car",17.3,2,1561,249,"No","High",2,"Fair","No",23,"Neutral"
"Car",9.1,4,1953,175,"No","Low",3,"Fair","No",29,"Unsafe"
"Car",21.1,3,852,263,"Yes","Moderate",5,"Good","Yes",99,"Neutral"
"Car",23.1,3,1371,85,"Yes","Moderate",4,"Fair","Yes",44,"Very Unsafe"
"Bicycle",3.1,0,1083,294,"No","High",1,"Fair","No",42,"Safe"
"Car",5.6,3,301,238,"No","Moderate",5,"Poor","No",77,"Very Safe"
"Car",12.4,3,147,181,"Yes","Low",7,"Excellent","Yes",96,"Neutral"
"Car",8.4,0,123,244,"No","Low",7,"Good","Yes",23,"Very Safe"
"Car",12.1,2,1926,44,"Yes","Very Low",3,"Very Good","Yes",24,"Neutral"
"Car",14.9,4,727,78,"Yes","Moderate",6,"Very Good","Yes",45,"Neutral"
"Car",6,4,1567,208,"No","Very Low",10,"Fair","Yes",55,"Very Safe"
"Car",18.5,2,482,93,"Yes","High",9,"Fair","Yes",33,"Neutral"
"Car",4.2,0,1605,259,"No","High",9,"Good","Yes",56,"Safe"
"Car",17.6,3,736,204,"Yes","Low",7,"Good","Yes",28,"Very Safe"
"Car",7,1,105,291,"No","Moderate",7,"Very Good","Yes",65,"Safe"
"Car",10.9,2,1306,37,"Yes","High",7,"Very Good","Yes",44,"Safe"
"Car",18.2,2,1009,237,"No","Low",6,"Fair","Yes",34,"Very Unsafe"
"Car",12.1,2,569,168,"Yes","Moderate",4,"Poor","No",92,"Safe"
"Car",8.8,2,716,277,"Yes","Moderate",7,"Good","Yes",50,"Neutral"
"Car",6.4,2,184,85,"Yes","Low",9,"Good","No",83,"Neutral"
"Car",5.8,1,214,201,"Yes","Moderate",5,"Excellent","No",83,"Very Unsafe"
"Car",6.4,2,1897,57,"No","Very Low",6,"Very Good","Yes",27,"Neutral"
"Car",14.3,3,1545,30,"No","Moderate",5,"Excellent","Yes",58,"Very Safe"
"Car",18,3,1920,65,"Yes","High",7,"Good","Yes",77,"Very Safe"
"Walking",3.1,2,1788,58,"No","Very Low",10,"Good","Yes",43,"Safe"
"Car",13.2,2,1984,18,"No","Moderate",1,"Good","Yes",32,"Neutral"
"Car",21.4,4,616,291,"No","Moderate",3,"Poor","Yes",46,"Safe"
"Car",18,0,1575,76,"No","High",7,"Good","Yes",69,"Safe"
"Car",8.2,2,848,228,"Yes","High",5,"Good","Yes",99,"Safe"
"Car",3.3,3,785,118,"Yes","Low",2,"Good","Yes",62,"Safe"
"Car",14.6,1,1915,76,"No","Very Low",2,"Very Good","No",40,"Safe"
"Car",20.9,2,1036,239,"No","Moderate",6,"Good","Yes",70,"Unsafe"
"Car",13.2,1,147,72,"Yes","High",5,"Good","No",79,"Unsafe"
"Car",17.5,2,308,45,"No","Moderate",4,"Very Good","No",61,"Very Safe"
"Car",12.7,2,1555,54,"Yes","High",2,"Fair","Yes",92,"Safe"
"Car",9.2,0,1647,281,"No","Low",6,"Very Good","Yes",76,"Unsafe"
"Car",24.1,1,785,168,"No","Moderate",8,"Good","Yes",31,"Safe"
"Car",23.1,2,134,219,"No","High",4,"Fair","Yes",65,"Very Safe"
"Car",5.5,3,935,120,"Yes","Low",8,"Fair","Yes",49,"Safe"
"Public_Transit",23.9,2,237,68,"No","Low",5,"Very Good","No",81,"Safe"
"Car",21.9,2,578,52,"No","Moderate",10,"Good","No",73,"Very Safe"
"Car",17.6,4,1872,297,"No","Low",7,"Poor","No",66,"Safe"
"Car",13.1,2,1734,266,"No","Moderate",6,"Very Good","No",91,"Very Safe"
"Car",12.3,3,1998,24,"Yes","Moderate",5,"Very Good","Yes",92,"Unsafe"
"Car",5.4,1,303,152,"Yes","Moderate",7,"Very Good","No",90,"Very Safe"
"Car",3,1,1113,267,"Yes","Very High",4,"Very Good","No",58,"Safe"
"Bicycle",12.1,1,1673,233,"Yes","Moderate",8,"Very Good","Yes",58,"Safe"
"Car",8.1,4,1938,29,"No","Very High",8,"Very Good","Yes",36,"Very Unsafe"
"Car",19.4,1,1844,106,"No","High",7,"Very Good","No",71,"Very Unsafe"
"Car",22.6,4,356,222,"Yes","Moderate",6,"Fair","Yes",48,"Safe"
"Car",8.7,3,148,171,"No","Low",6,"Fair","No",66,"Safe"
"Car",20.7,3,1673,163,"Yes","Moderate",1,"Fair","Yes",56,"Unsafe"
"Car",5.9,1,303,255,"Yes","Moderate",5,"Fair","Yes",68,"Unsafe"
"Car",19.3,2,798,83,"No","High",8,"Good","No",26,"Very Safe"
"Car",14.2,3,1460,225,"Yes","Moderate",8,"Poor","No",54,"Neutral"
"Car",10.9,2,163,55,"Yes","Moderate",6,"Good","No",24,"Safe"
"Car",21,2,380,248,"No","Moderate",8,"Excellent","No",23,"Very Unsafe"
"Car",7.5,3,795,180,"No","Moderate",7,"Good","Yes",36,"Unsafe"
"Car",12,2,527,10,"No","High",7,"Fair","Yes",51,"Very Safe"
"Car",19.6,2,863,151,"No","Low",10,"Good","Yes",78,"Very Unsafe"
"Car",2.5,3,690,171,"Yes","High",4,"Poor","Yes",69,"Safe"
"Car",10.2,2,300,214,"No","Low",4,"Good","Yes",98,"Safe"
"Car",2.8,1,762,127,"No","Moderate",7,"Very Good","Yes",72,"Very Unsafe"
"Car",3.8,2,1213,216,"No","Low",7,"Very Good","Yes",52,"Safe"
"Car",5.9,0,1530,77,"Yes","Moderate",1,"Fair","Yes",59,"Neutral"
"Car",7.2,2,1101,276,"No","Moderate",7,"Fair","Yes",28,"Very Unsafe"
"Car",7.8,2,583,86,"Yes","Low",6,"Good","Yes",73,"Safe"
"Walking",9.7,0,1875,282,"Yes","Moderate",8,"Fair","Yes",41,"Neutral"
"Car",12.5,3,1094,286,"No","Moderate",1,"Very Good","Yes",52,"Neutral"
"Car",22,0,1748,43,"No","Low",4,"Fair","Yes",51,"Neutral"
"Car",18.8,2,1551,200,"No","Moderate",5,"Very Good","Yes",23,"Safe"
"Car",23.9,2,1414,283,"No","Low",9,"Good","Yes",91,"Very Safe"
"Car",8.6,2,170,133,"No","Very High",8,"Good","No",54,"Neutral"
"Car",20.7,1,1541,138,"Yes","Low",7,"Excellent","Yes",50,"Unsafe"
"Car",3.8,1,528,248,"No","Low",6,"Good","Yes",56,"Safe"
"Car",3.6,2,280,204,"No","Moderate",9,"Very Good","Yes",40,"Neutral"
"Car",18.3,1,1620,88,"No","Low",4,"Good","Yes",21,"Very Unsafe"
"Car",13.9,3,1967,186,"Yes","High",6,"Fair","Yes",49,"Neutral"
"Car",15.4,2,739,167,"No","High",8,"Good","Yes",86,"Neutral"
"Walking",3.5,1,219,162,"Yes","Low",6,"Fair","Yes",60,"Very Safe"
"Car",22,2,61,278,"Yes","High",2,"Excellent","Yes",31,"Safe"
"Public_Transit",21.1,0,907,95,"Yes","Very Low",7,"Very Good","No",100,"Safe"
"Car",1.6,2,431,111,"Yes","Moderate",6,"Very Good","Yes",78,"Safe"
"Public_Transit",17.8,0,163,104,"Yes","Moderate",4,"Very Good","No",96,"Neutral"
"Car",13.6,0,1596,64,"Yes","Moderate",7,"Good","No",68,"Neutral"
"Public_Transit",23.7,2,659,281,"No","Very High",7,"Good","Yes",77,"Neutral"
"Car",22.8,3,703,88,"No","Very High",7,"Good","Yes",33,"Safe"
"Car",11.7,2,1972,299,"Yes","Moderate",9,"Poor","No",96,"Neutral"
"Car",19.3,2,719,44,"No","Moderate",4,"Good","No",68,"Safe"
"Car",12.9,2,1404,255,"No","High",5,"Very Good","Yes",29,"Safe"
"Car",5.5,3,912,180,"No","Very Low",3,"Good","Yes",92,"Safe"
"Car",18.1,1,760,251,"Yes","Moderate",3,"Good","Yes",28,"Neutral"
"Car",19.3,1,1540,189,"No","Moderate",5,"Very Good","Yes",66,"Very Safe"
"Car",17.8,3,1563,136,"No","Very High",4,"Good","No",90,"Neutral"
"Bicycle",5.2,2,658,241,"Yes","Very Low",4,"Good","No",51,"Unsafe"
"Car",7.8,2,558,36,"No","High",6,"Very Good","No",71,"Safe"
"Car",8.5,3,1382,289,"Yes","Low",5,"Very Good","Yes",61,"Neutral"
"Car",14.5,3,1463,161,"Yes","Moderate",7,"Poor","Yes",92,"Very Safe"
"Car",22.1,1,1448,276,"No","Moderate",5,"Poor","Yes",50,"Safe"
"Car",22,3,903,162,"No","Low",5,"Excellent","Yes",63,"Very Safe"
"Car",10,0,351,32,"No","Low",1,"Good","No",25,"Neutral"
"Public_Transit",18.6,0,260,168,"No","High",7,"Good","No",24,"Neutral"
"Car",20,1,977,293,"No","Very Low",4,"Fair","Yes",65,"Safe"
"Car",18.2,2,1864,148,"No","High",7,"Good","No",37,"Very Safe"
"Car",9.9,0,626,167,"Yes","Moderate",9,"Good","No",34,"Neutral"
"Car",7.8,2,934,276,"Yes","Very High",3,"Good","Yes",97,"Unsafe"
"Car",1.9,2,1340,105,"No","Moderate",1,"Excellent","No",25,"Unsafe"
"Car",17,0,860,283,"No","Moderate",5,"Very Good","No",24,"Unsafe"
"Car",5.4,1,178,290,"No","High",7,"Fair","Yes",22,"Neutral"
"Car",15.8,3,253,253,"No","Moderate",9,"Good","No",50,"Very Safe"
"Car",3.9,3,1879,200,"No","Low",5,"Very Good","No",48,"Unsafe"
"Car",9.6,2,1881,69,"Yes","Very Low",10,"Very Good","No",67,"Neutral"
"Car",8.2,3,1826,287,"Yes","Low",4,"Fair","Yes",79,"Very Safe"
"Car",20.5,1,332,165,"No","Moderate",7,"Very Good","Yes",52,"Very Safe"
"Car",9.5,1,439,145,"No","Moderate",9,"Fair","Yes",25,"Neutral"
"Car",11.3,0,1341,279,"No","High",10,"Good","Yes",77,"Unsafe"
"Public_Transit",11.3,1,540,70,"No","Moderate",5,"Very Good","Yes",38,"Safe"
"Car",15.2,2,1681,223,"No","Very High",9,"Fair","Yes",94,"Safe"
"Walking",10.4,1,405,7,"No","Very Low",3,"Good","No",74,"Very Unsafe"
"Car",24,1,1898,73,"Yes","Moderate",3,"Good","Yes",73,"Safe"
"Car",24.3,0,919,261,"Yes","Moderate",4,"Poor","No",28,"Neutral"
"Car",22.9,2,1732,114,"No","Very High",7,"Good","Yes",61,"Neutral"
"Car",2.5,0,651,56,"No","Very High",3,"Poor","No",95,"Neutral"
"Car",12.2,2,1768,47,"Yes","High",3,"Excellent","No",49,"Very Unsafe"
"Public_Transit",8.8,2,1112,242,"Yes","Moderate",6,"Fair","No",37,"Neutral"
"Car",17,0,1293,243,"No","Moderate",2,"Good","No",27,"Very Safe"
"Car",16.1,0,109,164,"No","Moderate",1,"Fair","Yes",46,"Neutral"
"Public_Transit",21.6,2,848,88,"No","Moderate",5,"Poor","Yes",62,"Unsafe"
"Car",23.7,1,1148,205,"No","Low",7,"Good","Yes",91,"Neutral"
"Car",14.6,2,323,253,"Yes","Low",3,"Good","Yes",71,"Safe"
"Car",13.6,2,1037,269,"No","Very Low",5,"Fair","Yes",76,"Safe"
"Car",23.6,2,1152,275,"No","Very Low",2,"Fair","No",62,"Neutral"
"Public_Transit",22.4,1,157,94,"No","High",3,"Good","No",84,"Unsafe"
"Car",10.6,2,1433,248,"No","Very High",9,"Fair","No",54,"Neutral"
"Car",1.7,1,1237,97,"Yes","Moderate",3,"Fair","No",30,"Neutral"
"Car",19.6,1,345,103,"Yes","Moderate",5,"Fair","No",25,"Neutral"
"Car",23.2,1,1068,123,"Yes","Moderate",7,"Good","No",88,"Safe"
"Car",9.7,2,1597,42,"No","Moderate",1,"Good","Yes",61,"Safe"
"Car",6.5,2,847,257,"No","Moderate",5,"Good","Yes",60,"Safe"
"Walking",2.6,3,666,65,"No","Moderate",5,"Very Good","Yes",99,"Neutral"
"Car",10.1,2,1015,95,"No","Moderate",7,"Fair","Yes",75,"Safe"
"Car",5,1,1315,162,"No","High",6,"Poor","Yes",77,"Safe"
"Walking",3.8,0,1317,129,"No","Very High",10,"Very Good","Yes",61,"Unsafe"
"Car",6.8,2,1029,109,"Yes","Very Low",5,"Fair","No",27,"Very Safe"
"Car",14.1,0,1289,236,"Yes","Very Low",6,"Poor","Yes",54,"Unsafe"
"Car",4.1,2,758,261,"No","Low",8,"Good","No",71,"Neutral"
"Car",24.1,2,699,235,"No","Moderate",7,"Good","No",99,"Safe"
"Public_Transit",23.6,1,130,152,"No","High",10,"Fair","Yes",81,"Neutral"
"Car",24.8,2,1756,236,"No","High",4,"Fair","No",27,"Very Unsafe"
"Motorcycle",17.8,2,1061,5,"No","High",9,"Fair","No",91,"Very Safe"
"Walking",3.9,4,997,156,"Yes","Moderate",7,"Fair","No",94,"Safe"
"Bicycle",0.7,2,306,243,"No","Very Low",9,"Excellent","Yes",33,"Unsafe"
"Car",17.3,4,920,233,"Yes","Very High",4,"Good","Yes",49,"Safe"
"Car",17.2,0,474,291,"No","Moderate",4,"Good","Yes",49,"Safe"
"Car",23,2,1664,184,"No","Low",6,"Good","Yes",38,"Neutral"
"Car",10.5,1,1615,92,"No","Moderate",4,"Good","Yes",86,"Safe"
"Car",10.8,2,1687,79,"Yes","Moderate",6,"Very Good","No",80,"Unsafe"
"Car",13.7,0,1924,193,"No","High",5,"Excellent","Yes",44,"Neutral"
"Car",10.6,4,521,289,"No","High",7,"Poor","No",47,"Neutral"
"Car",2.9,1,1612,120,"Yes","Moderate",4,"Fair","No",23,"Very Safe"
"Car",9.8,1,364,9,"Yes","Very Low",7,"Poor","Yes",86,"Safe"
"Car",5.4,3,621,38,"Yes","Moderate",1,"Excellent","No",61,"Neutral"
"Car",18.3,1,518,240,"Yes","Very Low",9,"Fair","Yes",34,"Safe"
"Car",0.8,2,1221,93,"Yes","Very Low",7,"Good","Yes",68,"Neutral"
"Car",23,1,284,190,"No","Low",1,"Very Good","Yes",31,"Safe"
"Car",22.6,1,1254,132,"No","Low",2,"Good","Yes",32,"Neutral"
"Public_Transit",19,0,123,153,"Yes","High",9,"Good","No",92,"Unsafe"
"Car",23.8,1,1270,105,"No","Moderate",5,"Good","Yes",34,"Neutral"
"Car",15.8,1,1263,81,"Yes","Moderate",4,"Good","No",82,"Unsafe"
"Car",16.6,2,994,185,"Yes","High",5,"Fair","No",62,"Safe"
"Car",9.8,0,913,119,"No","High",4,"Very Good","Yes",55,"Neutral"
"Car",2.1,2,296,25,"Yes","Moderate",10,"Good","No",66,"Safe"
"Car",17.4,1,1492,289,"No","Very High",3,"Very Good","No",75,"Neutral"
"Car",3.6,1,1439,252,"No","Moderate",6,"Good","Yes",65,"Neutral"
"Car",7.6,3,1024,138,"No","High",5,"Poor","No",62,"Neutral"
"Public_Transit",16,1,589,54,"Yes","High",8,"Good","No",29,"Very Safe"
"Car",10.1,2,1335,105,"No","Moderate",3,"Fair","Yes",62,"Neutral"
"Public_Transit",2.2,2,282,127,"Yes","Very Low",4,"Very Good","Yes",33,"Very Safe"
"Car",21.7,1,654,57,"No","Low",8,"Good","No",45,"Very Unsafe"
"Car",9.9,3,1261,204,"No","Very Low",4,"Good","Yes",54,"Neutral"
"Public_Transit",16.9,0,379,93,"Yes","Moderate",10,"Very Good","No",69,"Neutral"
"Car",1,3,913,238,"No","Moderate",5,"Fair","Yes",75,"Unsafe"
"Car",15.1,1,1574,140,"No","High",9,"Good","Yes",56,"Safe"
"Car",7.3,2,707,18,"Yes","Moderate",8,"Fair","No",86,"Safe"
"Car",10.3,0,1565,26,"No","Moderate",5,"Good","Yes",92,"Very Safe"
"Car",4.1,2,283,53,"Yes","Very Low",10,"Very Good","Yes",46,"Unsafe"
"Car",20.7,4,131,262,"Yes","Low",3,"Good","No",24,"Very Unsafe"
"Car",3.9,2,670,124,"No","High",6,"Very Good","No",94,"Safe"
"Public_Transit",22.8,0,1629,162,"Yes","Moderate",4,"Good","No",80,"Very Safe"
"Car",22.5,1,1659,28,"No","Moderate",5,"Good","No",53,"Safe"
"Car",5.2,1,124,279,"No","Very High",7,"Good","Yes",43,"Neutral"
"Car",13.5,4,1648,175,"No","Moderate",8,"Good","No",79,"Unsafe"
"Car",13.3,1,989,252,"No","High",6,"Excellent","Yes",43,"Safe"
"Car",4.4,3,492,123,"No","Moderate",8,"Good","Yes",54,"Neutral"
"Car",13.2,2,726,276,"No","Moderate",5,"Very Good","No",58,"Very Safe"
"Car",6,2,329,294,"No","High",7,"Good","Yes",97,"Unsafe"
"Walking",7.4,4,926,27,"No","Low",3,"Good","Yes",93,"Very Safe"
"Walking",12.8,3,209,18,"Yes","High",4,"Good","Yes",96,"Very Safe"
"Car",4.4,2,1734,216,"No","Moderate",9,"Good","Yes",26,"Safe"
"Car",23.1,1,1105,119,"Yes","Low",7,"Excellent","No",62,"Safe"
"Public_Transit",12.7,1,254,108,"No","Low",8,"Good","Yes",35,"Safe"
"Car",15.6,1,1773,31,"No","Low",8,"Fair","Yes",95,"Safe"
"Car",18.7,1,821,144,"No","Very Low",7,"Very Good","Yes",53,"Safe"
"Car",15.6,1,293,58,"No","Low",4,"Fair","Yes",26,"Very Unsafe"
"Car",23.3,1,1990,82,"No","Moderate",8,"Excellent","Yes",65,"Safe"
"Walking",2.5,2,1856,280,"Yes","Low",5,"Good","Yes",100,"Safe"
"Car",1.2,2,186,176,"No","Low",6,"Good","Yes",66,"Neutral"
"Car",13.8,0,1755,22,"Yes","High",3,"Good","No",20,"Neutral"
"Car",6.4,1,568,161,"No","Moderate",10,"Excellent","No",98,"Safe"
"Car",16.3,0,1268,271,"No","Moderate",5,"Very Good","No",89,"Neutral"
"Car",9.8,1,993,5,"No","High",6,"Good","No",67,"Neutral"
"Car",1.6,2,1071,105,"Yes","Very Low",8,"Very Good","Yes",44,"Safe"
"Car",1.7,0,1180,241,"Yes","Moderate",7,"Very Good","Yes",58,"Neutral"
"Car",24.1,2,1728,224,"No","Moderate",8,"Fair","Yes",88,"Neutral"
"Car",6,3,629,168,"Yes","Moderate",4,"Excellent","Yes",66,"Very Unsafe"
"Walking",0.8,2,616,40,"No","Moderate",7,"Very Good","Yes",80,"Unsafe"
"Bicycle",5.9,0,820,50,"No","High",6,"Good","No",35,"Safe"
"Bicycle",1.9,0,651,244,"Yes","Moderate",9,"Excellent","Yes",45,"Neutral"
"Car",6.3,2,1729,41,"No","Moderate",9,"Fair","Yes",82,"Very Unsafe"
"Car",10.4,0,883,259,"Yes","Very Low",9,"Good","Yes",95,"Very Safe"
"Bicycle",0.9,1,885,74,"Yes","Moderate",7,"Very Good","Yes",38,"Neutral"
"Car",9.4,2,843,23,"Yes","High",8,"Very Good","Yes",84,"Very Unsafe"
"Car",14.8,1,1219,17,"Yes","Moderate",3,"Good","Yes",34,"Neutral"
"Car",15.3,3,1167,254,"No","Low",2,"Excellent","Yes",26,"Neutral"
"Car",7,3,1306,166,"No","Very High",10,"Fair","Yes",73,"Safe"
"Car",17,3,1678,120,"No","Moderate",10,"Fair","Yes",81,"Neutral"
"Bicycle",23.4,2,1333,280,"Yes","Low",5,"Very Good","Yes",77,"Safe"
"Walking",0.6,4,1110,277,"No","Low",6,"Fair","Yes",48,"Safe"
"Car",19.8,0,1393,173,"Yes","Low",3,"Excellent","Yes",25,"Safe"
"Car",20.3,3,142,87,"Yes","Moderate",7,"Very Good","Yes",87,"Unsafe"
"Car",2.3,2,1067,210,"Yes","Very High",6,"Excellent","Yes",93,"Neutral"
"Car",14.4,4,1615,177,"Yes","Very Low",4,"Good","Yes",44,"Very Unsafe"
"Car",13.7,2,517,21,"Yes","Low",7,"Good","No",22,"Neutral"
"Car",3.9,1,1943,76,"Yes","High",1,"Very Good","Yes",68,"Neutral"
"Car",7.3,3,980,19,"Yes","Moderate",7,"Very Good","Yes",88,"Very Unsafe"
"Car",9.1,3,62,201,"No","Moderate",3,"Fair","Yes",52,"Safe"
"Public_Transit",20.4,3,377,56,"Yes","Low",6,"Poor","Yes",62,"Neutral"
"Car",4.7,0,1853,260,"No","Moderate",7,"Very Good","Yes",29,"Neutral"
"Car",13.3,0,1098,229,"No","Moderate",3,"Good","Yes",90,"Very Unsafe"
"Car",19.2,1,1399,229,"No","High",5,"Fair","Yes",65,"Safe"
"Car",7.6,2,760,56,"No","Moderate",4,"Poor","No",77,"Very Unsafe"
"Car",11.2,4,1523,43,"Yes","Moderate",4,"Fair","No",39,"Safe"
"Public_Transit",16.9,1,933,214,"No","Moderate",7,"Good","No",94,"Unsafe"
"Car",1.4,3,606,267,"No","Low",8,"Good","No",97,"Very Safe"
"Car",14.2,2,315,124,"Yes","High",4,"Good","Yes",60,"Very Safe"
"Car",23.3,0,1664,95,"Yes","Moderate",5,"Very Good","Yes",82,"Very Safe"
"Car",11.1,0,808,195,"Yes","Very Low",7,"Fair","Yes",84,"Neutral"
"Car",23.4,3,1597,179,"Yes","Low",2,"Good","Yes",27,"Very Unsafe"
"Car",24.5,3,319,45,"Yes","High",8,"Good","Yes",31,"Safe"
"Car",17.1,0,1037,272,"Yes","Low",3,"Excellent","No",27,"Safe"
"Public_Transit",7.8,0,718,51,"Yes","Very Low",6,"Very Good","No",57,"Neutral"
"Car",5.6,1,1716,189,"No","Very High",4,"Good","No",57,"Very Safe"
"Car",8.3,3,1417,138,"No","Low",4,"Good","Yes",94,"Neutral"
"Car",21.4,3,1530,99,"Yes","Low",7,"Very Good","No",51,"Safe"
"Car",2,2,1210,125,"No","Moderate",3,"Good","Yes",81,"Safe"
"Car",5,3,973,201,"Yes","Low",4,"Fair","Yes",45,"Safe"
"Public_Transit",12.4,1,1640,11,"No","High",6,"Good","Yes",25,"Neutral"
"Car",8.8,0,1845,100,"No","High",7,"Poor","No",38,"Neutral"
"Car",20.4,2,1390,211,"Yes","Moderate",2,"Excellent","No",42,"Very Unsafe"
"Car",21.8,3,1440,119,"No","Low",5,"Fair","Yes",73,"Neutral"
"Car",1,3,1112,8,"No","Moderate",3,"Good","No",64,"Neutral"
"Car",20.7,1,868,290,"No","Low",6,"Good","Yes",78,"Unsafe"
"Car",10.3,0,1690,102,"Yes","Moderate",3,"Poor","No",35,"Very Unsafe"
"Car",17,2,178,263,"No","Low",3,"Good","Yes",26,"Neutral"
"Car",3.4,2,1772,157,"Yes","Moderate",8,"Good","Yes",38,"Safe"
"Car",12.2,2,1463,173,"No","Moderate",8,"Good","Yes",54,"Very Safe"
"Car",23.2,2,208,72,"Yes","Moderate",10,"Good","Yes",96,"Safe"
"Car",14.6,2,246,28,"No","Very Low",6,"Very Good","No",70,"Safe"
"Car",22.9,2,1637,24,"Yes","Low",8,"Good","Yes",31,"Safe"
"Car",19,0,289,288,"Yes","Moderate",6,"Good","No",98,"Neutral"
"Car",16,2,1574,104,"No","Moderate",1,"Excellent","Yes",67,"Unsafe"
"Car",20,2,444,244,"No","Moderate",3,"Good","No",81,"Safe"
"Car",23.1,0,1662,137,"Yes","Moderate",6,"Good","No",84,"Neutral"
"Public_Transit",4.5,3,92,28,"No","Moderate",6,"Excellent","Yes",40,"Very Unsafe"
"Public_Transit",5.2,1,404,53,"Yes","Moderate",2,"Very Good","Yes",67,"Neutral"
"Car",2.9,2,999,246,"No","Moderate",7,"Good","Yes",65,"Very Unsafe"
"Car",20.8,2,1984,26,"No","Moderate",7,"Excellent","Yes",54,"Very Safe"
"Car",20.2,0,408,231,"No","Moderate",6,"Fair","No",77,"Safe"
"Car",7.3,3,59,35,"Yes","Very High",5,"Good","No",80,"Very Unsafe"
"Car",11.5,0,280,224,"No","High",8,"Very Good","Yes",58,"Unsafe"
"Car",15.8,2,1030,90,"No","High",5,"Good","No",45,"Neutral"
"Car",9.6,2,688,215,"No","Moderate",4,"Fair","Yes",80,"Neutral"
"Car",9.9,1,1117,98,"No","Moderate",6,"Very Good","Yes",95,"Very Unsafe"
"Car",22.9,2,1438,217,"No","Low",7,"Very Good","Yes",66,"Very Safe"
"Car",10.1,0,909,277,"No","Moderate",4,"Good","No",42,"Neutral"
"Car",2.2,2,1097,207,"No","Moderate",7,"Good","No",75,"Neutral"
"Car",17.8,1,1557,30,"Yes","Low",8,"Good","No",30,"Neutral"
"Car",17.5,2,1463,251,"No","Moderate",10,"Excellent","Yes",32,"Safe"
"Car",2.9,0,1121,195,"No","Moderate",6,"Good","No",20,"Safe"
"Car",1.4,0,532,82,"Yes","Low",3,"Poor","Yes",70,"Neutral"
"Car",10.3,4,476,101,"No","Moderate",3,"Good","Yes",69,"Safe"
"Walking",0.8,3,1301,175,"No","Low",6,"Good","Yes",70,"Safe"
"Car",14.4,2,1845,161,"No","Moderate",8,"Poor","No",32,"Neutral"
"Car",23.7,0,1878,169,"Yes","Very High",8,"Poor","Yes",52,"Safe"
"Car",8.9,2,800,76,"No","Very High",4,"Very Good","No",62,"Neutral"
"Car",6.5,1,334,163,"Yes","High",4,"Good","Yes",73,"Neutral"
"Car",13.8,2,1472,237,"Yes","Very High",6,"Very Good","No",25,"Safe"
"Car",3.4,4,999,55,"Yes","Low",4,"Very Good","No",81,"Very Safe"
"Car",9.7,3,542,13,"Yes","Low",7,"Good","No",87,"Very Safe"
"Car",8.5,2,1664,181,"No","Moderate",7,"Poor","Yes",98,"Unsafe"
"Car",23.7,3,332,168,"Yes","Low",6,"Excellent","Yes",53,"Very Safe"
"Car",22.8,1,1209,125,"No","Moderate",7,"Fair","No",43,"Very Safe"
"Public_Transit",19.2,0,581,153,"No","Moderate",3,"Good","Yes",89,"Safe"
"Car",19.1,2,1884,221,"Yes","High",7,"Good","Yes",89,"Unsafe"
"Car",25,0,333,256,"No","High",1,"Fair","Yes",76,"Safe"
"Car",14.7,0,1826,165,"Yes","Moderate",1,"Excellent","Yes",45,"Very Safe"
"Car",5.7,0,1421,123,"No","Moderate",6,"Excellent","No",86,"Very Safe"
"Car",3.8,1,589,71,"No","Moderate",5,"Good","Yes",89,"Safe"
"Car",19.9,0,168,207,"No","Moderate",2,"Good","No",77,"Very Safe"
"Car",24.6,0,1427,218,"No","Low",5,"Good","No",69,"Unsafe"
"Car",24.6,1,370,197,"No","Very High",7,"Fair","Yes",67,"Neutral"
"Car",3.6,1,395,206,"Yes","Very Low",5,"Fair","Yes",85,"Very Unsafe"
"Car",15.6,2,1046,78,"No","Moderate",6,"Good","Yes",95,"Neutral"
"Car",21.5,0,710,92,"No","Very Low",4,"Very Good","Yes",24,"Unsafe"
"Car",3.9,2,134,140,"No","Moderate",4,"Good","Yes",47,"Neutral"
"Car",9.5,0,1694,109,"No","Moderate",3,"Good","Yes",94,"Safe"
"Car",4.3,3,648,134,"No","Low",5,"Fair","No",28,"Unsafe"
"Car",11.5,2,989,295,"No","Very Low",9,"Good","No",90,"Safe"
"Car",12.4,4,791,261,"Yes","High",4,"Fair","Yes",98,"Neutral"
"Car",23.8,2,1333,165,"Yes","Very Low",8,"Very Good","No",25,"Very Safe"
"Car",22.7,4,1826,178,"Yes","Very Low",8,"Excellent","No",51,"Very Unsafe"
"Car",23.5,3,1606,93,"Yes","Low",1,"Fair","No",89,"Neutral"
"Public_Transit",19.5,2,827,184,"No","Moderate",9,"Very Good","Yes",86,"Safe"
"Bicycle",2.8,1,322,84,"Yes","Low",1,"Good","Yes",98,"Very Safe"
"Car",0.9,2,636,297,"No","Moderate",8,"Very Good","No",50,"Safe"
"Car",8.7,3,596,218,"No","Low",9,"Fair","No",48,"Neutral"
"Car",6.4,0,545,198,"No","Very High",7,"Excellent","No",68,"Very Safe"
"Car",19.9,1,1575,195,"No","Very High",7,"Good","No",53,"Safe"
"Car",12.7,2,1362,192,"Yes","Moderate",6,"Poor","Yes",76,"Very Safe"
"Car",13.1,1,936,217,"No","Moderate",2,"Fair","Yes",33,"Very Unsafe"
"Car",2.3,2,781,211,"Yes","High",5,"Fair","Yes",22,"Neutral"
"Car",9,2,583,113,"Yes","Moderate",3,"Good","No",51,"Safe"
"Car",19,3,622,282,"Yes","High",8,"Very Good","Yes",70,"Neutral"
"Car",9.9,2,969,84,"No","Moderate",8,"Poor","Yes",41,"Very Safe"
"Car",0.7,4,810,250,"Yes","Very Low",7,"Good","No",34,"Neutral"
"Public_Transit",18.1,2,98,17,"Yes","Very High",6,"Very Good","Yes",32,"Safe"
"Car",14.1,4,1720,190,"No","Very High",6,"Fair","No",98,"Very Safe"
"Car",2.2,1,323,223,"Yes","High",8,"Fair","No",91,"Safe"
"Car",9,3,1886,81,"No","Low",8,"Very Good","No",80,"Neutral"
"Car",10.6,3,1142,293,"No","Moderate",1,"Good","Yes",85,"Safe"
"Car",8.1,3,557,192,"No","Moderate",10,"Good","No",91,"Neutral"
"Car",18.6,0,128,11,"Yes","Moderate",4,"Good","No",33,"Very Safe"
"Car",10,3,1041,167,"No","Low",3,"Good","No",51,"Very Safe"
"Car",15.7,2,1018,221,"Yes","Very Low",5,"Fair","Yes",65,"Neutral"
"Car",15.8,1,777,10,"No","High",1,"Very Good","No",63,"Very Safe"
"Car",20.2,3,1162,25,"No","Moderate",8,"Good","Yes",89,"Very Safe"
"Car",16.5,2,1938,18,"Yes","Very High",7,"Poor","No",70,"Neutral"
"Car",17.1,2,209,106,"Yes","Low",3,"Very Good","Yes",93,"Safe"
"Car",10.6,3,1459,11,"No","High",4,"Good","No",72,"Neutral"
"Car",16.7,2,1580,134,"No","Very Low",4,"Excellent","Yes",37,"Safe"
"Car",1.2,2,123,276,"No","Moderate",4,"Good","No",34,"Very Unsafe"
"Car",20.5,3,442,181,"Yes","High",7,"Good","Yes",85,"Neutral"
"Car",2.3,0,698,220,"Yes","Low",6,"Very Good","No",53,"Very Unsafe"
"Car",22.6,2,1156,105,"Yes","Low",3,"Fair","Yes",47,"Very Safe"
"Car",2.2,2,71,3,"Yes","Moderate",6,"Very Good","No",29,"Very Safe"
"Car",5.2,3,216,225,"No","Moderate",4,"Poor","No",96,"Very Safe"
"Car",19.5,2,953,204,"No","Moderate",4,"Good","Yes",94,"Safe"
"Bicycle",5.5,2,927,101,"No","High",3,"Very Good","Yes",33,"Very Safe"
"Car",10.4,0,1531,158,"Yes","Moderate",9,"Good","Yes",53,"Safe"
"Car",11.4,2,1743,173,"Yes","Very High",8,"Excellent","No",93,"Very Safe"
"Car",15.4,1,412,120,"Yes","Very Low",4,"Good","Yes",81,"Very Safe"
"Car",14.6,2,1530,251,"No","Low",4,"Good","Yes",31,"Very Safe"
"Bicycle",2,4,245,68,"No","Low",8,"Fair","Yes",55,"Neutral"
"Car",5,1,481,251,"No","Low",8,"Excellent","No",36,"Safe"
"Car",7.8,0,1796,31,"Yes","Very Low",6,"Poor","No",82,"Very Safe"
"Car",9.7,3,1617,173,"Yes","Moderate",4,"Good","Yes",56,"Neutral"
"Car",18,0,376,242,"Yes","Moderate",5,"Fair","No",71,"Safe"
"Car",3.6,3,1970,236,"Yes","Low",8,"Good","Yes",68,"Neutral"
"Car",11,3,1645,85,"No","Moderate",4,"Fair","No",88,"Very Unsafe"
"Car",1.2,2,914,262,"No","Very High",7,"Good","No",96,"Safe"
"Car",11.6,2,1190,134,"Yes","High",4,"Poor","Yes",85,"Neutral"
"Car",20,2,1779,103,"Yes","Low",10,"Poor","Yes",30,"Neutral"
"Car",12,1,1631,216,"No","Moderate",8,"Good","Yes",75,"Neutral"
"Car",6.3,2,1498,44,"No","Very Low",4,"Good","No",21,"Neutral"
"Car",22.2,0,1692,211,"Yes","Very Low",5,"Fair","Yes",48,"Unsafe"
"Car",3.6,3,843,55,"No","Very High",9,"Good","Yes",27,"Very Safe"
"Walking",7.1,0,1752,104,"No","Moderate",8,"Good","Yes",46,"Safe"
"Car",22.1,3,1817,135,"No","Moderate",7,"Good","Yes",62,"Safe"
"Car",18.9,3,1789,88,"No","Moderate",3,"Good","No",77,"Neutral"
"Car",2.9,4,66,274,"No","Moderate",1,"Fair","Yes",74,"Safe"
"Car",20.5,2,1252,181,"No","Low",7,"Very Good","No",37,"Safe"
"Car",21.5,3,937,126,"No","High",4,"Very Good","Yes",27,"Neutral"
"Car",3.4,4,1158,36,"Yes","Moderate",3,"Good","No",90,"Neutral"
"Car",3.9,2,1804,70,"No","High",2,"Good","No",79,"Very Safe"
"Car",13.9,2,381,186,"No","Low",7,"Excellent","Yes",79,"Safe"
"Car",1.9,2,1545,206,"Yes","Moderate",3,"Fair","Yes",65,"Neutral"
"Car",12.6,2,270,171,"Yes","Moderate",6,"Good","Yes",75,"Safe"
"Bicycle",0.7,4,1544,106,"No","Moderate",8,"Poor","Yes",72,"Very Safe"
