"outcome","continuous_strong_prop","continuous_strong_nonprop","continuous_weak","category_5level"
"High",1.371,2.3251,0.2506,"Level_A"
"High",-0.5647,0.5241,-0.2779,"Level_D"
"High",0.3631,0.9707,-1.7247,"Level_A"
"High",0.6329,0.377,-2.0067,"Level_A"
"Medium",0.4043,-0.9959,-1.2918,"Level_C"
"Low",-0.1061,-0.5975,0.3658,"Level_C"
"High",1.5115,0.1653,-0.1522,"Level_A"
"Low",-0.0947,-2.9285,-0.7341,"Level_B"
"Medium",2.0184,-0.8479,-0.782,"Level_E"
"High",-0.0627,0.7986,0.5516,"Level_A"
"Medium",1.3049,-0.2985,-1.6108,"Level_A"
"High",2.2866,-0.2836,0.7482,"Level_C"
"Medium",-1.3889,0.8695,0.4493,"Level_E"
"Low",-0.2788,-0.5444,-0.8701,"Level_E"
"Low",-0.1333,0.6288,-0.0977,"Level_A"
"Medium",0.636,-1.4223,0.8931,"Level_C"
"Medium",-0.2843,-1.2275,1.3509,"Level_B"
"Low",-2.6565,-1.6741,1.489,"Level_A"
"Low",-2.4405,0.0844,0.3711,"Level_C"
"Medium",1.3201,-0.2061,-0.2145,"Level_A"
"High",-0.3066,1.4419,0.4555,"Level_D"
"Low",-1.7813,-0.0418,-0.2581,"Level_B"
"High",-0.1719,1.3538,-1.0029,"Level_B"
"High",1.2147,1.9452,0.8441,"Level_C"
"Medium",1.8952,-0.4909,0.6947,"Level_A"
"Low",-0.4305,0.3884,1.261,"Level_D"
"Medium",-0.2573,-0.8449,1.6666,"Level_D"
"High",-1.7632,0.738,1.4719,"Level_C"
"Medium",0.4601,-1.0798,0.7893,"Level_D"
"Low",-0.64,-1.0265,-0.0365,"Level_D"
"Low",0.4555,0.2888,-0.0913,"Level_A"
"High",0.7048,0.0908,-0.4129,"Level_B"
"High",1.0351,0.2626,-0.7811,"Level_B"
"Low",-0.6089,0.0693,-0.3901,"Level_A"
"Low",0.505,-0.5286,0.6138,"Level_A"
"Low",-1.717,-0.1302,0.3847,"Level_A"
"Low",-0.7845,1.6202,-1.2057,"Level_E"
"Low",-0.8509,-0.0179,1.1979,"Level_C"
"Low",-2.4142,-1.3185,1.2911,"Level_E"
"Low",0.0361,-0.8446,1.4831,"Level_A"
"Medium",0.206,-1.1018,-1.2236,"Level_C"
"Low",-0.3611,-0.9001,-0.4132,"Level_E"
"Medium",0.7582,-1.2611,-0.4096,"Level_C"
"Low",-0.7267,-2.6258,-0.4512,"Level_D"
"Medium",-1.3683,0.6691,-0.5647,"Level_D"
"Medium",0.4328,0.66,-0.56,"Level_A"
"Medium",-0.8114,-0.2506,-0.9706,"Level_C"
"High",1.4441,-0.7238,-0.5628,"Level_A"
"Medium",-0.4314,-0.8122,-0.332,"Level_C"
"Medium",0.6556,0.3987,0.1937,"Level_C"
"Low",0.3219,0.2266,0.6056,"Level_D"
"Medium",-0.7838,0.4216,0.9579,"Level_E"
"High",1.5757,0.0048,-0.8008,"Level_D"
"Medium",0.6429,0.619,0.0425,"Level_C"
"High",0.0898,0.4311,2.3357,"Level_E"
"Low",0.2766,0.5583,-0.4619,"Level_A"
"High",0.6793,0.496,0.7404,"Level_C"
"High",0.0898,1.6619,-0.6983,"Level_C"
"Low",-2.9931,-1.055,1.0654,"Level_A"
"Low",0.2849,1.5083,0.5455,"Level_A"
"Low",-0.3672,-0.3342,-0.9182,"Level_A"
"High",0.1852,-0.065,1.0252,"Level_B"
"Low",0.5818,0.0811,1.1257,"Level_C"
"High",1.3997,-0.4482,0.8828,"Level_A"
"Low",-0.7273,-2.5538,-2.7681,"Level_A"
"High",1.3025,-0.3129,0.1438,"Level_A"
"Medium",0.3358,0.0414,1.5199,"Level_B"
"Medium",1.0385,-1.7377,-0.1713,"Level_C"
"High",0.9207,0.5499,-0.6581,"Level_D"
"Medium",0.7209,-0.5973,-0.1543,"Level_C"
"Low",-1.0431,1.4477,-2.383,"Level_D"
"High",-0.0902,0.2649,-1.1383,"Level_D"
"High",0.6235,-0.7888,-0.0873,"Level_D"
"Low",-0.9535,0.1677,0.8353,"Level_B"
"Medium",-0.5428,0.2576,0.2121,"Level_A"
"High",0.581,0.912,0.6413,"Level_D"
"Medium",0.7682,-0.1569,-1.0321,"Level_E"
"Medium",0.4638,-2.0334,1.4858,"Level_B"
"Low",-0.8858,-1.2997,1.1905,"Level_B"
"Low",-1.0998,-0.8573,0.6172,"Level_A"
"Medium",1.5127,0.4263,-0.1729,"Level_B"
"Medium",0.2579,-0.2848,0.8616,"Level_A"
"Medium",0.0884,-0.6144,-0.6201,"Level_D"
"Medium",-0.1209,-0.8449,-0.8782,"Level_C"
"Medium",-1.1943,0.1537,-2.2286,"Level_D"
"Medium",0.612,-0.8514,0.1933,"Level_D"
"Low",-0.2171,-0.3979,-2.3127,"Level_B"
"Medium",-0.1828,-0.94,-0.0243,"Level_C"
"Medium",0.9333,-1.3883,0.4413,"Level_B"
"High",0.8218,0.9552,0.7896,"Level_C"
"High",1.3921,-1.3175,1.0218,"Level_B"
"Low",-0.4762,0.073,0.6153,"Level_B"
"Low",0.6503,-0.5682,-0.8596,"Level_C"
"Medium",1.3911,-1.0585,0.8907,"Level_B"
"Low",-1.1108,0.2593,0.0633,"Level_E"
"Low",-0.8608,0.3731,-1.8647,"Level_B"
"Low",-1.1317,1.2647,-0.1131,"Level_A"
"Low",-1.4592,0.3252,-1.7834,"Level_D"
"Medium",0.08,-0.1385,-1.0535,"Level_E"
"High",0.6532,2.6025,-0.6194,"Level_E"
"Low",1.201,-0.6503,-0.5869,"Level_D"
"Low",1.0448,-1.0032,0.927,"Level_B"
"Medium",-1.0032,-0.5351,-0.0654,"Level_D"
"High",1.8485,-0.1104,-0.9371,"Level_C"
"High",-0.6668,0.6004,-0.6339,"Level_D"
"High",0.1055,0.4158,-0.5752,"Level_E"
"Medium",-0.4223,-0.1058,0.1882,"Level_A"
"Low",-0.1224,-0.8566,0.5397,"Level_C"
"High",0.1882,1.1273,-0.4209,"Level_C"
"High",0.1192,0.9163,-0.3395,"Level_D"
"Medium",-0.0251,-0.7244,0.5181,"Level_E"
"Medium",0.1081,0.6868,-0.8694,"Level_C"
"Medium",-0.4854,0.4501,-0.1607,"Level_E"
"High",-0.5042,1.0452,-0.1426,"Level_A"
"Low",-1.6611,0.1496,-0.7652,"Level_A"
"Low",-0.3823,-1.1411,-0.6598,"Level_D"
"High",-0.5127,0.8025,-0.3074,"Level_D"
"Medium",2.7019,-0.7287,-0.8819,"Level_A"
"Low",-1.3621,0.5272,-0.0953,"Level_C"
"High",0.1373,1.6735,-1.276,"Level_E"
"Low",-1.4936,-1.4188,0.3756,"Level_D"
"High",-1.4704,1.5619,-0.4692,"Level_B"
"High",0.1247,1.3532,0.7989,"Level_D"
"Low",-0.9966,-0.5287,0.4263,"Level_D"
"Medium",-0.0018,-0.2513,-0.5121,"Level_C"
"Low",-0.4283,-0.6858,-0.3475,"Level_C"
"High",-0.6137,-0.5704,0.6094,"Level_D"
"Low",-2.0247,0.5796,0.7355,"Level_A"
"High",-1.2247,-0.899,0.4767,"Level_E"
"Medium",0.1795,-0.1903,0.3283,"Level_E"
"Low",0.5676,-0.1439,-1.7813,"Level_A"
"Medium",-0.4929,-0.0966,0.1194,"Level_D"
"Medium",1e-04,0.1814,-1.4183,"Level_C"
"High",1.1229,1.5966,0.076,"Level_E"
"High",1.4399,-0.4513,-0.6608,"Level_D"
"Low",-1.0971,-0.7949,-0.1055,"Level_D"
"High",-0.1173,0.7923,-1.1801,"Level_D"
"High",1.2015,0.3805,-0.1644,"Level_E"
"Medium",-0.4697,0.2358,1.5194,"Level_D"
"Medium",-0.0525,0.591,1.8252,"Level_D"
"Medium",-0.0861,-1.4119,-2.4886,"Level_D"
"High",-0.8877,1.0633,-1.6543,"Level_A"
"High",-0.4447,0.4539,-1.4209,"Level_C"
"High",-0.0294,0.9513,-1.2763,"Level_E"
"Medium",-0.4139,-0.5985,2.0791,"Level_D"
"Medium",1.1134,-1.8419,1.0155,"Level_E"
"Low",-0.481,-0.4846,-0.1096,"Level_D"
"Low",-0.4332,-0.9068,0.9815,"Level_C"
"High",0.6969,2.2228,2.2613,"Level_B"
"Low",-1.0564,-0.4135,0.6371,"Level_D"
"Medium",-0.0407,-0.2157,1.7755,"Level_B"
"Low",-1.5515,1.063,-1.1475,"Level_A"
"High",1.1672,0.6203,-1.0793,"Level_D"
"Medium",-0.2736,0.6731,1.0679,"Level_C"
"High",-0.4678,2.6337,0.8918,"Level_E"
"Low",-1.2383,0.1661,0.8701,"Level_A"
"Low",-0.0078,1.9052,0.4858,"Level_D"
"Medium",-0.8003,0.2537,-0.4711,"Level_B"
"Medium",-0.5335,-1.459,0.9496,"Level_B"
"Medium",1.2877,-2.2272,1.8477,"Level_B"
"Medium",-0.1755,0.6497,1.2404,"Level_D"
"Low",-1.0718,-0.9992,-1.3808,"Level_A"
"Medium",0.1632,0.042,0.4747,"Level_C"
"High",-0.3627,1.777,0.0123,"Level_C"
"High",0.59,0.3472,0.0871,"Level_B"
"High",1.4324,-0.2871,-0.1824,"Level_D"
"Low",-0.9927,-1.9246,-1.2657,"Level_A"
"Low",0.4547,-0.8006,0.3313,"Level_C"
"Low",0.0849,-0.5756,1.3517,"Level_A"
"High",0.8956,0.6842,1.6366,"Level_D"
"Medium",-0.2298,0.4835,0.4799,"Level_B"
"High",0.8366,0.014,-0.7363,"Level_D"
"Medium",-1.7451,0.1802,-0.583,"Level_E"
"Medium",1.6895,-0.2881,-0.6114,"Level_D"
"Medium",0.8648,0.0302,0.6034,"Level_A"
"Medium",-0.1508,0.2717,-0.2358,"Level_A"
"High",-1.449,0.4492,2.9042,"Level_E"
"Low",0.643,1.8276,-0.2683,"Level_C"
"Low",0.4832,-1.112,0.1481,"Level_A"
"High",-0.0064,1.4748,-0.2068,"Level_C"
"Medium",0.1515,0.6715,-0.6426,"Level_C"
"Medium",-0.5841,-1.5453,0.8476,"Level_C"
"Medium",0.3688,-0.277,-0.5276,"Level_A"
"Medium",0.2947,-0.6293,0.0024,"Level_A"
"Medium",-0.2793,-0.933,-0.2819,"Level_C"
"Low",-1.3362,-1.5379,-2.8285,"Level_D"
"Medium",0.7007,-0.4941,0.6509,"Level_D"
"Low",0.5542,-0.4354,0.1578,"Level_A"
"Medium",-0.8363,-0.3235,-0.8534,"Level_B"
"Low",-1.5946,-2.0611,1.3631,"Level_D"
"Medium",0.205,0.4415,-1.2629,"Level_C"
"Low",-0.3451,0.7464,-1.7779,"Level_B"
"High",0.2526,0.7896,-0.6869,"Level_D"
"Medium",-1.294,0.7707,-1.1843,"Level_A"
"Low",-0.9592,0.2005,0.7897,"Level_D"
"High",1.0858,1.4684,0.086,"Level_E"
"Medium",0.4038,-0.8765,-0.3701,"Level_A"
"Medium",0.5865,-1.2266,0.0093,"Level_B"
"High",1.8152,0.3378,-0.9511,"Level_A"
"Low",0.1288,0.4408,0.1817,"Level_E"
"Low",-2.0009,-0.7465,0.1903,"Level_E"
"High",0.3338,0.0366,-0.0717,"Level_D"
"High",1.1713,0.3233,-0.0029,"Level_A"
"Medium",2.0595,0.3797,-1.1082,"Level_E"
"Low",-1.3769,0.8766,0.9352,"Level_B"
"Medium",-1.1509,0.9334,-1.4858,"Level_B"
"Low",-0.7058,-2.4288,2.2285,"Level_E"
"Low",-1.0541,1.728,1.6241,"Level_D"
"Medium",-0.6457,0.456,0.5198,"Level_E"
"Medium",-0.1854,-0.5704,-1.352,"Level_D"
"Medium",-1.2012,-1.1146,0.4261,"Level_C"
"Medium",2.037,0.9051,-1.6632,"Level_A"
"Low",0.1078,0.3281,-0.2699,"Level_B"
"High",-0.0841,1.0781,0.7908,"Level_B"
"High",0.4956,-0.0603,0.8406,"Level_D"
"Medium",0.0374,-0.2435,0.033,"Level_D"
"High",-0.1321,2.2414,-0.2382,"Level_C"
"Medium",1.4768,-2.036,0.2636,"Level_E"
"Medium",-0.217,0.3909,-1.5918,"Level_B"
"Low",-1.2836,0.3848,-0.3762,"Level_B"
"Medium",0.3857,0.4387,1.8125,"Level_D"
"Medium",-0.3515,0.5581,-1.7381,"Level_A"
"Low",-0.5218,-0.2764,1.6291,"Level_C"
"Low",-1.0681,1.1663,0.5281,"Level_A"
"Medium",0.4284,-2.4543,-0.3604,"Level_C"
"Medium",-0.174,-0.8056,2.2376,"Level_E"
"Medium",0.5157,-0.1191,-0.0402,"Level_C"
"Medium",-0.2344,0.1632,1.8941,"Level_B"
"High",-0.6585,0.4065,0.0248,"Level_B"
"High",1.2502,0.6393,0.5534,"Level_C"
"Medium",-0.2718,-1.5085,-0.5744,"Level_D"
"Low",0.948,0.0077,-0.9283,"Level_C"
"High",-1.2016,0.5242,-2.0004,"Level_A"
"High",-0.4661,1.3263,-0.6221,"Level_A"
"Medium",-0.2694,-0.1136,0.7271,"Level_D"
"High",-0.391,1.5991,-1.1022,"Level_B"
"Medium",1.3487,-0.2815,-1.1595,"Level_C"
"Medium",-0.0228,-0.0499,-0.4389,"Level_D"
"Low",0.2442,0.1602,0.1591,"Level_B"
"Medium",-0.9424,-0.5024,-0.4946,"Level_E"
"Medium",-0.7292,0.7159,1.2124,"Level_A"
"Medium",0.9981,-1.3458,0.2926,"Level_E"
"High",1.2585,-0.0056,-0.036,"Level_A"
"Medium",1.2489,-0.5405,-1.1026,"Level_A"
"Low",-1.3806,-0.5471,-0.9356,"Level_C"
"High",2.05,1.1514,0.4608,"Level_C"
"High",1.0169,1.0522,-0.3324,"Level_C"
"High",-0.0267,1.598,1.1062,"Level_A"
"High",0.7036,-0.2638,-1.6337,"Level_B"
"Medium",-0.9714,0.0324,0.3352,"Level_D"
"Low",-1.0962,-1.5516,-0.5247,"Level_A"
"Medium",0.0491,-0.3882,1.4634,"Level_E"
"Low",-1.1985,1.7641,0.4272,"Level_A"
"Low",0.19,-0.4165,-1.0251,"Level_C"
"Medium",1.2977,-1.1663,-1.3081,"Level_C"
"Low",-1.0339,0.0419,0.2296,"Level_B"
"Low",-0.7384,1.2465,-0.307,"Level_A"
"High",0.0466,-1.578,-0.0838,"Level_E"
"Low",-1.0176,-0.2538,-0.1657,"Level_C"
"Medium",-0.3833,0.4678,0.655,"Level_C"
"High",0.8728,1.9775,-1.0748,"Level_A"
"Low",0.9695,-0.6156,3.4709,"Level_D"
"High",0.3838,1.5194,0.2941,"Level_A"
"Medium",-1.8516,-0.4329,-0.5364,"Level_A"
"Medium",-0.054,-1.031,-0.1448,"Level_A"
"Medium",1.0648,-1.1343,0.5421,"Level_A"
"Medium",0.8132,-0.2211,0.6342,"Level_A"
"Medium",-0.1908,-0.0224,-1.7749,"Level_A"
"Low",-2.6999,-0.3229,-2.0661,"Level_D"
"High",0.061,1.0522,-0.0899,"Level_E"
"Low",0.5738,0.1895,0.8368,"Level_C"
"Medium",0.0458,-0.1058,0.1662,"Level_A"
"Medium",0.1574,-0.6026,1.0255,"Level_C"
"Medium",0.4316,-1.296,0.4032,"Level_E"
"Low",-0.3965,-1.9593,0.4116,"Level_E"
"High",1.31,0.2134,1.6802,"Level_B"
"High",0.4704,0.0253,-1.0621,"Level_B"
"High",-1.2427,1.365,-0.7912,"Level_D"
"High",1.3816,0.2911,0.3885,"Level_A"
"Medium",1.2045,0.7972,0.254,"Level_D"
"Medium",0.8241,0.041,-2.1872,"Level_B"
"Medium",-1.6626,-0.8183,0.5378,"Level_D"
"Low",-0.5693,0.2896,-1.2899,"Level_C"
"High",0.6355,0.3398,-1.2255,"Level_B"
"Medium",0.0437,-0.8174,1.7271,"Level_C"
"Medium",0.348,-0.0287,1.1604,"Level_B"
"High",2.4596,2.0008,-0.7482,"Level_D"
"Low",-0.8184,-1.1293,1.6667,"Level_A"
"Medium",-2.1132,1.4722,-0.5297,"Level_D"
"Medium",0.2737,-0.2271,1.0286,"Level_D"
"Low",-0.6876,1.4823,1.3767,"Level_D"
"Medium",0.446,-0.8431,1.331,"Level_B"
"Low",-0.8124,-0.0662,1.2547,"Level_C"
"High",2.2121,0.3112,-0.2873,"Level_D"
"Medium",-0.1237,-0.1126,-0.5467,"Level_B"
"High",-0.4773,0.6587,1.2539,"Level_D"
"Medium",-0.1663,-0.1669,-0.0717,"Level_B"
"Low",0.8626,1.2089,-0.6824,"Level_C"
"Medium",0.0973,0.1704,-1.025,"Level_C"
"Low",-1.6256,0.6924,1.3016,"Level_E"
"Medium",-0.0046,-1.1855,0.7581,"Level_E"
"Medium",0.7602,-0.6584,1.4796,"Level_A"
"Medium",0.039,1.0895,-0.6196,"Level_A"
"Medium",0.7351,0.5088,0.2597,"Level_A"
"Low",-0.1465,-0.1359,-1.0865,"Level_E"
"Low",-0.0579,-0.1088,0.0862,"Level_E"
"High",0.4824,0.7549,-0.8462,"Level_B"
"High",0.9929,-0.2238,0.3889,"Level_A"
"Medium",-1.2464,0.075,-0.0376,"Level_C"
"Low",-0.0335,-1.646,1.4456,"Level_B"
"Low",-0.071,1.774,0.3172,"Level_A"
"Low",-0.7589,0.766,-0.404,"Level_E"
"Low",-1.0344,0.8323,-1.7402,"Level_C"
"Low",-0.6307,-1.9055,-0.4528,"Level_A"
"Low",0.5868,-0.0208,-0.5861,"Level_C"
"Medium",-0.4163,-0.4089,1.1479,"Level_D"
"Medium",-0.7849,-1.3764,0.4574,"Level_E"
"High",0.1634,0.7274,-0.5878,"Level_E"
"High",-1.2367,1.2341,0.2279,"Level_D"
"High",1.0459,-0.5532,0.1341,"Level_D"
"Medium",-0.4846,-0.2292,0.3293,"Level_A"
"High",0.1891,1.7115,-0.2975,"Level_B"
"Low",0.051,-1.6498,1.185,"Level_D"
"Medium",-2e-04,0.7442,1.3095,"Level_A"
"Medium",1.8094,-0.314,-1.1705,"Level_A"
"Low",-0.8253,-0.1153,0.9961,"Level_E"
"Medium",1.1455,-0.611,-0.747,"Level_A"
"High",0.0316,1.0967,0.2219,"Level_A"
"Medium",-0.8352,-1.1272,1.0009,"Level_B"
"Low",-0.0688,0.9626,0.4941,"Level_C"
"High",0.7468,1.4065,-0.0084,"Level_B"
"Low",-0.4255,-1.6416,0.0961,"Level_A"
"Low",-0.7721,-1.1269,2.2507,"Level_C"
"High",0.1528,0.5915,1.4366,"Level_B"
"Low",0.9886,-0.9563,0.0104,"Level_E"
"Medium",-0.0735,-0.6915,-0.3208,"Level_E"
"Low",-1.387,-0.4454,1.8417,"Level_C"
"Low",-1.3067,-0.3445,0.0899,"Level_E"
"Low",-0.7684,0.7037,0.4028,"Level_A"
"Medium",-0.5271,-0.603,1.3094,"Level_A"
"Medium",-0.0214,0.0894,-0.6133,"Level_B"
"High",0.6705,0.7375,-0.4355,"Level_E"
"Low",-0.4346,-1.5404,-0.3821,"Level_A"
"Low",-1.1139,-0.6896,0.1713,"Level_D"
"Low",0.6071,0.8598,-2.4166,"Level_D"
"Medium",0.2755,-0.3765,-0.4182,"Level_A"
"Medium",1.1573,-2.5351,0.7072,"Level_A"
"Low",-1.6825,-0.8578,0.3118,"Level_B"
"High",0.0873,0.816,0.3506,"Level_A"
"Low",1.3534,-0.4266,-1.5869,"Level_E"
"Medium",0.7242,-0.4046,0.2165,"Level_B"
"Medium",-0.8326,-0.1458,-0.1147,"Level_A"
"High",0.7325,0.7195,0.0203,"Level_A"
"Medium",-0.8719,-0.4911,0.8928,"Level_A"
"Medium",-0.4534,0.476,1.4481,"Level_C"
"Medium",1.1875,0.5732,-0.252,"Level_D"
"Low",-0.2901,-1.0189,-0.5975,"Level_B"
"Low",0.8285,-0.0619,-0.2477,"Level_B"
"Low",-0.2912,-0.5383,0.7744,"Level_A"
"Low",-1.5764,0.417,-0.1186,"Level_C"
"Low",-0.8488,-1.5083,-0.4176,"Level_A"
"Low",-1.0885,1.5392,-0.0524,"Level_C"
"High",-0.4843,1.346,1.354,"Level_E"
"Low",-0.3363,-0.8429,-0.9207,"Level_E"
"Medium",-0.1534,-0.6699,-0.3108,"Level_D"
"Medium",-0.2432,-0.9085,-1.0558,"Level_E"
"Low",1.8922,-0.1365,2.2387,"Level_A"
"Low",-1.386,-0.501,-0.4731,"Level_C"
"Medium",-0.4148,0.1126,0.9061,"Level_D"
"Medium",0.3491,-1.8752,0.0379,"Level_E"
"High",1.6284,0.1585,-0.1754,"Level_D"
"Medium",0.0885,0.0156,-0.3616,"Level_C"
"Medium",1.2392,-1.6006,-0.8036,"Level_A"
"High",-1.6446,0.276,1.3416,"Level_C"
"High",1.4464,0.055,0.6259,"Level_A"
"Low",-0.6906,-0.2306,0.0311,"Level_B"
"High",-0.2764,-0.0132,-1.0949,"Level_D"
"Low",-1.1094,0.3849,-0.4864,"Level_D"
"High",0.1339,0.3467,0.9531,"Level_B"
"Medium",1.7853,-0.4316,-0.9945,"Level_D"
"High",2.4222,1.1502,-0.5719,"Level_A"
"Low",-1.0768,-0.0365,0.7832,"Level_A"
"High",0.4859,-0.1358,0.3814,"Level_B"
"High",1.3885,0.9446,-0.6001,"Level_D"
"Medium",-0.1957,0.992,1.6526,"Level_A"
"Medium",-0.2182,-0.7007,-1.1908,"Level_A"
"Medium",-0.3048,-0.9911,1.4157,"Level_E"
"Medium",0.5978,-0.7056,0.8142,"Level_A"
"Low",1.3974,-1.1758,-2.0976,"Level_B"
"Medium",0.6876,-1.7812,0.3202,"Level_E"
"High",0.3202,0.3106,0.801,"Level_C"
"Medium",-0.3019,-0.1451,-0.7917,"Level_A"
"High",0.4983,0.6425,-0.0107,"Level_D"
"Low",-0.5495,-0.0017,-1.6235,"Level_C"
"High",-0.2793,0.4092,-0.9076,"Level_A"
"Medium",1.0965,-0.4961,0.1368,"Level_A"
"Medium",0.442,-0.9601,0.2712,"Level_A"
"High",0.241,0.7781,-0.0737,"Level_A"
"Low",-0.2556,0.7611,-0.7744,"Level_D"
"Low",0.931,-1.7337,0.5938,"Level_C"
"High",1.3349,0.8773,1.3275,"Level_A"
"Medium",-0.8693,-1.7734,-0.6008,"Level_B"
"Medium",0.0555,-0.0457,0.0565,"Level_B"
"Low",0.0491,-0.3949,-0.5311,"Level_C"
"Medium",-0.5784,-0.1281,-0.0809,"Level_B"
"High",-0.9987,1.0962,0.1608,"Level_E"
"Medium",-0.0024,-1.2552,-0.1021,"Level_D"
"Medium",0.6555,-0.2655,-0.3547,"Level_E"
"High",1.4768,2.5533,-0.4712,"Level_A"
"Low",-1.9092,-1.4783,0.034,"Level_C"
"Medium",-0.7024,-0.6266,-0.2007,"Level_B"
"Low",-0.3114,-0.0411,-0.5444,"Level_D"
"Low",-1.6632,0.2,0.3774,"Level_C"
"Low",-0.7505,-0.5333,0.4037,"Level_C"
"Medium",-0.7774,-0.266,0.1702,"Level_E"
"Low",-0.7226,1.0841,-1.1011,"Level_E"
"Low",-2.1888,-0.1807,0.4025,"Level_B"
"Medium",0.2134,0.2516,0.4258,"Level_C"
"Medium",-0.6319,0.3695,-0.2831,"Level_E"
"High",1.5205,0.407,0.5536,"Level_A"
"Medium",0.796,0.4925,1.2644,"Level_C"
"Low",-1.4535,0.0546,0.3278,"Level_C"
"Medium",0.0984,-0.7087,0.7651,"Level_E"
"Low",-0.5938,-0.0583,1.2826,"Level_B"
"Low",0.8883,-0.9634,1.6589,"Level_B"
"Medium",0.0531,0.0934,-0.4807,"Level_A"
"Medium",-0.557,-0.3479,-0.4078,"Level_B"
"High",0.4384,-0.1183,-0.3289,"Level_B"
"Medium",0.1526,-1.0991,1.1011,"Level_E"
"Medium",-0.1646,-0.2831,0.5817,"Level_B"
"Low",2.0199,-1.0897,0.9578,"Level_E"
"Low",-0.5294,-0.4057,0.3014,"Level_C"
"Low",-0.4708,0.5269,-0.2885,"Level_E"
"Low",-1.5459,0.2404,-1.4562,"Level_C"
"Medium",-0.0405,0.8984,-1.7047,"Level_E"
"High",0.8904,0.488,2.0112,"Level_A"
"Low",-2.0714,0.112,0.004,"Level_A"
"High",-0.2501,0.9983,0.5582,"Level_C"
"Low",-1.1817,1.1917,0.6945,"Level_B"
"Medium",1.4419,-1.3994,1.4463,"Level_E"
"High",1.3579,0.8921,0.6335,"Level_E"
"Low",0.3345,0.778,0.0264,"Level_D"
"High",1.4293,0.9419,0.7429,"Level_A"
"Low",-0.8673,-0.9088,0.3473,"Level_C"
"Low",0.9507,2.4089,-0.6287,"Level_E"
"Low",-0.585,-2.5943,0.9585,"Level_A"
"Medium",0.321,0.0069,0.1644,"Level_A"
"Medium",-0.2994,0.1181,-0.0347,"Level_B"
"Medium",-0.2785,-0.1497,-0.9207,"Level_A"
"Medium",0.5461,0.7479,1.1481,"Level_D"
"Medium",-1.3038,0.124,-0.3899,"Level_D"
"Low",-0.2509,-0.7781,-0.0993,"Level_C"
"High",0.171,1.41,-0.028,"Level_A"
"Medium",-0.4035,-0.2939,-0.057,"Level_A"
"Medium",0.1047,0.6107,0.5557,"Level_A"
"Medium",-0.3189,-0.6665,0.9019,"Level_A"
"High",1.6183,-1.0599,0.5366,"Level_B"
"Low",0.7142,-0.6058,-1.4712,"Level_A"
"Medium",2.9659,-1.0568,-2.4094,"Level_D"
"Medium",-0.7951,0.5331,-0.365,"Level_C"
"Low",0.8144,-1.5521,-0.1813,"Level_E"
"Low",2.098,-0.9785,-0.1491,"Level_A"
"Medium",0.301,0.0272,-1.3927,"Level_D"
"Low",-1.0831,-1.7156,-0.6794,"Level_D"
"Low",-1.0063,-0.5049,-1.8191,"Level_A"
"Medium",-0.0354,-0.3049,2.639,"Level_C"
"High",1.3091,1.3461,0.5466,"Level_A"
"Medium",0.7504,-0.2575,-0.0062,"Level_B"
"Low",-2.1384,-0.5233,-1.8901,"Level_D"
"Medium",-0.7004,-0.6632,-0.2668,"Level_D"
"Medium",-0.0091,0.4472,0.8204,"Level_C"
"Medium",-1.4581,-0.3195,0.7782,"Level_B"
"Medium",0.6945,-0.5438,0.4541,"Level_B"
"Low",-2.4613,-0.2797,1.4101,"Level_A"
"High",0.1433,1.0652,-1.8111,"Level_D"
"High",-0.3912,1.5678,-1.1025,"Level_D"
"Medium",-0.4912,-0.6431,-0.0192,"Level_A"
"Medium",-0.2836,0.0205,0.1493,"Level_B"
"High",0.3148,-0.3242,-0.5324,"Level_C"
"Low",0.3963,1.8574,1.1978,"Level_B"
"Medium",-0.2256,0.5908,-2.0426,"Level_B"
"Low",-1.925,-1.7806,-1.0143,"Level_D"
"Medium",-1.4392,-0.4341,1.6039,"Level_A"
"Low",-1.4697,-2.2927,0.8924,"Level_A"
"Medium",0.7619,-0.093,-1.5177,"Level_A"
"Medium",-0.2436,0.704,0.8235,"Level_C"
"Low",0.2697,-0.8945,0.3656,"Level_B"
"Low",-1.5589,-1.2825,-1.3309,"Level_A"
"High",-0.5356,1.2558,0.3596,"Level_D"
"High",0.5625,-0.9646,0.893,"Level_C"
"Low",-0.1783,0.9078,-0.9951,"Level_A"
"Medium",-0.1151,0.2141,0.5197,"Level_D"
"High",-0.0721,0.881,-1.2357,"Level_D"
"Medium",1.2109,1.0025,0.5297,"Level_B"
"High",-0.6149,1.1399,-0.983,"Level_D"
"High",0.6761,1.236,-0.3757,"Level_D"
"High",0.8986,0.2954,-1.0417,"Level_A"
"Low",-1.1893,0.1718,0.6977,"Level_C"
"Medium",0.1213,-0.9554,-0.1444,"Level_D"
"Medium",-0.0112,-1.2104,0.4985,"Level_D"
"High",1.0291,-0.6014,0.6173,"Level_A"
"Medium",0.9148,-0.1358,-0.0045,"Level_E"
"Medium",-0.0025,-0.9873,-0.0913,"Level_C"
"High",0.136,0.8319,0.4,"Level_C"
"Medium",-0.7202,-0.7951,0.5889,"Level_B"
"Medium",-0.1981,0.3405,-0.0169,"Level_C"
"Low",-1.0292,0.8704,0.4187,"Level_C"
"Medium",-0.967,-1.1822,0.8007,"Level_D"
"High",-1.2208,1.0229,0.6799,"Level_A"
"Low",0.8362,-2.1084,1.3097,"Level_C"
"Medium",1.115,0.2298,-1.8912,"Level_C"
"High",-0.4129,1.5117,0.3449,"Level_C"
"Low",-1.129,0.5554,0.1548,"Level_A"
"Medium",-0.0879,0.9149,-0.7664,"Level_B"
"High",2.2419,-0.5534,-0.7529,"Level_C"
"High",2.0413,0.2984,0.5243,"Level_E"
"High",-1.7198,1.1064,-0.3554,"Level_C"
"Low",-0.3569,-1.3291,-0.2603,"Level_C"
"Medium",1.5333,1.0017,0.5072,"Level_E"
"Medium",-0.0382,-1.4093,1.1432,"Level_E"
"High",1.5974,-0.4988,2.0668,"Level_B"
"High",-0.3336,2.6228,0.7699,"Level_A"
"High",0.605,0.5107,2.002,"Level_B"
"Low",0.2242,-0.0908,1.2716,"Level_A"
"High",3.2291,0.9788,0.3335,"Level_D"
"High",0.9205,-0.2438,0.2541,"Level_D"
"Medium",-1.2065,0.6218,1.9309,"Level_C"
"Low",-0.6039,-0.3446,-1.0129,"Level_C"
"Low",0.3702,-2.3552,0.0644,"Level_A"
"Low",-1.901,0.4724,0.1924,"Level_D"
"Low",-1.8044,-0.5115,-2.34,"Level_E"
"Low",-1.1218,-0.5736,-0.3518,"Level_C"
"High",-0.3479,0.0038,0.3466,"Level_C"
"High",1.2389,1.3426,-2.8289,"Level_A"
"Low",-0.2742,0.2955,0.3679,"Level_A"
"High",0.1624,0.8418,-0.2855,"Level_B"
"High",-0.0646,0.6291,0.4427,"Level_C"
"Low",-0.7052,0.1016,0.7177,"Level_C"
"Medium",1.3622,0.6711,1.4239,"Level_E"
"Low",-1.0965,-0.1383,-1.6854,"Level_E"
"Medium",-0.2284,-1.2493,0.0417,"Level_B"
"Low",-0.3478,0.3476,-0.6329,"Level_E"
"Medium",0.5321,-2.2778,0.0301,"Level_E"
"Medium",1.6072,-0.9862,-0.1291,"Level_C"
"Medium",0.5138,-0.0595,-1.1759,"Level_D"
"High",1.3824,-0.1608,-1.8068,"Level_E"
"Medium",0.7631,-0.4204,2.1203,"Level_D"
"Medium",-0.6246,0.9886,-1.3244,"Level_E"
"Low",0.0815,-1.0696,0.275,"Level_C"
"Medium",1.3761,-2.6136,-1.1089,"Level_A"
"Low",-1.5613,0.7805,1.5077,"Level_A"
"High",0.3248,0.0451,-1.7673,"Level_B"
"High",-0.1568,-0.1085,-0.8886,"Level_D"
"Low",0.8778,-0.3912,-1.2191,"Level_A"
"Medium",0.7502,-1.687,0.0503,"Level_C"
"Medium",0.3011,-0.9527,-0.4908,"Level_D"
"High",1.4928,0.5074,2.3851,"Level_C"
"Low",-1.5255,0.0188,-0.0044,"Level_C"
"Medium",0.9107,-1.4189,1.3317,"Level_E"
"High",-1.5795,0.5982,0.8208,"Level_C"
"High",0.5877,0.7864,0.6857,"Level_E"
"Medium",0.0896,-0.1346,0.5159,"Level_B"
"Medium",0.9673,-0.0164,0.2738,"Level_E"
"High",0.0788,1.4091,-0.7133,"Level_C"
"Medium",-1.5687,0.3948,-0.343,"Level_B"
"Low",-2.0078,1.2199,0.469,"Level_A"
"Medium",0.541,-0.0451,-2.4758,"Level_D"
"High",-0.0734,1.4795,-1.8554,"Level_E"
"Low",-0.571,-0.0757,-0.4205,"Level_A"
"High",-0.3111,0.9177,-1.866,"Level_A"
"Low",-0.6714,-0.3448,0.1135,"Level_D"
"Medium",-0.1573,-1.077,0.47,"Level_E"
"Medium",-0.9313,1.0016,0.8846,"Level_E"
"High",-1.983,2.296,1.1136,"Level_B"
"Low",-0.2196,-0.3259,0.5669,"Level_C"
"High",1.0453,1.4689,0.546,"Level_D"
"High",1.8773,-0.2369,0.2398,"Level_E"
"Medium",0.0026,0.9235,0.0341,"Level_A"
"Medium",-0.0807,-0.9892,-0.8081,"Level_C"
"High",0.963,0.2756,2.2276,"Level_A"
"Low",0.0536,-0.7637,-0.7925,"Level_D"
"Medium",-0.4349,-1.3521,1.6973,"Level_A"
"Low",-1.7373,0.655,0.9389,"Level_E"
"High",-1.2637,1.6096,2.0353,"Level_A"
"Medium",0.4063,-0.7885,0.7316,"Level_D"
"Low",-1.4597,-0.8839,-0.4198,"Level_A"
"Low",1.0485,-1.0725,-0.3097,"Level_A"
"Low",-1.3464,-0.4581,-1.3607,"Level_D"
"Medium",-0.1936,0.6656,1.0377,"Level_C"
"High",-0.0023,0.7122,0.0462,"Level_D"
"Medium",-0.0128,0.443,-0.0578,"Level_A"
"High",0.1519,0.7596,0.0767,"Level_A"
"Medium",0.5985,-0.4689,-0.6336,"Level_D"
"Low",-0.1262,-0.1727,-0.4234,"Level_E"
"High",-0.2485,0.682,0.7767,"Level_C"
"Low",0.1603,-0.2816,1.3109,"Level_A"
"Low",-0.4336,-0.9616,0.0583,"Level_D"
"Medium",1.5374,-1.3777,0.2454,"Level_C"
"Low",-2.1702,2.6976,0.2323,"Level_E"
"High",1.027,-1.6997,0.1888,"Level_C"
"Medium",-0.2485,0.0293,-0.2418,"Level_A"
"High",0.4223,1.9343,0.5721,"Level_A"
"High",0.9877,0.8375,0.7058,"Level_A"
"Medium",0.8356,-0.1853,0.2049,"Level_E"
"Low",-0.6605,0.5333,0.5521,"Level_C"
"High",1.5641,1.785,-0.5689,"Level_E"
"Low",-1.623,0.1896,0.1927,"Level_B"
"Medium",0.8639,-0.5691,0.6213,"Level_A"
"Low",-0.5116,1.4519,-0.1072,"Level_D"
"Low",-1.9174,1.869,-0.1241,"Level_C"
"Low",-1.8658,-0.9846,-0.465,"Level_D"
"High",0.2452,0.7188,0.5734,"Level_A"
"High",2.2235,0.1293,0.2549,"Level_E"
"High",0.2734,0.7016,2.6721,"Level_B"
"High",1.1308,0.5267,-0.1345,"Level_C"
"High",0.8387,-0.0205,0.1116,"Level_D"
"Medium",-0.6546,0.4383,-1.01,"Level_E"
"High",0.954,-1.2105,0.8879,"Level_C"
"Low",0.353,-1.4044,-0.3072,"Level_A"
"High",0.2066,0.7207,0.1332,"Level_A"
"Medium",1.0011,0.086,0.9453,"Level_D"
"High",0.7475,-0.1316,1.5257,"Level_A"
"Low",-0.6266,-1.6761,-0.2475,"Level_B"
"Medium",0.3952,-0.5695,-0.3566,"Level_E"
"Low",-0.8922,0.1922,0.208,"Level_E"
"Medium",0.6308,-0.4863,1.2093,"Level_A"
"Low",-0.4327,0.0813,0.1166,"Level_A"
"Medium",0.4521,0.3849,0.1921,"Level_A"
"Medium",0.368,-0.1375,0.7866,"Level_C"
"Low",-0.2704,0.4276,0.7398,"Level_D"
"Medium",0.4655,-0.2431,1.0867,"Level_A"
"Medium",0.5744,-0.3184,-1.9528,"Level_E"
"Low",-0.2307,-0.2541,-1.1824,"Level_C"
"Medium",1.1722,0.6389,-1.1807,"Level_C"
"High",1.3927,0.8211,0.377,"Level_C"
"High",-0.662,2.3355,-1.3568,"Level_A"
"Low",-0.7774,-0.9833,-0.2286,"Level_B"
"Medium",0.5135,-0.7075,0.4233,"Level_E"
"High",-0.9133,0.6441,1.9409,"Level_B"
"High",-0.4494,1.6377,-0.241,"Level_A"
"High",0.8029,1.2266,-0.021,"Level_C"
"Medium",-0.5735,-0.4677,0.2356,"Level_E"
"Low",-1.9281,-0.6782,-0.5953,"Level_E"
"High",0.6644,1.6964,-3.1996,"Level_A"
"Low",-1.6025,1.5428,1.5113,"Level_C"
"Medium",-1.3546,0.2145,-0.3436,"Level_D"
"Low",-3.0179,1.7007,-0.7169,"Level_E"
"High",0.8312,-0.008,0.2879,"Level_A"
"Medium",0.2511,-0.8179,-0.6175,"Level_B"
"Medium",0.4623,-0.0506,0.9202,"Level_D"
"Medium",0.8448,0.0799,-0.4541,"Level_B"
"Low",-0.042,-1.5596,0.8558,"Level_C"
"Low",-1.1056,-0.1715,-0.2335,"Level_B"
"High",0.5638,-0.4186,-0.9784,"Level_A"
"High",1.3034,0.4913,0.7372,"Level_C"
"Low",-1.5002,-0.5312,2.4416,"Level_C"
"Medium",-0.607,0.4822,-0.9925,"Level_A"
"High",-0.2922,0.5363,-0.4407,"Level_D"
"Medium",-1.2897,-0.2793,-1.1694,"Level_B"
"High",0.6941,-0.0435,1.592,"Level_B"
"High",-0.5992,2.3815,0.1273,"Level_A"
"High",1.2569,1.548,-2.3271,"Level_A"
"High",0.0535,1.5548,-2.1968,"Level_A"
"High",0.7281,0.0581,0.9392,"Level_E"
"Medium",1.5611,-0.8398,0.2992,"Level_C"
"High",0.2656,0.5711,-1.9899,"Level_B"
"Low",1.0767,0.066,-1.2041,"Level_B"
"High",0.2107,3.5847,0.3983,"Level_A"
"Medium",-1.5117,-1.9319,0.0448,"Level_B"
"Medium",0.0224,-0.2028,-1.8662,"Level_A"
"High",0.7181,1.4837,0.7525,"Level_A"
"Medium",0.4895,-2.0985,-0.4257,"Level_B"
"High",-0.1739,-0.2596,1.2442,"Level_D"
"Low",-1.2177,0.3341,0.4503,"Level_D"
"High",0.6464,-0.2196,1.1828,"Level_A"
"Medium",-0.9165,-0.9318,-1.964,"Level_A"
"Low",-1.2518,-0.1222,0.7466,"Level_E"
"High",0.5949,1.3385,1.0513,"Level_A"
"Low",-1.2328,-1.3483,0.5242,"Level_A"
"High",0.2444,1.4148,-1.1156,"Level_B"
"Medium",0.0028,0.914,-0.0478,"Level_E"
"Low",-1.3282,-1.2367,-1.917,"Level_D"
"Medium",1.1797,-1.5008,-0.5717,"Level_C"
"Medium",-0.5928,0.0345,-0.7482,"Level_E"
"High",1.2,0.2863,0.3452,"Level_B"
"Medium",-0.475,1.1862,2.164,"Level_A"
"Medium",-0.5751,-0.0375,0.3366,"Level_A"
"Low",-0.0312,0.4204,-0.4179,"Level_E"
"High",-0.3581,1.2892,0.9237,"Level_D"
"High",-0.3566,1.1707,0.7668,"Level_A"
"Low",-0.8777,0.8261,0.2487,"Level_B"
"Low",-1.2129,0.3239,-0.6572,"Level_A"
"Medium",0.6133,0.381,0.5831,"Level_E"
"Low",-0.8062,1.2026,0.6907,"Level_A"
"High",-1.3765,1.1022,0.2919,"Level_C"
"Low",-0.5078,-0.0615,1.9231,"Level_D"
"Low",-0.8009,0.3646,2.3061,"Level_A"
"Low",-2.1928,1.6926,-0.9892,"Level_A"
"High",-0.2909,1.4714,0.4014,"Level_A"
"Low",0.1672,-0.9772,-1.2324,"Level_E"
"High",0.2947,1.4482,-0.5447,"Level_D"
"High",0.3927,-0.0859,-0.4345,"Level_C"
"Low",-1.0008,-1.5738,-0.1408,"Level_D"
"High",-0.3257,1.2925,1.7581,"Level_B"
"Medium",-1.0083,0.0845,-0.8301,"Level_C"
"High",-0.6354,0.967,0.5144,"Level_D"
"High",-1.2098,1.9391,0.7871,"Level_D"
"High",-1.1165,1.0799,0.242,"Level_A"
"Medium",0.6299,-0.3536,0.5599,"Level_C"
"High",-0.2725,-0.1349,-0.6504,"Level_A"
"Low",-0.2588,-0.9871,-0.4584,"Level_C"
"High",1.7296,-0.8217,-0.6805,"Level_C"
"Medium",-0.0584,0.4895,-2.1924,"Level_E"
"Medium",-0.5371,-0.2993,0.626,"Level_A"
"High",0.7473,0.6583,-0.4155,"Level_D"
"High",-0.4873,0.8324,-0.1763,"Level_A"
"High",1.3729,0.3635,0.6653,"Level_E"
"Medium",-0.3777,-0.3986,0.0499,"Level_D"
"Medium",-0.6162,-1.4979,-0.1115,"Level_E"
"Medium",-1.1681,0.1146,-0.5292,"Level_C"
"Medium",0.3286,-1.0378,1.6159,"Level_A"
"High",1.4665,0.646,0.1395,"Level_E"
"Low",-0.356,0.7728,0.1196,"Level_C"
"High",0.2615,0.316,0.9799,"Level_B"
"Medium",0.3333,-1.0381,0.3794,"Level_D"
"Medium",1.4222,-0.7551,-0.8802,"Level_A"
"Medium",0.6639,-0.4915,-0.4065,"Level_E"
"Low",-1.0737,0.1472,-0.7771,"Level_B"
"High",-0.6969,2.3565,-1.6835,"Level_C"
"Medium",-0.7461,-0.9207,-0.167,"Level_E"
"Medium",0.1416,-2.1568,0.5939,"Level_D"
"Medium",-0.0039,-0.1204,-0.5182,"Level_D"
"Low",0.3679,-0.8392,0.4412,"Level_D"
"Low",-0.6573,-2.1724,0.7556,"Level_A"
"Low",-0.3763,-0.8743,-0.113,"Level_D"
"High",0.7414,-0.3736,-0.4746,"Level_B"
"Medium",-0.0996,-1.1022,-0.7021,"Level_C"
"Low",-0.6543,0.7157,-0.2794,"Level_E"
"High",0.9712,0.9076,1.5642,"Level_E"
"High",0.0135,-0.3248,0.0911,"Level_C"
"Low",-0.9165,-1.4816,-0.4622,"Level_A"
"High",1.7097,0.5942,-0.4504,"Level_D"
"Low",-1.1681,-0.8549,0.0731,"Level_C"
"Low",-1.781,-0.8299,0.1314,"Level_E"
"Low",-2.2531,0.1491,1.3456,"Level_B"
"Medium",0.6511,-0.9761,-0.4234,"Level_E"
"Medium",-0.5328,-0.2947,0.9769,"Level_B"
"Medium",-0.2756,-0.771,-0.631,"Level_C"
"Medium",0.2896,0.3923,0.2198,"Level_A"
"Medium",-0.4665,-0.8463,-0.3457,"Level_E"
"Low",-1.6081,-0.8438,1.0059,"Level_C"
"Low",-1.9498,-0.9619,1.3973,"Level_C"
"Medium",-0.3407,0.011,1.5354,"Level_A"
"Medium",0.1747,1.2149,0.6845,"Level_A"
"Low",-2.2778,-0.8889,-0.5054,"Level_B"
"High",0.2905,0.2181,-0.1242,"Level_C"
"High",0.4223,-0.6561,0.3013,"Level_A"
"Medium",1.2947,-1.0885,-2.0874,"Level_B"
"High",0.1647,1.0911,1.4204,"Level_A"
"Medium",0.205,-0.5692,-1.069,"Level_B"
"High",0.6046,1.6208,-0.4594,"Level_D"
"Medium",-0.0191,-0.687,1.3317,"Level_E"
"Medium",-0.0797,0.657,0.4098,"Level_A"
"Medium",0.116,1.1107,0.4723,"Level_E"
"High",0.7442,2.1407,-0.7497,"Level_D"
"Medium",-0.4313,-0.831,-1.6017,"Level_D"
"Medium",-0.4995,0.0764,-0.7914,"Level_C"
"High",-0.8652,0.9358,0.502,"Level_D"
"Medium",-0.9578,-0.5017,0.7172,"Level_C"
"Low",0.3268,0.5949,0.0434,"Level_C"
"Low",1.5474,-0.4307,-0.3941,"Level_A"
"Medium",-0.9689,-1.1333,0.38,"Level_D"
"Low",-0.1884,-2.2372,-0.6224,"Level_A"
"High",-1.03,0.5146,0.5114,"Level_E"
"Medium",0.9081,-0.3419,-1.1014,"Level_E"
"High",-0.3174,1.7179,1.8614,"Level_A"
"Low",0.179,-1.1164,-2.705,"Level_E"
"Medium",0.348,-0.4885,1.4179,"Level_E"
"Low",-1.0543,0.8073,-0.6553,"Level_E"
"Medium",-0.1047,-0.261,1.2523,"Level_C"
"Medium",-0.2283,0.4881,-1.4603,"Level_D"
"High",0.6754,1.3528,-0.3307,"Level_C"
"Low",-1.2332,2.1768,0.2108,"Level_D"
"Low",-1.2,0.0514,-1.0095,"Level_B"
"Medium",0.7659,-0.8381,-0.5348,"Level_D"
"Low",-0.5881,-1.0846,0.4951,"Level_A"
"Medium",-0.6603,-0.5465,0.5485,"Level_C"
"Medium",0.113,-0.4265,-1.2277,"Level_B"
"Medium",-0.3204,-1.211,-1.0066,"Level_B"
"High",1.8664,0.5978,0.2072,"Level_D"
"High",0.2595,1.4239,1.4174,"Level_B"
"Medium",0.1616,-0.4433,0.7471,"Level_D"
"Medium",0.9311,-1.0403,-1.5194,"Level_B"
"Low",-0.0599,-1.2739,-0.7201,"Level_C"
"High",0.0487,0.7702,-1.8382,"Level_E"
"Low",-1.0729,0.0315,0.7844,"Level_B"
"Low",-2.293,-1.9049,-0.8711,"Level_C"
"Medium",-1.2072,-0.1238,-0.0109,"Level_B"
"Medium",0.1141,3e-04,0.6091,"Level_D"
"Medium",-1.0333,-0.8438,-0.1331,"Level_C"
"Medium",0.6888,-1.2213,-0.8495,"Level_D"
"Medium",0.7251,-0.453,0.1151,"Level_C"
"Medium",0.2174,-0.7023,-1.3313,"Level_A"
"Medium",-0.2017,-0.6744,2.3745,"Level_B"
"Medium",-1.3657,-2.303,-2.4958,"Level_A"
"Medium",-0.3089,-0.1493,2.2037,"Level_B"
"Low",-0.4529,0.9487,0.5714,"Level_C"
"High",0.6632,1.1564,-0.5837,"Level_A"
"High",1.3086,2.0744,0.2749,"Level_D"
"High",0.501,0.2653,-0.0483,"Level_D"
"Low",-1.1283,-1.052,2.2525,"Level_E"
"Medium",1.671,0.5023,2.208,"Level_A"
"High",1.0104,1.0998,0.7668,"Level_B"
"High",0.2235,1.8865,-0.2842,"Level_B"
"Low",-2.2065,0.8113,0.1516,"Level_A"
"High",-0.9546,1.4182,-0.7811,"Level_D"
"Low",-0.0686,0.4392,-0.9574,"Level_B"
"Medium",0.7613,-1.2775,-0.3043,"Level_C"
"Low",-1.1799,-0.8614,1.5309,"Level_A"
"High",3.2112,1.887,-0.4783,"Level_D"
"Medium",-2.5538,0.7041,0.276,"Level_B"
"Low",-0.2359,-0.6677,1.2928,"Level_C"
"Medium",-0.2596,-0.7057,0.424,"Level_A"
"Low",-0.6634,-0.9207,0.5278,"Level_B"
"Low",-0.319,0.1485,-0.6538,"Level_A"
"Medium",0.7424,-0.25,0.1217,"Level_B"
"Medium",-0.8743,-0.9418,-0.9869,"Level_D"
"Low",-2.0828,1.2142,-0.7556,"Level_A"
"Medium",0.0938,0.0186,-1.161,"Level_A"
"Low",-0.0018,0.7578,-0.4428,"Level_E"
"Medium",-0.0131,-0.3801,0.3349,"Level_E"
"Medium",0.668,0.1749,-0.1007,"Level_E"
"Low",-0.0132,1.0335,-0.9755,"Level_A"
"Medium",0.776,0.6757,-0.9732,"Level_B"
"Low",-2.0107,0.9413,-1.3408,"Level_B"
"Medium",-1.1282,-1.8266,0.4141,"Level_E"
"High",0.3488,0.1772,0.2742,"Level_B"
"Medium",-0.3529,-0.1918,-1.414,"Level_B"
"Medium",0.9448,-0.6502,-1.6819,"Level_C"
"Low",-1.0047,-0.5607,-0.0701,"Level_A"
"High",0.7239,1.6758,-0.4603,"Level_B"
"Medium",-0.6688,0.4305,-1.2071,"Level_A"
"Medium",-1.113,-0.1446,1.0404,"Level_C"
"High",-0.3428,0.939,-0.0662,"Level_D"
"Medium",0.0498,-0.5455,-0.0199,"Level_A"
"Low",-1.2277,0.1389,0.6156,"Level_E"
"Low",-0.764,1.4469,0.4204,"Level_A"
"Low",-1.2462,-0.3326,-0.328,"Level_B"
"Low",1.0168,-0.7992,-1.1345,"Level_A"
"Medium",0.7236,-0.5483,1.1823,"Level_A"
"Low",-1.0325,-1.0508,-1.7108,"Level_B"
"High",0.5573,0.2527,1.3794,"Level_C"
"High",-0.2556,0.3279,-0.541,"Level_D"
"Medium",-1.1134,0.8557,2.0755,"Level_D"
"High",0.4212,1.8018,-0.2048,"Level_A"
"High",-0.323,1.4052,-0.5514,"Level_B"
"Medium",0.8802,-1.2508,0.0412,"Level_D"
"High",-0.1949,1.9991,1.317,"Level_C"
"Medium",1.1881,0.1393,-1.8097,"Level_A"
"Medium",-0.5098,-0.3867,-0.308,"Level_E"
"High",0.2195,1.8556,0.2946,"Level_B"
"Medium",0.3703,0.4289,0.1478,"Level_B"
"High",0.2791,1.7308,0.116,"Level_A"
"Medium",0.2019,-0.0435,-0.3233,"Level_D"
"Medium",-0.013,-0.7311,-1.1404,"Level_D"
"Low",-0.0909,-1.966,2.8613,"Level_A"
"High",1.365,1.1269,-1.4514,"Level_B"
"Medium",0.9081,-0.8881,0.9837,"Level_D"
"Low",-0.6099,0.8714,-1.1078,"Level_A"
"Low",1.3964,0.1199,-1.9989,"Level_A"
"Low",0.1448,0.4724,0.1507,"Level_E"
"High",-0.6406,1.2666,2.109,"Level_C"
"Medium",0.1698,-0.4853,0.6292,"Level_D"
"Medium",-0.1572,-0.4615,-1.6376,"Level_A"
"High",0.1009,-0.2318,-0.6585,"Level_B"
"Low",-0.9734,1.0604,-0.7503,"Level_B"
"Low",-0.8198,-0.4748,-1.1451,"Level_B"
"High",1.3629,-0.1755,1.0276,"Level_B"
"High",0.9614,0.7963,2.478,"Level_B"
"High",-0.8837,0.7787,-1.4533,"Level_C"
"Low",-0.9001,0.7968,0.8223,"Level_B"
"High",1.7233,0.0491,-1.0664,"Level_A"
"High",1.909,0.7626,1.0943,"Level_E"
"Medium",-0.7771,0.286,0.2206,"Level_D"
"Low",-1.3023,-0.6328,-0.2832,"Level_C"
"High",2.6235,1.8044,0.7101,"Level_A"
"Low",0.2296,-1.863,2.2105,"Level_E"
"High",0.1867,0.8455,1.4121,"Level_A"
"Low",0.0761,0.3417,-0.1966,"Level_A"
"Medium",1.4049,0.0228,0.7554,"Level_A"
"Medium",-0.1917,-0.6114,-1.0941,"Level_C"
"Medium",1.4594,-0.2605,0.4302,"Level_B"
"High",-0.2207,1.8057,0.9605,"Level_C"
"Medium",0.5051,-0.097,0.4591,"Level_D"
"Medium",-1.0335,-0.3845,-0.5965,"Level_A"
"Low",0.1705,-0.8784,-0.0451,"Level_A"
"Medium",1.2007,-0.4956,-0.5815,"Level_D"
"Medium",-0.1634,-0.0843,0.4429,"Level_A"
"Medium",1.2825,-1.3577,-0.3102,"Level_B"
"High",2.7272,1.1427,-0.2228,"Level_B"
"Medium",0.9419,0.0978,-0.6326,"Level_A"
"Medium",-0.2486,1.465,1.0672,"Level_D"
"High",0.0965,0.9904,0.3374,"Level_D"
"High",-0.4339,1.4144,-0.9536,"Level_A"
"High",2.1787,-1.3359,0.2512,"Level_B"
"Medium",-2.9588,0.5796,-0.5481,"Level_B"
"Low",0.0809,-0.3618,0.1032,"Level_D"
"Medium",0.1101,-0.0469,1.866,"Level_D"
"Medium",0.2134,-0.5995,-1.041,"Level_A"
"Medium",-1.5578,0.2151,0.22,"Level_D"
"Medium",0.2162,0.0936,-1.4238,"Level_A"
"Low",0.1877,-2.1198,0.616,"Level_A"
"Medium",1.2586,0.8524,-1.4416,"Level_A"
"Medium",0.5235,0.1544,-1.7018,"Level_A"
"Medium",1.1155,-0.9719,0.5572,"Level_B"
"Low",-0.9575,-1.1014,-0.7505,"Level_A"
"Medium",-0.1244,-0.6902,-1.9709,"Level_E"
"Low",0.1917,-1.5836,-1.3245,"Level_E"
"Low",0.2722,0.1378,1.0755,"Level_C"
"High",-0.6938,1.5023,0.1758,"Level_C"
"High",1.4792,0.1929,0.2079,"Level_E"
"Low",-0.6118,0.5272,0.8932,"Level_C"
"Low",-1.6143,-1.4832,0.1986,"Level_A"
"Medium",0.4025,-1.5392,-3.1813,"Level_C"
"Medium",0.6646,-0.8964,0.0197,"Level_C"
"High",0.9441,0.7211,-1.3942,"Level_D"
"Low",-0.9463,-0.8845,-0.9332,"Level_D"
"Medium",-0.2483,0.5586,-1.629,"Level_D"
"Low",-1.3284,-0.2187,0.3691,"Level_C"
"High",0.8448,0.3836,2.2857,"Level_E"
"Medium",0.3477,-1.0391,0.4865,"Level_D"
"High",0.9138,-0.949,1.9322,"Level_B"
"High",0.6083,-0.1042,-0.2321,"Level_B"
"Low",-0.6075,-0.2087,-0.5374,"Level_E"
"Low",0.1797,-1.7887,0.7861,"Level_E"
"Low",-1.9084,0.5371,-1.2524,"Level_E"
"Low",0.5029,-1.9497,-1.3242,"Level_B"
"Medium",0.9689,-0.4152,-2.9682,"Level_E"
"Medium",-0.8757,0.0551,-2.2257,"Level_A"
"Low",-2.136,-0.702,-0.4417,"Level_A"
"Medium",-1.5228,-1.4038,0.1246,"Level_C"
"Low",-1.1131,-0.3988,-0.35,"Level_E"
"High",1.241,-0.1104,-1.9035,"Level_C"
"Medium",0.0035,-0.9241,-1.154,"Level_D"
"Medium",-1.2378,-1.3572,-0.7892,"Level_B"
"Low",0.5557,-1.1946,0.8994,"Level_B"
"Low",-2.1831,-0.5285,0.316,"Level_A"
"Low",-0.247,-0.4526,-0.827,"Level_A"
"High",1.1129,1.4195,-1.6146,"Level_A"
"Low",-0.3417,-1.2857,-0.1664,"Level_B"
"Medium",1.3054,0.3811,-1.7764,"Level_B"
"Medium",1.7953,-0.4175,-0.6669,"Level_E"
"Low",-1.1678,0.0929,-0.308,"Level_B"
"Low",-1.1523,-0.6636,1.2225,"Level_D"
"Low",-0.9145,0.8028,0.8959,"Level_D"
"Medium",0.5287,-1.7031,0.2039,"Level_C"
"High",0.8351,0.1539,-0.216,"Level_E"
"High",1.2091,0.0261,-0.488,"Level_B"
"Medium",1.2995,1.0559,0.6021,"Level_A"
"High",1.0757,-0.2245,-1.3941,"Level_B"
"High",0.9398,0.4966,-0.3542,"Level_D"
"Low",0.1634,0.3996,1.231,"Level_D"
"Low",-0.8881,-0.6469,-0.8134,"Level_D"
"Low",-0.7262,-0.0838,-1.5267,"Level_A"
"High",0.4076,-0.1336,9e-04,"Level_A"
"High",1.6835,1.1196,0.2952,"Level_B"
"High",1.706,0.2392,1.7065,"Level_C"
"High",-1.9262,0.2906,-0.9075,"Level_D"
"High",-0.834,2.3436,-0.5266,"Level_D"
"High",1.4191,0.4163,1.24,"Level_D"
"Low",-1.0641,0.3625,-0.2679,"Level_E"
"Medium",-1.6136,0.5317,0.3042,"Level_B"
"High",0.5998,1.548,0.4703,"Level_D"
"High",1.733,0.9615,1.2862,"Level_D"
"High",1.9345,0.3384,0.917,"Level_B"
"Low",0.5328,-0.611,-0.041,"Level_B"
"Low",0.7197,0.3571,-1.2892,"Level_A"
"Medium",0.5601,0.1415,-0.0793,"Level_D"
"Medium",-0.0181,-1.8363,0.7399,"Level_C"
"Low",-3.3717,-1.541,1.2768,"Level_B"
"Medium",0.7607,-1.7944,0.6651,"Level_D"
"High",-0.3912,1.4145,-1.5227,"Level_A"
"Low",1.0099,0.6183,0.1262,"Level_D"
"Medium",-0.627,-2.3505,-1.1314,"Level_B"
"Low",-1.6346,0.467,-0.4774,"Level_B"
"High",1.2452,0.0638,-1.0985,"Level_D"
"Medium",0.1814,-0.2563,1.7074,"Level_C"
"High",3.4953,-0.7445,-0.1841,"Level_E"
"Medium",0.9156,-1.269,1.8614,"Level_B"
"High",1.0485,0.8626,-1.742,"Level_A"
"Medium",0.7638,-0.5769,-0.7835,"Level_D"
"Low",-0.6034,-0.1323,0.7953,"Level_E"
"High",-0.3704,0.5868,-0.5323,"Level_A"
"High",1.0598,0.535,1.9858,"Level_D"
"Medium",1.0551,-0.3934,-0.6518,"Level_D"
"Medium",0.583,-0.5406,-2.157,"Level_E"
"Medium",-0.9866,0.2595,-0.092,"Level_A"
"Medium",1.6846,-1.1783,-0.3974,"Level_B"
"Low",-1.3668,0.3061,-0.1383,"Level_C"
"High",-0.4332,0.1735,-0.8258,"Level_B"
